fy,ccn,paf,scope_flag
2013,010001,1.0,
2013,010005,1.0,
2013,010006,1.0,
2013,010007,0.9929,
2013,010008,1.0,
2013,010009,1.0,
2013,010010,0.9994,
2013,010011,0.9952,
2013,010012,0.9972,
2013,010015,1.0,
2013,010016,0.9978,
2013,010018,1.0,no_measure_data
2013,010019,0.9982,
2013,010021,1.0,
2013,010022,0.9969,
2013,010023,0.9925,
2013,010024,0.9981,
2013,010025,0.9971,
2013,010027,1.0,
2013,010029,0.9936,
2013,010032,0.9927,
2013,010033,0.9983,
2013,010034,0.9996,
2013,010035,0.9997,
2013,010036,0.9941,
2013,010038,0.9993,
2013,010039,1.0,
2013,010040,0.9943,
2013,010043,0.9993,
2013,010044,0.9915,
2013,010045,1.0,
2013,010046,0.9931,
2013,010047,0.99,
2013,010049,0.9967,
2013,010050,0.9955,
2013,010051,0.99,
2013,010052,0.9981,
2013,010054,0.9947,
2013,010055,0.9996,
2013,010056,0.9969,
2013,010058,1.0,
2013,010059,0.99,
2013,010061,0.9934,
2013,010062,1.0,
2013,010065,0.9987,
2013,010066,0.9929,
2013,010069,1.0,
2013,010073,0.9974,
2013,010078,0.998,
2013,010079,0.9996,
2013,010083,0.9978,
2013,010085,0.9969,
2013,010086,0.9947,
2013,010087,1.0,
2013,010089,1.0,
2013,010090,0.9999,
2013,010091,1.0,
2013,010092,0.997,
2013,010095,1.0,
2013,010097,0.9966,
2013,010099,0.9971,
2013,010100,1.0,
2013,010101,1.0,
2013,010102,1.0,
2013,010103,1.0,
2013,010104,0.9995,
2013,010108,0.99,
2013,010109,0.9989,
2013,010110,0.9977,
2013,010112,0.9972,
2013,010113,0.9942,
2013,010114,0.9962,
2013,010118,0.99,
2013,010120,0.9952,
2013,010125,1.0,
2013,010126,0.99,
2013,010128,0.9976,
2013,010129,1.0,
2013,010130,0.99,
2013,010131,0.9998,
2013,010137,1.0,
2013,010138,1.0,
2013,010139,1.0,
2013,010144,0.9936,
2013,010145,0.9982,
2013,010146,0.996,
2013,010148,0.9941,
2013,010149,0.9964,
2013,010150,1.0,
2013,010152,0.9974,
2013,010157,1.0,
2013,010158,0.99,
2013,010164,0.9942,
2013,010168,1.0,
2013,010169,0.9905,
2013,010170,1.0,
2013,020001,1.0,
2013,020006,0.999,
2013,020008,1.0,
2013,020012,1.0,
2013,020017,1.0,
2013,020018,0.9967,
2013,020024,0.9993,
2013,020026,0.9977,
2013,020027,1.0,
2013,030001,0.9996,
2013,030002,1.0,
2013,030006,0.9973,
2013,030007,1.0,
2013,030010,0.9985,
2013,030011,1.0,
2013,030012,0.9997,
2013,030013,0.9955,
2013,030014,0.9997,
2013,030016,0.9911,
2013,030022,1.0,
2013,030023,0.9998,
2013,030024,1.0,
2013,030030,0.9982,
2013,030033,1.0,
2013,030036,0.9963,
2013,030037,0.9983,
2013,030038,0.9985,
2013,030043,0.9995,
2013,030055,1.0,
2013,030061,0.9947,
2013,030062,0.9972,
2013,030064,0.9974,
2013,030065,0.9969,
2013,030067,0.9909,
2013,030068,1.0,
2013,030069,0.9994,
2013,030071,1.0,
2013,030073,0.9993,
2013,030074,1.0,
2013,030077,1.0,
2013,030078,1.0,
2013,030083,0.9983,
2013,030084,0.9956,
2013,030085,1.0,
2013,030087,0.999,
2013,030088,0.9946,
2013,030089,0.9939,
2013,030092,0.9999,
2013,030093,0.9956,
2013,030094,0.9989,
2013,030100,0.9977,
2013,030101,0.9977,
2013,030102,1.0,
2013,030103,0.9983,
2013,030105,0.99,
2013,030107,1.0,no_measure_data
2013,030108,1.0,
2013,030110,0.9929,
2013,030111,0.9995,
2013,030112,1.0,no_measure_data
2013,030113,1.0,
2013,030114,0.9989,
2013,030115,0.9966,
2013,030117,0.9959,
2013,030118,1.0,
2013,030119,1.0,
2013,030120,0.9985,
2013,030121,0.99,
2013,030122,0.9991,
2013,030123,1.0,
2013,030126,0.9922,
2013,030128,1.0,
2013,030130,1.0,
2013,030131,1.0,no_measure_data
2013,040001,0.9961,
2013,040002,0.9966,
2013,040004,1.0,
2013,040007,0.9991,
2013,040010,0.9952,
2013,040011,0.99,
2013,040014,0.99,
2013,040015,1.0,
2013,040016,0.9971,
2013,040017,0.9995,
2013,040018,0.9907,
2013,040019,0.9949,
2013,040020,0.9992,
2013,040022,0.9935,
2013,040026,1.0,
2013,040027,0.99,
2013,040029,1.0,
2013,040036,0.996,
2013,040039,0.99,
2013,040041,0.9959,
2013,040042,0.9916,
2013,040047,0.99,
2013,040050,0.9998,
2013,040051,0.9937,
2013,040055,0.9915,
2013,040062,1.0,
2013,040067,0.99,
2013,040069,0.99,
2013,040071,0.9991,
2013,040072,0.9923,
2013,040074,0.9951,
2013,040076,0.99,
2013,040078,0.9975,
2013,040080,0.991,
2013,040084,0.9941,
2013,040085,0.9907,
2013,040088,0.995,
2013,040091,0.99,
2013,040114,0.9997,
2013,040118,0.9951,
2013,040119,0.9908,
2013,040134,0.9977,
2013,040137,1.0,
2013,040147,1.0,no_measure_data
2013,040152,1.0,
2013,050002,0.9945,
2013,050006,1.0,
2013,050007,0.9982,
2013,050008,0.9995,
2013,050009,1.0,
2013,050013,0.9997,
2013,050014,1.0,
2013,050016,0.9994,
2013,050017,0.9997,
2013,050018,0.9995,
2013,050022,0.999,
2013,050024,0.9992,
2013,050025,0.9979,
2013,050026,0.9964,
2013,050028,0.9989,
2013,050030,0.99,
2013,050036,0.9916,
2013,050038,1.0,
2013,050039,0.9981,
2013,050040,0.9985,
2013,050042,0.9996,
2013,050043,0.996,
2013,050045,0.9983,
2013,050046,1.0,
2013,050047,0.9973,
2013,050054,0.9989,
2013,050055,0.9984,
2013,050056,0.9967,
2013,050057,0.9998,
2013,050058,0.99,
2013,050060,0.9913,
2013,050063,0.9951,
2013,050067,0.9961,
2013,050069,1.0,
2013,050070,1.0,
2013,050071,0.9981,
2013,050072,1.0,
2013,050073,0.9989,
2013,050075,1.0,
2013,050076,1.0,
2013,050077,0.9987,
2013,050078,1.0,
2013,050079,0.9989,
2013,050082,0.9981,
2013,050084,0.9965,
2013,050089,0.9999,
2013,050090,0.9998,
2013,050091,0.9983,
2013,050093,0.999,
2013,050096,1.0,
2013,050099,1.0,
2013,050100,0.9958,
2013,050101,1.0,
2013,050102,0.9962,
2013,050103,0.9958,
2013,050104,1.0,
2013,050107,1.0,
2013,050108,1.0,
2013,050110,0.9995,
2013,050111,0.998,
2013,050112,0.9965,
2013,050113,0.9996,
2013,050115,1.0,
2013,050116,0.9991,
2013,050118,0.99,
2013,050121,0.9971,
2013,050122,0.9953,
2013,050124,1.0,
2013,050125,0.9978,
2013,050126,0.9981,
2013,050127,0.9999,
2013,050128,1.0,
2013,050129,0.9961,
2013,050131,1.0,
2013,050132,0.99,
2013,050133,0.9994,
2013,050135,0.9997,
2013,050136,1.0,
2013,050137,0.9961,
2013,050138,1.0,
2013,050139,1.0,
2013,050140,1.0,
2013,050145,1.0,
2013,050149,0.9975,
2013,050150,0.9943,
2013,050152,0.9982,
2013,050153,0.9954,
2013,050158,0.9945,
2013,050159,1.0,
2013,050167,1.0,
2013,050168,1.0,
2013,050169,0.9986,
2013,050174,1.0,
2013,050179,0.9963,
2013,050180,1.0,
2013,050189,1.0,
2013,050191,0.9996,
2013,050192,0.9936,
2013,050194,0.9981,
2013,050195,0.9957,
2013,050196,0.9999,
2013,050197,1.0,
2013,050204,0.9961,
2013,050205,1.0,
2013,050211,0.9973,
2013,050219,0.9995,
2013,050222,1.0,
2013,050224,1.0,
2013,050225,1.0,
2013,050226,0.9951,
2013,050228,0.9985,
2013,050230,0.9991,
2013,050231,0.9994,
2013,050232,1.0,
2013,050234,0.9992,
2013,050235,0.9981,
2013,050236,0.9964,
2013,050238,1.0,
2013,050239,0.9931,
2013,050242,1.0,
2013,050243,0.9987,
2013,050245,0.998,
2013,050248,0.9991,
2013,050254,0.9991,
2013,050257,1.0,
2013,050261,0.9986,
2013,050262,0.9982,
2013,050264,0.9925,
2013,050272,0.9974,
2013,050276,0.999,
2013,050277,0.9985,
2013,050278,0.9976,
2013,050279,0.9964,
2013,050280,1.0,
2013,050281,1.0,
2013,050283,0.9993,
2013,050289,0.9926,
2013,050290,1.0,
2013,050291,1.0,
2013,050292,0.9983,
2013,050295,0.9982,
2013,050296,0.9948,
2013,050298,1.0,
2013,050300,0.9939,
2013,050301,1.0,
2013,050305,1.0,
2013,050308,1.0,
2013,050309,1.0,
2013,050313,0.9984,
2013,050315,0.9996,
2013,050320,0.9964,
2013,050324,1.0,
2013,050325,1.0,no_measure_data
2013,050327,0.9976,
2013,050329,0.9938,
2013,050334,0.999,
2013,050335,1.0,
2013,050336,0.9992,
2013,050342,0.9969,
2013,050348,0.9992,
2013,050349,1.0,
2013,050350,0.9934,
2013,050351,0.9968,
2013,050352,1.0,
2013,050353,0.9947,
2013,050357,1.0,
2013,050359,0.99,
2013,050360,0.9999,
2013,050367,0.9934,
2013,050373,0.9996,
2013,050376,0.9987,
2013,050378,0.9973,
2013,050380,1.0,
2013,050382,0.9997,
2013,050385,0.9975,
2013,050390,0.9996,
2013,050393,1.0,
2013,050394,1.0,
2013,050396,1.0,
2013,050397,0.99,
2013,050407,0.9945,
2013,050411,0.9974,
2013,050414,0.9988,
2013,050417,1.0,
2013,050423,0.9994,
2013,050424,1.0,
2013,050425,0.9992,
2013,050426,0.9981,
2013,050434,0.9918,
2013,050435,1.0,
2013,050438,0.9968,
2013,050441,1.0,
2013,050444,0.993,
2013,050448,0.9965,
2013,050454,0.999,
2013,050455,0.9924,
2013,050457,0.9985,
2013,050464,0.9944,
2013,050468,0.9996,
2013,050471,0.9933,
2013,050481,0.9967,
2013,050485,0.9946,
2013,050488,0.9993,
2013,050492,1.0,
2013,050496,1.0,
2013,050498,0.9994,
2013,050502,1.0,
2013,050503,0.9998,
2013,050506,0.998,
2013,050510,1.0,
2013,050512,1.0,
2013,050515,1.0,
2013,050516,0.9972,
2013,050517,0.9997,
2013,050523,0.9956,
2013,050526,0.9934,
2013,050528,1.0,
2013,050531,0.9986,
2013,050534,0.9968,
2013,050537,1.0,
2013,050541,1.0,
2013,050543,1.0,no_measure_data
2013,050545,1.0,
2013,050546,1.0,
2013,050547,1.0,
2013,050548,1.0,
2013,050549,1.0,
2013,050551,0.9998,
2013,050552,0.9966,
2013,050557,0.9993,
2013,050561,1.0,
2013,050567,1.0,
2013,050568,1.0,
2013,050570,0.9975,
2013,050573,1.0,
2013,050575,1.0,
2013,050580,0.9975,
2013,050581,0.9987,
2013,050586,0.9998,
2013,050588,0.9976,
2013,050589,0.999,
2013,050590,0.9979,
2013,050597,0.9991,
2013,050599,0.9989,
2013,050603,1.0,
2013,050604,0.9991,
2013,050608,1.0,
2013,050609,1.0,
2013,050616,0.9985,
2013,050618,0.9987,
2013,050624,0.9993,
2013,050625,0.9996,
2013,050633,0.9998,
2013,050636,1.0,
2013,050641,0.9958,
2013,050644,0.9972,
2013,050663,0.9929,
2013,050668,1.0,
2013,050674,1.0,
2013,050677,1.0,
2013,050678,0.9981,
2013,050680,1.0,
2013,050684,0.9963,
2013,050686,1.0,
2013,050688,0.9996,
2013,050689,0.9962,
2013,050690,1.0,
2013,050696,0.9992,
2013,050697,1.0,no_measure_data
2013,050701,0.9966,
2013,050704,0.9988,
2013,050708,1.0,no_measure_data
2013,050709,0.9985,
2013,050710,1.0,
2013,050714,1.0,
2013,050717,1.0,
2013,050723,1.0,
2013,050724,0.9977,
2013,050726,1.0,no_measure_data
2013,050727,0.9991,
2013,050732,0.9988,
2013,050735,0.9998,
2013,050736,0.9998,
2013,050737,0.9912,
2013,050738,0.9995,
2013,050739,0.99,
2013,050740,0.9958,
2013,050742,0.99,
2013,050744,0.9996,
2013,050745,1.0,
2013,050746,0.9974,
2013,050747,0.9998,
2013,050748,1.0,
2013,050749,1.0,no_measure_data
2013,050751,1.0,no_measure_data
2013,050752,0.9945,
2013,050754,1.0,no_measure_data
2013,050755,0.9902,
2013,050757,0.9998,
2013,050758,0.9972,
2013,050760,1.0,
2013,050761,0.9969,
2013,050763,0.9995,
2013,050764,1.0,
2013,050765,0.9994,
2013,050766,1.0,no_measure_data
2013,050767,1.0,
2013,050768,1.0,
2013,050769,1.0,no_measure_data
2013,050770,1.0,no_measure_data
2013,050771,1.0,no_measure_data
2013,060001,1.0,
2013,060003,0.9988,
2013,060004,0.998,
2013,060006,0.9993,
2013,060008,1.0,
2013,060009,0.9955,
2013,060010,1.0,
2013,060011,1.0,
2013,060012,1.0,
2013,060013,1.0,
2013,060014,1.0,
2013,060015,0.9998,
2013,060016,1.0,
2013,060020,1.0,
2013,060022,1.0,
2013,060023,0.9988,
2013,060024,1.0,
2013,060027,1.0,
2013,060028,0.9997,
2013,060030,1.0,
2013,060031,0.9984,
2013,060032,0.9997,
2013,060034,0.9996,
2013,060036,0.9916,
2013,060043,0.99,
2013,060044,1.0,
2013,060049,1.0,
2013,060054,1.0,
2013,060064,1.0,
2013,060065,0.9992,
2013,060071,0.9986,
2013,060075,1.0,
2013,060076,1.0,
2013,060096,1.0,
2013,060100,1.0,
2013,060103,0.9988,
2013,060104,0.9982,
2013,060107,1.0,
2013,060112,0.9994,
2013,060113,0.9975,
2013,060114,1.0,
2013,060116,0.9995,
2013,060117,1.0,no_measure_data
2013,060118,1.0,
2013,060119,0.9995,
2013,060124,1.0,no_measure_data
2013,070001,0.99,
2013,070002,0.9983,
2013,070003,0.9995,
2013,070004,1.0,
2013,070005,0.9985,
2013,070006,0.9992,
2013,070007,0.998,
2013,070008,0.9931,
2013,070010,0.9982,
2013,070011,0.9992,
2013,070012,1.0,
2013,070015,0.9998,
2013,070016,0.9954,
2013,070017,0.99,
2013,070018,0.9956,
2013,070019,0.9958,
2013,070020,1.0,
2013,070021,1.0,
2013,070022,0.991,
2013,070024,1.0,
2013,070025,1.0,
2013,070027,1.0,
2013,070028,0.9921,
2013,070029,0.9925,
2013,070031,0.99,
2013,070033,0.9962,
2013,070034,0.9997,
2013,070035,0.9962,
2013,070036,0.9947,
2013,070038,1.0,no_measure_data
2013,070039,0.99,
2013,070040,1.0,
2013,080001,1.0,
2013,080003,0.9936,
2013,080004,0.9968,
2013,080006,1.0,
2013,080007,0.9993,
2013,080009,1.0,no_measure_data
2013,090001,0.9934,
2013,090003,0.9905,
2013,090004,0.9992,
2013,090005,1.0,
2013,090006,0.9916,
2013,090008,0.9982,
2013,090011,0.9923,
2013,100001,0.9978,
2013,100002,1.0,
2013,100006,0.9912,
2013,100007,0.99,
2013,100008,0.9982,
2013,100009,0.99,
2013,100012,0.9989,
2013,100014,0.9989,
2013,100017,0.9975,
2013,100018,1.0,
2013,100019,0.9943,
2013,100022,0.9915,
2013,100023,1.0,
2013,100025,1.0,
2013,100026,0.9972,
2013,100028,0.9998,
2013,100029,0.9951,
2013,100030,0.9971,
2013,100032,0.9964,
2013,100034,0.9997,
2013,100035,1.0,
2013,100038,0.99,
2013,100039,0.9981,
2013,100040,0.9948,
2013,100043,1.0,
2013,100044,1.0,
2013,100045,0.999,
2013,100046,0.9952,
2013,100047,0.9932,
2013,100048,0.9915,
2013,100049,0.9939,
2013,100050,0.99,
2013,100051,0.9948,
2013,100052,0.9965,
2013,100053,0.9904,
2013,100054,0.9999,
2013,100055,0.9983,
2013,100057,0.9976,
2013,100061,1.0,
2013,100062,1.0,
2013,100063,1.0,
2013,100067,0.9968,
2013,100068,0.9969,
2013,100069,0.9998,
2013,100070,1.0,
2013,100071,0.9985,
2013,100072,0.99,
2013,100073,0.997,
2013,100075,0.9961,
2013,100076,0.9922,
2013,100077,0.998,
2013,100080,0.9923,
2013,100081,1.0,
2013,100084,0.9905,
2013,100086,0.9973,
2013,100087,1.0,
2013,100088,0.9987,
2013,100090,0.995,
2013,100092,0.9917,
2013,100093,0.9998,
2013,100099,0.9962,
2013,100102,0.9929,
2013,100105,1.0,
2013,100106,0.9985,
2013,100107,0.9945,
2013,100109,0.9961,
2013,100110,0.9924,
2013,100113,0.998,
2013,100117,0.9983,
2013,100118,1.0,
2013,100121,0.9955,
2013,100122,0.9968,
2013,100124,1.0,
2013,100125,0.9913,
2013,100126,0.9999,
2013,100127,1.0,
2013,100128,0.9966,
2013,100130,0.9968,
2013,100131,0.9962,
2013,100132,0.9918,
2013,100134,1.0,
2013,100135,1.0,
2013,100137,0.99,
2013,100139,0.9946,
2013,100140,1.0,
2013,100142,0.9984,
2013,100150,0.9984,
2013,100151,0.9996,
2013,100154,0.9997,
2013,100156,0.99,
2013,100157,0.9971,
2013,100161,0.9942,
2013,100166,0.9997,
2013,100167,0.9997,
2013,100168,1.0,
2013,100173,0.9984,
2013,100175,0.995,
2013,100176,0.9914,
2013,100177,1.0,
2013,100179,0.9966,
2013,100180,0.9958,
2013,100181,0.9968,
2013,100183,0.9978,
2013,100187,0.99,
2013,100189,0.9995,
2013,100191,0.9946,
2013,100200,0.9994,
2013,100204,0.9982,
2013,100206,0.9987,
2013,100209,0.9903,
2013,100211,0.997,
2013,100212,0.9958,
2013,100213,0.9982,
2013,100217,0.9967,
2013,100220,0.9972,
2013,100223,0.9969,
2013,100224,0.9993,
2013,100226,1.0,
2013,100228,0.9929,
2013,100230,0.9974,
2013,100231,1.0,
2013,100232,0.9925,
2013,100234,0.9984,
2013,100236,0.9978,
2013,100238,0.99,
2013,100239,0.9989,
2013,100240,1.0,no_measure_data
2013,100242,0.9998,
2013,100243,0.9972,
2013,100244,1.0,
2013,100246,0.9945,
2013,100248,0.9974,
2013,100249,0.9997,
2013,100252,0.9928,
2013,100253,1.0,
2013,100254,0.9931,
2013,100255,0.9982,
2013,100256,0.9942,
2013,100258,1.0,
2013,100259,0.9936,
2013,100260,0.9999,
2013,100264,1.0,
2013,100265,1.0,
2013,100266,1.0,
2013,100267,0.9999,
2013,100268,0.9986,
2013,100269,0.998,
2013,100275,0.993,
2013,100276,0.9965,
2013,100277,1.0,
2013,100281,0.99,
2013,100284,0.9946,
2013,100285,0.9913,
2013,100286,0.9999,
2013,100287,0.9998,
2013,100288,0.9999,
2013,100289,0.9938,
2013,100290,0.9993,
2013,100291,0.9987,
2013,100292,1.0,
2013,100296,0.9993,
2013,100298,1.0,
2013,100299,0.9995,
2013,100302,0.9947,
2013,100307,0.9986,
2013,100313,1.0,
2013,100314,1.0,
2013,100315,1.0,
2013,100316,1.0,
2013,110001,0.9997,
2013,110002,0.9958,
2013,110003,1.0,
2013,110004,0.9998,
2013,110005,0.9904,
2013,110006,1.0,
2013,110007,1.0,
2013,110008,0.9941,
2013,110010,1.0,
2013,110011,1.0,
2013,110015,0.9983,
2013,110016,0.9997,
2013,110018,0.9986,
2013,110023,0.9935,
2013,110024,0.9994,
2013,110025,1.0,
2013,110026,0.99,
2013,110027,1.0,
2013,110028,0.9996,
2013,110029,1.0,
2013,110030,1.0,
2013,110031,0.9947,
2013,110032,0.9992,
2013,110034,0.998,
2013,110035,0.993,
2013,110036,0.9998,
2013,110038,1.0,
2013,110039,0.9985,
2013,110040,1.0,
2013,110041,1.0,
2013,110042,0.9966,
2013,110043,1.0,
2013,110044,1.0,
2013,110045,0.9997,
2013,110046,0.99,
2013,110050,0.9989,
2013,110051,0.9998,
2013,110054,1.0,
2013,110059,0.993,
2013,110064,0.9993,
2013,110069,0.9943,
2013,110071,0.9945,
2013,110073,0.9965,
2013,110074,1.0,
2013,110075,0.9912,
2013,110076,0.9998,
2013,110078,0.9964,
2013,110079,0.999,
2013,110082,1.0,
2013,110083,1.0,
2013,110086,0.9997,
2013,110087,0.9988,
2013,110089,0.99,
2013,110091,0.9971,
2013,110092,0.9929,
2013,110095,0.9995,
2013,110100,0.9984,
2013,110101,1.0,
2013,110104,0.99,
2013,110105,1.0,
2013,110107,0.997,
2013,110109,0.99,
2013,110111,1.0,
2013,110112,0.9981,
2013,110113,0.9988,
2013,110115,0.9978,
2013,110121,1.0,
2013,110122,0.9979,
2013,110124,0.9921,
2013,110125,1.0,
2013,110128,0.9979,
2013,110129,1.0,
2013,110130,1.0,
2013,110132,0.9988,
2013,110135,0.9971,
2013,110142,0.9924,
2013,110143,0.9968,
2013,110146,0.9973,
2013,110150,1.0,
2013,110153,0.9979,
2013,110161,0.9993,
2013,110163,1.0,
2013,110164,0.9963,
2013,110165,0.9973,
2013,110168,1.0,
2013,110177,0.9992,
2013,110183,0.9911,
2013,110184,0.9941,
2013,110186,1.0,
2013,110187,0.9956,
2013,110189,0.9924,
2013,110190,1.0,
2013,110191,0.9969,
2013,110192,0.9992,
2013,110194,1.0,
2013,110198,0.9999,
2013,110200,1.0,
2013,110201,0.999,
2013,110203,1.0,
2013,110205,0.9962,
2013,110209,1.0,no_measure_data
2013,110212,0.9978,
2013,110215,1.0,
2013,110219,0.9977,
2013,110225,0.9972,
2013,110226,0.9956,
2013,110229,0.9975,
2013,110230,0.9993,
2013,120001,1.0,
2013,120002,1.0,
2013,120004,0.9968,
2013,120005,1.0,
2013,120006,0.9928,
2013,120007,0.9983,
2013,120010,0.9947,
2013,120011,1.0,
2013,120014,0.9987,
2013,120019,0.9996,
2013,120022,0.996,
2013,120026,0.9945,
2013,120027,0.9975,
2013,120028,1.0,
2013,130002,1.0,
2013,130003,1.0,
2013,130006,1.0,
2013,130007,1.0,
2013,130013,1.0,
2013,130014,1.0,
2013,130018,1.0,
2013,130025,1.0,
2013,130028,1.0,
2013,130049,1.0,
2013,130063,1.0,no_measure_data
2013,130065,1.0,no_measure_data
2013,130066,1.0,no_measure_data
2013,130067,1.0,
2013,140001,0.993,
2013,140002,1.0,
2013,140007,0.99,
2013,140008,0.9986,
2013,140010,0.9989,
2013,140011,0.996,
2013,140012,0.9924,
2013,140013,0.996,
2013,140015,0.9991,
2013,140018,0.9958,
2013,140019,0.99,
2013,140026,0.9905,
2013,140029,1.0,
2013,140030,0.994,
2013,140032,0.9958,
2013,140034,0.99,
2013,140040,0.9917,
2013,140043,0.9996,
2013,140046,0.99,
2013,140048,0.9926,
2013,140049,0.9988,
2013,140051,0.995,
2013,140052,0.9978,
2013,140053,0.9995,
2013,140054,0.9983,
2013,140058,1.0,
2013,140059,0.9978,
2013,140062,0.99,
2013,140063,0.9978,
2013,140064,0.9972,
2013,140065,0.9955,
2013,140067,0.9988,
2013,140068,0.9923,
2013,140077,0.9966,
2013,140080,0.9932,
2013,140082,0.9921,
2013,140083,0.996,
2013,140084,0.9983,
2013,140088,0.9949,
2013,140089,1.0,
2013,140091,0.998,
2013,140093,0.99,
2013,140095,0.999,
2013,140100,1.0,
2013,140101,0.9957,
2013,140103,0.99,
2013,140110,1.0,
2013,140113,0.998,
2013,140114,0.9934,
2013,140115,0.9963,
2013,140116,0.99,
2013,140117,0.9927,
2013,140118,0.99,
2013,140119,0.9976,
2013,140120,0.9941,
2013,140122,0.9978,
2013,140124,0.996,
2013,140125,0.9987,
2013,140127,1.0,
2013,140130,0.9978,
2013,140133,0.9918,
2013,140135,1.0,
2013,140137,1.0,
2013,140143,0.996,
2013,140145,0.9995,
2013,140147,0.99,
2013,140148,1.0,
2013,140150,0.9967,
2013,140151,0.9942,
2013,140155,0.9928,
2013,140158,0.99,
2013,140160,0.9978,
2013,140161,1.0,
2013,140162,0.9985,
2013,140164,0.999,
2013,140166,0.999,
2013,140167,0.997,
2013,140172,0.99,
2013,140174,0.9943,
2013,140176,0.99,
2013,140177,0.9919,
2013,140179,0.9905,
2013,140180,0.9931,
2013,140181,0.9929,
2013,140182,0.99,
2013,140184,0.9904,
2013,140185,0.9978,
2013,140186,0.9976,
2013,140187,0.999,
2013,140189,1.0,
2013,140191,0.99,
2013,140197,0.9979,
2013,140200,0.9997,
2013,140202,0.9975,
2013,140206,0.9998,
2013,140208,0.9904,
2013,140209,0.9996,
2013,140210,0.9915,
2013,140211,0.9964,
2013,140213,0.99,
2013,140217,0.9971,
2013,140223,0.9928,
2013,140224,0.998,
2013,140228,0.9934,
2013,140231,1.0,
2013,140233,0.9996,
2013,140234,1.0,
2013,140239,0.9975,
2013,140240,0.9966,
2013,140242,1.0,
2013,140250,0.9956,
2013,140251,0.99,
2013,140252,0.99,
2013,140258,0.9936,
2013,140275,0.9901,
2013,140276,0.9961,
2013,140280,0.9983,
2013,140281,0.9928,
2013,140286,0.9983,
2013,140288,0.998,
2013,140289,0.9971,
2013,140290,0.9941,
2013,140291,0.9951,
2013,140292,0.9968,
2013,140294,0.9904,
2013,140300,0.9933,
2013,140301,1.0,
2013,140304,0.99,
2013,140305,1.0,
2013,140306,1.0,no_measure_data
2013,150001,1.0,
2013,150002,0.9919,
2013,150003,1.0,
2013,150004,0.99,
2013,150005,1.0,
2013,150006,0.9992,
2013,150007,1.0,
2013,150008,0.9933,
2013,150009,0.9934,
2013,150010,1.0,
2013,150011,1.0,
2013,150012,1.0,
2013,150015,1.0,
2013,150017,0.9976,
2013,150018,1.0,
2013,150021,1.0,
2013,150022,0.9992,
2013,150023,0.9957,
2013,150024,0.9949,
2013,150026,0.9995,
2013,150030,1.0,
2013,150033,1.0,
2013,150034,0.9922,
2013,150035,0.9997,
2013,150037,1.0,
2013,150038,1.0,
2013,150042,0.9992,
2013,150044,0.9961,
2013,150045,1.0,
2013,150046,0.9975,
2013,150047,1.0,
2013,150048,1.0,
2013,150051,1.0,
2013,150056,0.9984,
2013,150057,1.0,
2013,150058,1.0,
2013,150059,1.0,
2013,150061,0.9988,
2013,150064,1.0,
2013,150065,1.0,
2013,150069,1.0,
2013,150072,1.0,
2013,150074,1.0,
2013,150075,0.9986,
2013,150076,1.0,
2013,150082,0.9989,
2013,150084,1.0,
2013,150086,0.9953,
2013,150088,0.9921,
2013,150089,1.0,
2013,150090,0.9933,
2013,150091,1.0,
2013,150097,0.9994,
2013,150100,0.9973,
2013,150101,1.0,
2013,150102,0.99,
2013,150104,1.0,
2013,150109,1.0,
2013,150112,1.0,
2013,150113,0.9968,
2013,150115,1.0,
2013,150125,0.99,
2013,150126,0.9949,
2013,150128,0.9988,
2013,150129,1.0,
2013,150133,0.9995,
2013,150146,1.0,
2013,150149,1.0,no_measure_data
2013,150150,1.0,
2013,150153,0.9999,
2013,150154,0.9969,
2013,150157,0.9998,
2013,150158,1.0,
2013,150160,1.0,no_measure_data
2013,150161,0.9995,
2013,150162,0.9914,
2013,150163,0.9907,
2013,150164,0.9991,
2013,150165,0.9995,
2013,150166,0.9967,
2013,150167,1.0,no_measure_data
2013,150168,1.0,no_measure_data
2013,150169,1.0,
2013,150170,1.0,no_measure_data
2013,150172,1.0,no_measure_data
2013,150173,1.0,
2013,150175,0.9993,
2013,150176,0.9992,
2013,150177,1.0,
2013,160001,1.0,
2013,160005,1.0,
2013,160008,0.9923,
2013,160013,0.9988,
2013,160016,0.9944,
2013,160024,0.9964,
2013,160028,1.0,
2013,160029,0.9998,
2013,160030,1.0,
2013,160032,1.0,
2013,160033,1.0,
2013,160040,1.0,
2013,160045,1.0,
2013,160047,0.9946,
2013,160057,1.0,
2013,160058,0.9994,
2013,160064,0.9986,
2013,160067,1.0,
2013,160069,1.0,
2013,160079,1.0,
2013,160080,0.9959,
2013,160082,1.0,
2013,160083,1.0,
2013,160089,0.9988,
2013,160101,1.0,
2013,160104,0.9996,
2013,160110,0.9995,
2013,160112,1.0,
2013,160117,1.0,
2013,160122,0.9953,
2013,160124,1.0,
2013,160146,0.9996,
2013,160147,0.9983,
2013,160153,0.9996,
2013,170001,0.9998,
2013,170006,0.9968,
2013,170009,0.9961,
2013,170010,0.9925,
2013,170012,1.0,
2013,170013,0.9994,
2013,170014,0.9988,
2013,170016,1.0,
2013,170017,0.9984,
2013,170020,1.0,
2013,170023,1.0,
2013,170027,1.0,
2013,170033,1.0,
2013,170039,0.998,
2013,170040,0.9963,
2013,170049,1.0,
2013,170058,0.9956,
2013,170068,0.9967,
2013,170074,0.9987,
2013,170075,0.996,
2013,170086,1.0,
2013,170094,0.99,
2013,170103,1.0,
2013,170104,0.9957,
2013,170105,1.0,
2013,170109,1.0,
2013,170110,0.9928,
2013,170120,0.998,
2013,170122,1.0,
2013,170123,1.0,
2013,170133,0.9998,
2013,170137,1.0,
2013,170142,0.9991,
2013,170145,0.991,
2013,170146,0.9929,
2013,170150,0.9985,
2013,170166,0.99,
2013,170175,0.9991,
2013,170176,0.9985,
2013,170182,0.9963,
2013,170183,1.0,no_measure_data
2013,170185,0.9968,
2013,170186,1.0,
2013,170187,1.0,no_measure_data
2013,170188,1.0,no_measure_data
2013,170190,1.0,no_measure_data
2013,170191,1.0,
2013,170192,0.9941,
2013,170194,1.0,
2013,170195,1.0,no_measure_data
2013,170196,1.0,no_measure_data
2013,170197,1.0,
2013,170198,1.0,no_measure_data
2013,170199,1.0,no_measure_data
2013,170200,0.9961,
2013,180001,0.9937,
2013,180002,0.9904,
2013,180004,1.0,
2013,180005,0.99,
2013,180009,0.99,
2013,180010,0.9962,
2013,180011,0.99,
2013,180012,1.0,
2013,180013,0.9975,
2013,180016,0.9986,
2013,180017,0.9984,
2013,180018,0.9928,
2013,180019,0.9921,
2013,180020,0.9967,
2013,180021,0.99,
2013,180024,0.99,
2013,180025,1.0,
2013,180027,0.9979,
2013,180029,0.99,
2013,180035,0.9982,
2013,180036,0.993,
2013,180038,1.0,
2013,180040,0.9901,
2013,180043,0.99,
2013,180044,0.994,
2013,180045,0.9914,
2013,180046,0.9985,
2013,180048,0.9981,
2013,180049,0.9984,
2013,180050,0.99,
2013,180051,0.9927,
2013,180053,0.99,
2013,180056,0.99,
2013,180064,1.0,
2013,180066,0.999,
2013,180067,0.9963,
2013,180069,0.99,
2013,180070,0.9988,
2013,180078,0.9909,
2013,180079,0.9933,
2013,180080,1.0,
2013,180087,0.996,
2013,180088,0.9985,
2013,180092,1.0,
2013,180093,1.0,
2013,180095,0.99,
2013,180101,0.9989,
2013,180102,0.9982,
2013,180103,0.9985,
2013,180104,0.9989,
2013,180105,0.99,
2013,180106,0.99,
2013,180115,0.99,
2013,180116,0.998,
2013,180117,0.9946,
2013,180124,0.9988,
2013,180127,1.0,
2013,180128,0.99,
2013,180130,0.9974,
2013,180132,0.997,
2013,180138,1.0,
2013,180139,0.9958,
2013,180141,0.9992,
2013,180143,0.9992,
2013,180149,0.99,
2013,190001,1.0,
2013,190002,0.9967,
2013,190003,0.9995,
2013,190004,0.9933,
2013,190005,0.9982,
2013,190006,0.998,
2013,190007,1.0,
2013,190008,0.9981,
2013,190009,0.9988,
2013,190011,0.9987,
2013,190013,1.0,
2013,190014,0.9941,
2013,190015,0.99,
2013,190017,0.9965,
2013,190019,0.998,
2013,190020,0.9945,
2013,190025,0.99,
2013,190026,0.995,
2013,190027,0.9955,
2013,190034,0.99,
2013,190036,0.9922,
2013,190037,1.0,no_measure_data
2013,190039,0.9981,
2013,190040,0.9919,
2013,190041,0.9986,
2013,190044,1.0,
2013,190045,0.9959,
2013,190046,1.0,
2013,190050,0.9933,
2013,190053,0.99,
2013,190054,0.9984,
2013,190060,0.9977,
2013,190064,1.0,
2013,190065,0.9992,
2013,190079,0.99,
2013,190081,0.9913,
2013,190086,0.9957,
2013,190088,0.9952,
2013,190090,0.9908,
2013,190098,0.9976,
2013,190099,0.99,
2013,190102,0.9991,
2013,190106,0.992,
2013,190111,1.0,
2013,190114,0.99,
2013,190116,0.9997,
2013,190118,0.995,
2013,190122,1.0,
2013,190125,0.9935,
2013,190128,1.0,no_measure_data
2013,190133,1.0,
2013,190135,0.9972,
2013,190140,0.99,
2013,190144,0.9984,
2013,190145,0.9916,
2013,190146,1.0,
2013,190151,0.99,
2013,190160,0.99,
2013,190161,1.0,
2013,190164,0.9937,
2013,190167,0.9925,
2013,190175,0.9984,
2013,190176,1.0,
2013,190177,0.9946,
2013,190183,0.9977,
2013,190184,1.0,
2013,190190,0.9951,
2013,190199,1.0,
2013,190201,1.0,
2013,190202,0.9954,
2013,190204,0.9968,
2013,190205,0.9959,
2013,190208,0.99,
2013,190218,0.9983,
2013,190236,1.0,
2013,190241,1.0,
2013,190242,1.0,
2013,190245,1.0,
2013,190246,1.0,
2013,190250,0.991,
2013,190251,1.0,no_measure_data
2013,190255,1.0,no_measure_data
2013,190256,1.0,
2013,190257,1.0,
2013,190259,1.0,no_measure_data
2013,190261,1.0,no_measure_data
2013,190263,0.9931,
2013,190266,1.0,no_measure_data
2013,190267,1.0,no_measure_data
2013,190268,1.0,no_measure_data
2013,190270,1.0,no_measure_data
2013,190273,1.0,no_measure_data
2013,190274,0.9927,
2013,190278,1.0,no_measure_data
2013,190297,1.0,
2013,190298,1.0,no_measure_data
2013,190303,1.0,no_measure_data
2013,190307,1.0,no_measure_data
2013,200001,1.0,
2013,200002,1.0,
2013,200008,0.9972,
2013,200009,1.0,
2013,200018,1.0,
2013,200019,1.0,
2013,200020,0.9988,
2013,200021,0.998,
2013,200024,1.0,
2013,200025,0.9993,
2013,200031,1.0,
2013,200033,1.0,
2013,200034,0.9998,
2013,200037,0.9985,
2013,200039,0.9997,
2013,200040,0.9983,
2013,200041,1.0,
2013,200050,0.9987,
2013,200052,1.0,
2013,200063,0.9935,
2013,210001,1.0,maryland_exempt
2013,210002,1.0,maryland_exempt
2013,210003,1.0,maryland_exempt
2013,210004,1.0,maryland_exempt
2013,210005,1.0,maryland_exempt
2013,210006,1.0,maryland_exempt
2013,210007,1.0,maryland_exempt
2013,210008,1.0,maryland_exempt
2013,210009,1.0,maryland_exempt
2013,210011,1.0,maryland_exempt
2013,210012,1.0,maryland_exempt
2013,210013,1.0,maryland_exempt
2013,210015,1.0,maryland_exempt
2013,210016,1.0,maryland_exempt
2013,210017,1.0,maryland_exempt
2013,210018,1.0,maryland_exempt
2013,210019,1.0,maryland_exempt
2013,210022,1.0,maryland_exempt
2013,210023,1.0,maryland_exempt
2013,210024,1.0,maryland_exempt
2013,210027,1.0,maryland_exempt
2013,210028,1.0,maryland_exempt
2013,210029,1.0,maryland_exempt
2013,210030,1.0,maryland_exempt
2013,210032,1.0,maryland_exempt
2013,210033,1.0,maryland_exempt
2013,210034,1.0,maryland_exempt
2013,210035,1.0,maryland_exempt
2013,210037,1.0,maryland_exempt
2013,210038,1.0,maryland_exempt
2013,210039,1.0,maryland_exempt
2013,210040,1.0,maryland_exempt
2013,210043,1.0,maryland_exempt
2013,210044,1.0,maryland_exempt
2013,210045,1.0,maryland_exempt
2013,210048,1.0,maryland_exempt
2013,210049,1.0,maryland_exempt
2013,210051,1.0,maryland_exempt
2013,210054,1.0,maryland_exempt
2013,210055,1.0,maryland_exempt
2013,210056,1.0,maryland_exempt
2013,210057,1.0,maryland_exempt
2013,210058,1.0,maryland_exempt
2013,210060,1.0,maryland_exempt
2013,210061,1.0,maryland_exempt
2013,220001,0.9978,
2013,220002,0.994,
2013,220008,0.9999,
2013,220010,0.9976,
2013,220011,0.9906,
2013,220012,0.9983,
2013,220015,0.9981,
2013,220016,0.9995,
2013,220017,0.9989,
2013,220019,0.9935,
2013,220020,0.99,
2013,220024,0.998,
2013,220029,0.9974,
2013,220030,0.9909,
2013,220031,0.99,
2013,220033,0.9983,
2013,220035,1.0,
2013,220036,0.99,
2013,220046,0.9995,
2013,220049,0.9906,
2013,220050,1.0,
2013,220051,0.9964,
2013,220052,0.9976,
2013,220058,0.9942,
2013,220060,0.99,
2013,220062,1.0,no_measure_data
2013,220063,0.9981,
2013,220065,0.9998,
2013,220066,0.9998,
2013,220067,0.9957,
2013,220070,0.9994,
2013,220071,0.9949,
2013,220073,0.9934,
2013,220074,0.99,
2013,220075,1.0,
2013,220077,1.0,
2013,220080,0.9915,
2013,220082,0.9988,
2013,220083,0.9916,
2013,220084,1.0,
2013,220086,0.99,
2013,220088,0.9998,
2013,220090,0.9958,
2013,220095,0.9924,
2013,220098,0.9967,
2013,220100,0.9957,
2013,220101,0.9993,
2013,220105,0.9975,
2013,220108,0.9977,
2013,220110,0.9945,
2013,220111,0.9906,
2013,220116,0.99,
2013,220119,0.9919,
2013,220126,0.9959,
2013,220135,1.0,
2013,220163,0.9904,
2013,220171,0.9912,
2013,220174,0.9987,
2013,220175,0.99,
2013,220176,0.9968,
2013,220177,0.9955,
2013,230002,0.99,
2013,230003,1.0,
2013,230004,1.0,
2013,230005,1.0,
2013,230013,0.9944,
2013,230015,1.0,
2013,230017,1.0,
2013,230019,0.9931,
2013,230020,0.9922,
2013,230021,0.9996,
2013,230022,0.9994,
2013,230024,0.99,
2013,230029,1.0,
2013,230030,1.0,
2013,230031,0.9979,
2013,230035,0.9958,
2013,230036,1.0,
2013,230037,1.0,
2013,230038,1.0,
2013,230040,1.0,
2013,230041,0.9991,
2013,230046,0.9935,
2013,230047,0.9929,
2013,230053,0.99,
2013,230054,1.0,
2013,230055,1.0,
2013,230058,1.0,
2013,230059,1.0,
2013,230066,1.0,
2013,230069,0.9989,
2013,230070,0.9953,
2013,230071,1.0,no_measure_data
2013,230072,1.0,
2013,230075,0.9982,
2013,230077,0.9988,
2013,230078,0.9983,
2013,230080,0.9998,
2013,230081,1.0,
2013,230085,1.0,
2013,230089,0.9953,
2013,230092,1.0,
2013,230093,1.0,
2013,230095,1.0,
2013,230096,1.0,
2013,230097,1.0,
2013,230099,0.9997,
2013,230100,1.0,
2013,230101,1.0,
2013,230104,0.9909,
2013,230105,1.0,
2013,230106,0.9998,
2013,230108,0.9975,
2013,230110,1.0,
2013,230117,0.9998,
2013,230118,0.9953,
2013,230121,0.9998,
2013,230130,0.995,
2013,230132,0.9988,
2013,230133,1.0,
2013,230141,0.9967,
2013,230142,0.9947,
2013,230144,1.0,no_measure_data
2013,230146,0.9921,
2013,230151,0.9924,
2013,230156,0.9989,
2013,230165,0.99,
2013,230167,0.9992,
2013,230174,1.0,
2013,230176,0.9955,
2013,230180,0.9975,
2013,230193,0.9929,
2013,230195,0.9956,
2013,230197,0.9959,
2013,230207,0.9998,
2013,230208,1.0,
2013,230216,0.99,
2013,230217,1.0,
2013,230222,1.0,
2013,230227,0.9969,
2013,230230,0.9999,
2013,230236,0.9983,
2013,230239,1.0,
2013,230241,0.9944,
2013,230244,0.99,
2013,230254,0.9993,
2013,230259,1.0,
2013,230264,1.0,no_measure_data
2013,230269,0.99,
2013,230270,0.9973,
2013,230273,0.9931,
2013,230275,1.0,no_measure_data
2013,230277,0.9941,
2013,230279,1.0,no_measure_data
2013,230297,1.0,
2013,230301,1.0,no_measure_data
2013,230302,0.9983,
2013,240001,1.0,
2013,240002,1.0,
2013,240004,0.9975,
2013,240006,0.9999,
2013,240010,0.9986,
2013,240014,1.0,
2013,240018,1.0,
2013,240019,1.0,
2013,240020,1.0,
2013,240022,0.9956,
2013,240030,0.9998,
2013,240036,0.9989,
2013,240038,0.9978,
2013,240040,0.9989,
2013,240043,1.0,
2013,240044,1.0,
2013,240047,0.997,
2013,240050,0.9987,
2013,240052,0.9997,
2013,240053,0.9999,
2013,240056,0.9998,
2013,240057,0.9991,
2013,240059,0.9982,
2013,240061,1.0,
2013,240063,1.0,
2013,240064,1.0,
2013,240066,1.0,
2013,240069,1.0,
2013,240071,1.0,
2013,240075,0.9966,
2013,240076,0.9976,
2013,240078,0.9985,
2013,240080,0.9982,
2013,240084,1.0,
2013,240088,1.0,
2013,240093,0.999,
2013,240100,1.0,
2013,240101,1.0,
2013,240104,0.9998,
2013,240106,0.9993,
2013,240115,0.9997,
2013,240117,0.9989,
2013,240132,0.9967,
2013,240141,0.9985,
2013,240166,0.9926,
2013,240187,1.0,
2013,240196,1.0,no_measure_data
2013,240206,1.0,
2013,240207,0.9957,
2013,240210,0.9992,
2013,240213,1.0,
2013,240214,1.0,
2013,250001,1.0,
2013,250002,0.997,
2013,250004,0.9977,
2013,250006,0.9988,
2013,250007,0.9932,
2013,250009,0.99,
2013,250010,0.99,
2013,250012,0.99,
2013,250015,0.9985,
2013,250017,0.99,
2013,250018,1.0,
2013,250019,0.99,
2013,250020,0.99,
2013,250025,0.9955,
2013,250027,1.0,
2013,250031,0.9963,
2013,250034,0.9998,
2013,250036,0.9995,
2013,250038,0.99,
2013,250040,0.99,
2013,250042,0.99,
2013,250043,0.9971,
2013,250044,0.9929,
2013,250048,0.9985,
2013,250049,0.99,
2013,250050,0.9954,
2013,250051,0.9999,
2013,250057,0.9956,
2013,250058,0.996,
2013,250059,0.9995,
2013,250060,0.9962,
2013,250061,0.99,
2013,250067,0.9925,
2013,250069,1.0,
2013,250072,0.9932,
2013,250077,0.9968,
2013,250078,0.9939,
2013,250079,0.9982,
2013,250081,0.9982,
2013,250082,0.9958,
2013,250084,0.996,
2013,250085,0.9956,
2013,250093,0.99,
2013,250094,0.994,
2013,250095,0.9934,
2013,250096,0.997,
2013,250097,0.9909,
2013,250099,0.9945,
2013,250100,1.0,
2013,250102,0.996,
2013,250104,1.0,
2013,250117,0.9909,
2013,250122,0.99,
2013,250123,0.9944,
2013,250124,0.99,
2013,250126,0.995,
2013,250127,1.0,
2013,250128,0.9993,
2013,250134,0.9971,
2013,250136,1.0,no_measure_data
2013,250138,0.9987,
2013,250141,0.99,
2013,250151,1.0,no_measure_data
2013,250152,1.0,no_measure_data
2013,250162,0.9925,
2013,250164,1.0,no_measure_data
2013,250166,1.0,no_measure_data
2013,260001,0.9937,
2013,260004,1.0,
2013,260005,0.9918,
2013,260006,0.9941,
2013,260009,0.9946,
2013,260011,0.9952,
2013,260015,0.9954,
2013,260017,1.0,
2013,260020,0.9916,
2013,260022,0.9983,
2013,260023,0.9918,
2013,260024,0.996,
2013,260025,1.0,
2013,260027,0.9995,
2013,260032,0.9902,
2013,260034,0.99,
2013,260040,1.0,
2013,260047,0.9979,
2013,260048,0.9972,
2013,260050,1.0,
2013,260052,1.0,
2013,260057,0.9943,
2013,260059,1.0,
2013,260061,1.0,
2013,260062,0.999,
2013,260064,1.0,
2013,260065,1.0,
2013,260068,1.0,
2013,260070,0.9962,
2013,260074,0.9999,
2013,260077,0.9933,
2013,260078,1.0,
2013,260080,0.99,
2013,260081,0.9957,
2013,260085,0.9985,
2013,260091,0.9949,
2013,260094,0.9978,
2013,260095,1.0,
2013,260096,0.9988,
2013,260097,1.0,
2013,260102,0.998,
2013,260104,0.99,
2013,260105,0.9994,
2013,260108,0.9955,
2013,260110,0.999,
2013,260113,0.9944,
2013,260115,1.0,
2013,260116,0.9977,
2013,260119,0.9928,
2013,260137,0.9975,
2013,260138,0.9949,
2013,260141,1.0,
2013,260142,1.0,
2013,260147,0.9958,
2013,260160,0.9903,
2013,260162,1.0,
2013,260163,0.9983,
2013,260175,1.0,
2013,260176,0.9956,
2013,260177,0.991,
2013,260179,0.9935,
2013,260180,0.9921,
2013,260183,1.0,
2013,260186,0.9934,
2013,260190,0.9921,
2013,260191,0.9937,
2013,260193,0.9911,
2013,260195,0.998,
2013,260200,0.9995,
2013,260207,0.9985,
2013,260209,1.0,
2013,260210,1.0,
2013,260211,1.0,
2013,260214,0.9969,
2013,260216,0.9958,
2013,260219,0.998,
2013,270003,1.0,
2013,270004,1.0,
2013,270012,1.0,
2013,270014,1.0,
2013,270017,1.0,
2013,270023,1.0,
2013,270032,0.9936,
2013,270049,1.0,
2013,270051,1.0,
2013,270057,1.0,
2013,270074,0.9964,
2013,270086,1.0,
2013,270087,1.0,
2013,280003,1.0,
2013,280009,1.0,
2013,280013,0.9962,
2013,280020,0.994,
2013,280023,1.0,
2013,280030,0.9999,
2013,280032,1.0,
2013,280040,0.9958,
2013,280060,0.9997,
2013,280061,1.0,
2013,280065,0.9953,
2013,280077,1.0,
2013,280081,0.9989,
2013,280105,0.99,
2013,280111,0.9989,
2013,280119,1.0,
2013,280125,1.0,
2013,280127,1.0,no_measure_data
2013,280128,1.0,
2013,280129,1.0,no_measure_data
2013,280130,0.9999,
2013,280131,1.0,no_measure_data
2013,280132,0.9968,
2013,280133,1.0,no_measure_data
2013,290001,0.9969,
2013,290002,1.0,
2013,290003,0.9969,
2013,290005,0.9955,
2013,290006,0.9931,
2013,290007,0.9992,
2013,290008,0.9944,
2013,290009,1.0,
2013,290012,0.9905,
2013,290019,0.9987,
2013,290020,1.0,
2013,290021,0.99,
2013,290022,0.9926,
2013,290032,0.9996,
2013,290039,0.992,
2013,290041,0.9996,
2013,290042,1.0,
2013,290045,1.0,
2013,290046,0.9961,
2013,290047,0.9988,
2013,290049,1.0,
2013,290051,1.0,no_measure_data
2013,290053,0.9959,
2013,290054,0.9985,
2013,300001,0.9995,
2013,300003,1.0,
2013,300005,1.0,
2013,300011,0.9984,
2013,300012,0.9991,
2013,300014,1.0,
2013,300017,0.9981,
2013,300018,0.9976,
2013,300019,0.9995,
2013,300020,0.9986,
2013,300023,1.0,
2013,300029,0.9981,
2013,300034,1.0,
2013,310001,0.99,
2013,310002,0.99,
2013,310003,0.9901,
2013,310005,0.9992,
2013,310006,0.99,
2013,310008,0.99,
2013,310009,0.9923,
2013,310010,0.9975,
2013,310011,0.9937,
2013,310012,0.99,
2013,310014,0.9904,
2013,310015,1.0,
2013,310016,0.99,
2013,310017,0.9974,
2013,310019,0.99,
2013,310021,0.99,
2013,310022,0.993,
2013,310024,0.99,
2013,310025,0.99,
2013,310027,0.9926,
2013,310028,0.9936,
2013,310029,0.9943,
2013,310031,0.99,
2013,310032,0.9983,
2013,310034,0.9943,
2013,310038,0.992,
2013,310039,0.99,
2013,310040,0.99,
2013,310041,0.9929,
2013,310044,0.995,
2013,310045,0.9961,
2013,310047,0.998,
2013,310048,0.9913,
2013,310050,0.993,
2013,310051,1.0,
2013,310052,0.9932,
2013,310054,0.998,
2013,310057,0.999,
2013,310058,0.9961,
2013,310060,0.9958,
2013,310061,0.9958,
2013,310064,0.9944,
2013,310069,0.9992,
2013,310070,0.99,
2013,310073,0.9941,
2013,310074,0.99,
2013,310075,0.9976,
2013,310076,0.9978,
2013,310081,0.99,
2013,310083,0.99,
2013,310084,0.99,
2013,310086,0.99,
2013,310091,0.99,
2013,310092,0.9964,
2013,310096,0.99,
2013,310108,0.9957,
2013,310110,0.9903,
2013,310111,0.9905,
2013,310112,0.99,
2013,310113,0.9983,
2013,310115,0.9908,
2013,310118,0.992,
2013,310119,0.9944,
2013,310120,0.997,
2013,310129,1.0,
2013,320001,0.9998,
2013,320002,1.0,
2013,320003,0.9999,
2013,320004,1.0,
2013,320005,1.0,
2013,320006,1.0,
2013,320009,1.0,
2013,320011,1.0,
2013,320013,1.0,
2013,320014,1.0,
2013,320016,0.9992,
2013,320017,1.0,
2013,320018,1.0,
2013,320021,1.0,
2013,320022,1.0,
2013,320030,1.0,
2013,320033,1.0,
2013,320038,0.9999,
2013,320057,1.0,
2013,320058,1.0,
2013,320059,0.9972,
2013,320060,1.0,
2013,320061,0.9994,
2013,320062,1.0,
2013,320063,0.9983,
2013,320065,0.9969,
2013,320067,1.0,
2013,320070,1.0,
2013,320074,1.0,
2013,320083,0.999,
2013,320084,0.9976,
2013,320085,0.9986,
2013,320086,1.0,
2013,320087,1.0,no_measure_data
2013,330002,0.9987,
2013,330003,0.9961,
2013,330004,0.9927,
2013,330005,0.9908,
2013,330006,0.9925,
2013,330008,0.9999,
2013,330009,0.99,
2013,330011,0.9993,
2013,330013,0.9996,
2013,330014,0.99,
2013,330019,0.99,
2013,330023,0.99,
2013,330024,0.9912,
2013,330027,0.99,
2013,330028,0.9959,
2013,330029,1.0,no_measure_data
2013,330030,0.9946,
2013,330033,0.9987,
2013,330037,0.996,
2013,330043,0.9973,
2013,330044,0.9924,
2013,330045,0.9983,
2013,330046,0.99,
2013,330047,1.0,
2013,330049,0.9985,
2013,330053,1.0,
2013,330055,0.99,
2013,330056,0.99,
2013,330057,0.9972,
2013,330058,0.9991,
2013,330059,0.99,
2013,330061,0.9977,
2013,330064,0.9906,
2013,330065,0.9966,
2013,330067,0.9942,
2013,330073,0.99,
2013,330074,0.9957,
2013,330078,0.9956,
2013,330079,0.9981,
2013,330080,0.9939,
2013,330084,0.9974,
2013,330085,0.99,
2013,330086,0.9988,
2013,330088,1.0,
2013,330090,0.9909,
2013,330094,0.999,
2013,330096,1.0,
2013,330100,1.0,no_measure_data
2013,330101,0.993,
2013,330102,0.9981,
2013,330103,0.996,
2013,330104,0.9955,
2013,330106,0.99,
2013,330107,0.9985,
2013,330108,0.992,
2013,330111,0.99,
2013,330115,0.9928,
2013,330119,0.994,
2013,330125,0.9928,
2013,330126,0.99,
2013,330127,0.99,
2013,330128,0.99,
2013,330132,0.9945,
2013,330135,0.9992,
2013,330136,1.0,
2013,330140,0.99,
2013,330141,0.99,
2013,330144,0.993,
2013,330151,0.99,
2013,330152,0.99,
2013,330153,0.999,
2013,330157,1.0,
2013,330158,0.9935,
2013,330159,0.9971,
2013,330160,0.999,
2013,330162,0.9907,
2013,330163,0.9936,
2013,330164,0.9997,
2013,330166,1.0,
2013,330167,0.9927,
2013,330169,0.99,
2013,330175,0.9925,
2013,330177,1.0,
2013,330180,0.9951,
2013,330181,0.9953,
2013,330182,0.9991,
2013,330184,0.9905,
2013,330185,0.9978,
2013,330188,1.0,
2013,330189,1.0,no_measure_data
2013,330191,0.995,
2013,330193,0.99,
2013,330194,0.99,
2013,330195,0.9962,
2013,330196,0.99,
2013,330197,0.9983,
2013,330198,0.9931,
2013,330199,0.9965,
2013,330201,0.9916,
2013,330202,0.9936,
2013,330203,0.9963,
2013,330204,0.9905,
2013,330205,0.9997,
2013,330208,0.9903,
2013,330211,0.998,
2013,330213,1.0,
2013,330214,0.999,
2013,330215,0.9966,
2013,330218,0.9969,
2013,330219,0.9993,
2013,330221,0.99,
2013,330222,0.9935,
2013,330223,0.99,
2013,330224,0.9933,
2013,330225,0.9915,
2013,330226,0.9973,
2013,330229,0.9996,
2013,330231,0.9924,
2013,330232,0.997,
2013,330233,0.9951,
2013,330234,0.99,
2013,330235,0.9953,
2013,330236,0.99,
2013,330238,0.9962,
2013,330239,0.9982,
2013,330240,0.9947,
2013,330241,0.9981,
2013,330245,0.9919,
2013,330246,0.998,
2013,330249,1.0,
2013,330250,0.99,
2013,330259,0.9936,
2013,330261,1.0,
2013,330263,0.9996,
2013,330264,0.9906,
2013,330265,0.9969,
2013,330267,0.9915,
2013,330268,1.0,
2013,330270,1.0,
2013,330273,0.99,
2013,330276,0.9951,
2013,330277,0.9911,
2013,330279,1.0,
2013,330285,0.999,
2013,330286,0.9966,
2013,330290,0.9945,
2013,330304,0.9955,
2013,330306,0.9914,
2013,330307,1.0,
2013,330316,0.99,
2013,330331,0.9951,
2013,330332,0.9981,
2013,330340,0.9954,
2013,330350,0.99,
2013,330353,0.99,
2013,330372,0.9947,
2013,330385,0.9976,
2013,330386,0.9946,
2013,330393,0.99,
2013,330394,1.0,
2013,330395,0.9913,
2013,330396,0.99,
2013,330397,0.99,
2013,330399,0.9938,
2013,330401,0.99,
2013,330404,1.0,no_measure_data
2013,330405,1.0,no_measure_data
2013,330406,1.0,no_measure_data
2013,340001,0.9997,
2013,340002,1.0,
2013,340003,0.997,
2013,340004,0.9988,
2013,340008,0.9949,
2013,340010,0.9953,
2013,340011,0.9992,
2013,340013,0.9932,
2013,340014,1.0,
2013,340015,1.0,
2013,340016,1.0,
2013,340017,1.0,
2013,340020,0.9957,
2013,340021,1.0,
2013,340023,1.0,
2013,340024,1.0,
2013,340027,0.9992,
2013,340028,0.9974,
2013,340030,0.9955,
2013,340032,0.9973,
2013,340036,1.0,
2013,340037,1.0,
2013,340038,0.9995,
2013,340039,0.9953,
2013,340040,0.9943,
2013,340041,1.0,
2013,340042,0.9981,
2013,340047,0.9928,
2013,340049,1.0,no_measure_data
2013,340050,0.9907,
2013,340051,0.9966,
2013,340053,1.0,
2013,340055,1.0,
2013,340060,0.99,
2013,340061,0.998,
2013,340064,0.9943,
2013,340068,0.9997,
2013,340069,0.9972,
2013,340070,0.9997,
2013,340071,0.9959,
2013,340073,0.9994,
2013,340075,0.999,
2013,340084,0.9924,
2013,340085,0.9974,
2013,340087,1.0,
2013,340090,0.9971,
2013,340091,1.0,
2013,340096,0.9971,
2013,340097,0.9925,
2013,340098,1.0,
2013,340099,0.99,
2013,340106,0.99,
2013,340107,0.9946,
2013,340109,1.0,
2013,340113,0.9947,
2013,340114,0.9985,
2013,340115,0.9964,
2013,340116,1.0,
2013,340119,0.9994,
2013,340120,0.9955,
2013,340123,0.9916,
2013,340126,0.9954,
2013,340127,0.9995,
2013,340129,0.9998,
2013,340130,0.9984,
2013,340131,0.9984,
2013,340132,0.9999,
2013,340133,0.9902,
2013,340141,1.0,
2013,340142,0.9976,
2013,340143,1.0,
2013,340144,0.9911,
2013,340145,0.9985,
2013,340147,0.991,
2013,340148,1.0,no_measure_data
2013,340151,0.9956,
2013,340153,1.0,
2013,340155,0.9982,
2013,340156,1.0,
2013,340158,0.998,
2013,340159,1.0,
2013,340160,0.9993,
2013,340166,0.9999,
2013,340168,1.0,no_measure_data
2013,340171,0.9991,
2013,340173,1.0,
2013,340183,1.0,
2013,340184,1.0,
2013,340186,1.0,no_measure_data
2013,350002,1.0,
2013,350006,0.9999,
2013,350011,1.0,
2013,350015,0.9963,
2013,350019,0.9995,
2013,350063,0.9927,
2013,350070,0.998,
2013,360001,0.9997,
2013,360002,1.0,
2013,360003,0.9941,
2013,360006,0.9987,
2013,360008,0.9973,
2013,360009,0.9977,
2013,360010,0.99,
2013,360011,0.9987,
2013,360012,0.9985,
2013,360013,0.998,
2013,360014,0.9951,
2013,360016,0.99,
2013,360017,0.9968,
2013,360019,0.99,
2013,360020,0.9954,
2013,360025,0.9988,
2013,360026,1.0,
2013,360027,0.9981,
2013,360029,1.0,
2013,360032,1.0,
2013,360035,0.9971,
2013,360036,1.0,
2013,360037,0.9967,
2013,360038,0.9972,
2013,360039,0.9929,
2013,360040,1.0,
2013,360041,0.9971,
2013,360044,0.9994,
2013,360046,0.9983,
2013,360048,0.9988,
2013,360051,0.9996,
2013,360052,0.9932,
2013,360054,0.99,
2013,360055,0.9945,
2013,360056,0.9986,
2013,360058,0.9986,
2013,360059,0.9955,
2013,360064,0.9915,
2013,360065,0.9996,
2013,360066,1.0,
2013,360068,1.0,
2013,360070,1.0,
2013,360071,1.0,
2013,360072,0.9943,
2013,360074,0.9991,
2013,360075,0.99,
2013,360076,0.9978,
2013,360077,0.9945,
2013,360078,0.995,
2013,360079,1.0,
2013,360080,0.9945,
2013,360081,0.9965,
2013,360082,0.9958,
2013,360084,1.0,
2013,360085,0.9935,
2013,360086,0.9944,
2013,360087,0.9985,
2013,360089,1.0,
2013,360090,0.9984,
2013,360091,0.9974,
2013,360092,1.0,
2013,360095,1.0,
2013,360096,0.99,
2013,360098,0.9931,
2013,360101,0.9967,
2013,360107,0.9977,
2013,360109,0.9987,
2013,360112,0.9977,
2013,360113,0.9938,
2013,360115,0.99,
2013,360116,0.9999,
2013,360118,0.9941,
2013,360121,1.0,
2013,360123,0.9997,
2013,360125,1.0,
2013,360130,0.9992,
2013,360131,1.0,
2013,360132,0.9973,
2013,360133,0.9955,
2013,360134,0.9954,
2013,360137,0.9989,
2013,360141,0.995,
2013,360143,0.99,
2013,360144,0.9922,
2013,360145,0.9946,
2013,360147,0.9964,
2013,360148,0.9986,
2013,360150,0.9955,
2013,360151,0.997,
2013,360152,0.9989,
2013,360153,0.9993,
2013,360155,0.9944,
2013,360156,1.0,
2013,360159,0.9909,
2013,360161,0.9972,
2013,360163,0.9985,
2013,360170,0.9953,
2013,360172,0.9919,
2013,360174,0.9976,
2013,360175,0.9932,
2013,360179,0.992,
2013,360180,0.9926,
2013,360185,1.0,
2013,360189,1.0,
2013,360192,0.9989,
2013,360195,1.0,
2013,360197,1.0,
2013,360203,0.992,
2013,360210,1.0,
2013,360211,0.99,
2013,360212,0.9994,
2013,360218,1.0,
2013,360230,0.9965,
2013,360234,0.9974,
2013,360236,0.9971,
2013,360239,1.0,
2013,360245,1.0,no_measure_data
2013,360247,1.0,no_measure_data
2013,360258,1.0,no_measure_data
2013,360259,0.9979,
2013,360261,1.0,no_measure_data
2013,360262,0.9979,
2013,360263,1.0,no_measure_data
2013,360266,1.0,no_measure_data
2013,360269,1.0,no_measure_data
2013,360270,0.9997,
2013,360271,1.0,no_measure_data
2013,360274,1.0,
2013,360276,0.9966,
2013,360347,1.0,
2013,360348,0.9995,
2013,360350,1.0,no_measure_data
2013,360351,1.0,no_measure_data
2013,360352,1.0,no_measure_data
2013,360354,0.9987,
2013,360355,1.0,no_measure_data
2013,360356,1.0,
2013,360358,1.0,
2013,360359,1.0,
2013,370001,0.99,
2013,370002,0.998,
2013,370004,0.9945,
2013,370006,1.0,
2013,370007,1.0,
2013,370008,0.9996,
2013,370011,0.9973,
2013,370013,0.9999,
2013,370014,0.99,
2013,370015,1.0,
2013,370016,0.9932,
2013,370018,0.9991,
2013,370019,0.9954,
2013,370020,1.0,
2013,370022,0.9985,
2013,370023,1.0,
2013,370025,0.9983,
2013,370026,1.0,
2013,370028,1.0,
2013,370029,0.9959,
2013,370030,1.0,
2013,370032,0.9996,
2013,370034,0.9985,
2013,370036,0.99,
2013,370037,1.0,
2013,370039,0.9942,
2013,370040,0.99,
2013,370041,1.0,
2013,370047,0.9915,
2013,370048,0.999,
2013,370049,1.0,
2013,370051,0.9942,
2013,370054,1.0,
2013,370056,1.0,
2013,370057,0.9946,
2013,370065,0.9916,
2013,370072,0.9991,
2013,370078,0.9957,
2013,370080,1.0,
2013,370083,0.99,
2013,370089,0.998,
2013,370091,0.9974,
2013,370093,0.9983,
2013,370094,0.9902,
2013,370097,0.9989,
2013,370099,0.9974,
2013,370100,0.99,
2013,370103,0.991,
2013,370106,0.9997,
2013,370112,0.998,
2013,370113,0.9996,
2013,370114,0.9959,
2013,370138,0.9967,
2013,370139,0.998,
2013,370149,0.9995,
2013,370153,0.9989,
2013,370156,0.9902,
2013,370158,0.9997,
2013,370166,0.999,
2013,370169,1.0,
2013,370170,1.0,
2013,370171,1.0,
2013,370172,1.0,
2013,370173,0.9995,
2013,370178,0.997,
2013,370180,1.0,
2013,370183,1.0,
2013,370190,1.0,
2013,370192,1.0,no_measure_data
2013,370199,1.0,no_measure_data
2013,370201,1.0,no_measure_data
2013,370202,0.9985,
2013,370203,1.0,
2013,370206,1.0,no_measure_data
2013,370210,1.0,no_measure_data
2013,370211,1.0,
2013,370212,1.0,no_measure_data
2013,370214,1.0,
2013,370215,1.0,
2013,370216,1.0,
2013,370218,0.9971,
2013,370220,1.0,no_measure_data
2013,370222,1.0,
2013,370225,1.0,no_measure_data
2013,370227,1.0,
2013,370228,1.0,
2013,370229,0.9958,
2013,370232,1.0,
2013,370234,0.9997,
2013,370235,1.0,
2013,380001,0.9995,
2013,380002,1.0,
2013,380004,1.0,
2013,380005,1.0,
2013,380007,0.999,
2013,380009,0.9979,
2013,380014,1.0,
2013,380017,0.9997,
2013,380018,1.0,
2013,380020,1.0,
2013,380021,1.0,
2013,380022,1.0,
2013,380025,0.9987,
2013,380027,0.9977,
2013,380029,1.0,
2013,380033,1.0,
2013,380037,1.0,
2013,380038,1.0,
2013,380040,1.0,
2013,380047,1.0,
2013,380050,1.0,
2013,380051,1.0,
2013,380052,1.0,
2013,380056,0.9994,
2013,380060,1.0,
2013,380061,1.0,
2013,380071,1.0,
2013,380075,0.9995,
2013,380082,1.0,
2013,380089,0.9972,
2013,380090,0.9962,
2013,380091,1.0,
2013,380102,1.0,
2013,390001,1.0,
2013,390002,0.9934,
2013,390003,0.9922,
2013,390004,0.9979,
2013,390006,0.9998,
2013,390008,0.997,
2013,390009,1.0,
2013,390012,0.9937,
2013,390013,1.0,
2013,390016,0.99,
2013,390019,0.9964,
2013,390025,1.0,no_measure_data
2013,390026,0.99,
2013,390027,0.9948,
2013,390028,0.9955,
2013,390030,0.9972,
2013,390031,0.9902,
2013,390032,0.99,
2013,390035,0.9997,
2013,390036,0.9934,
2013,390037,0.9977,
2013,390039,0.9998,
2013,390041,0.9979,
2013,390042,0.9958,
2013,390043,1.0,
2013,390044,1.0,
2013,390045,1.0,
2013,390046,0.9994,
2013,390048,0.99,
2013,390049,0.9903,
2013,390050,0.9969,
2013,390052,0.99,
2013,390056,0.9998,
2013,390057,0.9987,
2013,390058,0.9988,
2013,390061,0.9974,
2013,390062,0.9955,
2013,390063,1.0,
2013,390065,0.9992,
2013,390066,0.9998,
2013,390067,0.9999,
2013,390068,1.0,
2013,390070,0.9923,
2013,390071,1.0,
2013,390072,0.9925,
2013,390073,0.9999,
2013,390076,1.0,
2013,390079,0.9945,
2013,390080,0.9936,
2013,390081,0.9946,
2013,390084,0.99,
2013,390086,1.0,
2013,390090,0.9956,
2013,390091,0.9973,
2013,390093,0.9955,
2013,390095,0.99,
2013,390096,0.9994,
2013,390097,0.9969,
2013,390100,1.0,
2013,390101,0.99,
2013,390102,0.9985,
2013,390104,0.9924,
2013,390107,0.9982,
2013,390108,0.9974,
2013,390110,0.9968,
2013,390111,0.9998,
2013,390112,0.99,
2013,390113,0.9997,
2013,390114,0.9996,
2013,390115,0.99,
2013,390116,0.9981,
2013,390117,1.0,
2013,390118,0.9996,
2013,390119,0.9997,
2013,390122,0.9962,
2013,390123,0.99,
2013,390125,0.9981,
2013,390127,0.99,
2013,390130,1.0,
2013,390132,0.9928,
2013,390133,0.9977,
2013,390137,1.0,
2013,390138,0.9972,
2013,390139,0.9943,
2013,390142,0.9944,
2013,390145,0.9941,
2013,390146,1.0,
2013,390147,0.9943,
2013,390150,0.9962,
2013,390151,1.0,
2013,390153,1.0,
2013,390154,0.9943,
2013,390156,0.99,
2013,390157,0.9966,
2013,390160,0.9998,
2013,390162,0.99,
2013,390163,1.0,
2013,390164,0.9997,
2013,390168,0.9909,
2013,390173,0.9935,
2013,390174,0.9945,
2013,390178,0.9999,
2013,390179,0.9987,
2013,390180,0.9943,
2013,390183,0.9985,
2013,390184,0.9962,
2013,390185,0.99,
2013,390189,0.9931,
2013,390192,1.0,
2013,390194,0.9983,
2013,390195,0.9967,
2013,390197,1.0,
2013,390198,0.9922,
2013,390199,0.9961,
2013,390201,1.0,
2013,390203,1.0,
2013,390204,0.99,
2013,390211,0.9972,
2013,390217,0.99,
2013,390219,0.9975,
2013,390220,0.99,
2013,390222,0.9954,
2013,390223,0.9994,
2013,390225,0.9984,
2013,390226,0.99,
2013,390228,0.9932,
2013,390231,0.9969,
2013,390233,1.0,
2013,390236,1.0,
2013,390237,1.0,
2013,390256,1.0,
2013,390258,0.9943,
2013,390263,0.9949,
2013,390265,0.9954,
2013,390266,1.0,
2013,390267,0.9924,
2013,390268,0.9974,
2013,390270,0.9996,
2013,390272,1.0,no_measure_data
2013,390278,1.0,no_measure_data
2013,390290,0.9911,
2013,390302,1.0,no_measure_data
2013,390304,0.99,
2013,390307,1.0,no_measure_data
2013,390312,1.0,
2013,390313,0.9988,
2013,390314,1.0,no_measure_data
2013,390316,1.0,no_measure_data
2013,390318,1.0,
2013,390321,1.0,no_measure_data
2013,390322,1.0,no_measure_data
2013,390323,1.0,no_measure_data
2013,390324,1.0,no_measure_data
2013,390325,1.0,no_measure_data
2013,400001,1.0,puerto_rico_excluded
2013,400003,1.0,puerto_rico_excluded
2013,400004,1.0,puerto_rico_excluded
2013,400005,1.0,puerto_rico_excluded
2013,400006,1.0,puerto_rico_excluded
2013,400007,1.0,puerto_rico_excluded
2013,400009,1.0,puerto_rico_excluded
2013,400010,1.0,puerto_rico_excluded
2013,400011,1.0,puerto_rico_excluded
2013,400012,1.0,puerto_rico_excluded
2013,400013,1.0,puerto_rico_excluded
2013,400014,1.0,puerto_rico_excluded
2013,400015,1.0,puerto_rico_excluded
2013,400016,1.0,puerto_rico_excluded
2013,400018,1.0,puerto_rico_excluded
2013,400019,1.0,puerto_rico_excluded
2013,400021,1.0,puerto_rico_excluded
2013,400022,1.0,puerto_rico_excluded
2013,400024,1.0,puerto_rico_excluded
2013,400026,1.0,puerto_rico_excluded
2013,400032,1.0,puerto_rico_excluded
2013,400044,1.0,puerto_rico_excluded
2013,400048,1.0,puerto_rico_excluded
2013,400061,1.0,puerto_rico_excluded
2013,400079,1.0,puerto_rico_excluded
2013,400087,1.0,puerto_rico_excluded
2013,400098,1.0,puerto_rico_excluded
2013,400102,1.0,puerto_rico_excluded
2013,400103,1.0,puerto_rico_excluded
2013,400104,1.0,puerto_rico_excluded
2013,400105,1.0,puerto_rico_excluded
2013,400106,1.0,puerto_rico_excluded
2013,400109,1.0,puerto_rico_excluded
2013,400110,1.0,puerto_rico_excluded
2013,400111,1.0,puerto_rico_excluded
2013,400112,1.0,puerto_rico_excluded
2013,400113,1.0,puerto_rico_excluded
2013,400114,1.0,puerto_rico_excluded
2013,400115,1.0,puerto_rico_excluded
2013,400117,1.0,puerto_rico_excluded
2013,400118,1.0,puerto_rico_excluded
2013,400120,1.0,puerto_rico_excluded
2013,400121,1.0,puerto_rico_excluded
2013,400122,1.0,puerto_rico_excluded
2013,400123,1.0,puerto_rico_excluded
2013,400124,1.0,puerto_rico_excluded
2013,400125,1.0,puerto_rico_excluded
2013,400126,1.0,puerto_rico_excluded
2013,400127,1.0,puerto_rico_excluded
2013,400128,1.0,puerto_rico_excluded
2013,400130,1.0,puerto_rico_excluded
2013,400131,1.0,puerto_rico_excluded
2013,410001,0.99,
2013,410004,0.9985,
2013,410005,0.9925,
2013,410006,0.9999,
2013,410007,0.9922,
2013,410008,0.9989,
2013,410009,0.9942,
2013,410010,1.0,
2013,410011,0.9998,
2013,410012,0.9925,
2013,410013,1.0,
2013,420002,0.9969,
2013,420004,0.9995,
2013,420005,0.999,
2013,420007,0.9981,
2013,420009,0.9998,
2013,420010,0.99,
2013,420011,1.0,
2013,420015,0.9937,
2013,420016,0.9998,
2013,420018,1.0,
2013,420019,1.0,
2013,420020,0.9927,
2013,420023,1.0,
2013,420026,0.9994,
2013,420027,1.0,
2013,420030,0.9955,
2013,420033,1.0,
2013,420036,0.9957,
2013,420037,1.0,
2013,420038,1.0,
2013,420039,0.9996,
2013,420043,0.9943,
2013,420048,0.9949,
2013,420049,0.9992,
2013,420051,0.9918,
2013,420053,1.0,
2013,420054,1.0,
2013,420055,0.9915,
2013,420056,0.9946,
2013,420057,1.0,
2013,420062,0.99,
2013,420064,1.0,
2013,420065,1.0,
2013,420066,1.0,
2013,420067,0.9923,
2013,420068,0.995,
2013,420069,0.9948,
2013,420070,0.9996,
2013,420071,1.0,
2013,420072,0.9954,
2013,420073,0.999,
2013,420078,1.0,
2013,420079,0.9972,
2013,420080,0.993,
2013,420082,1.0,
2013,420083,0.9984,
2013,420085,0.9944,
2013,420086,0.9996,
2013,420087,1.0,
2013,420089,1.0,
2013,420091,0.9926,
2013,420098,0.99,
2013,420101,0.9925,
2013,420102,1.0,no_measure_data
2013,420103,1.0,
2013,420104,1.0,
2013,430005,1.0,
2013,430008,0.9986,
2013,430012,0.9983,
2013,430013,1.0,
2013,430014,1.0,
2013,430015,1.0,
2013,430016,1.0,
2013,430027,1.0,
2013,430048,1.0,
2013,430077,1.0,
2013,430081,1.0,
2013,430082,1.0,
2013,430083,1.0,
2013,430084,1.0,
2013,430089,1.0,no_measure_data
2013,430090,1.0,no_measure_data
2013,430091,1.0,no_measure_data
2013,430092,1.0,no_measure_data
2013,430093,1.0,no_measure_data
2013,430094,1.0,no_measure_data
2013,430095,1.0,
2013,430096,1.0,no_measure_data
2013,440001,0.9909,
2013,440002,0.997,
2013,440003,0.9938,
2013,440006,0.9967,
2013,440007,0.9954,
2013,440008,0.9975,
2013,440009,0.99,
2013,440010,0.99,
2013,440011,0.99,
2013,440012,0.9958,
2013,440015,0.9993,
2013,440016,1.0,
2013,440017,0.9969,
2013,440018,0.99,
2013,440020,1.0,
2013,440025,0.99,
2013,440029,0.9997,
2013,440030,0.99,
2013,440031,1.0,
2013,440032,0.9955,
2013,440033,0.99,
2013,440034,0.99,
2013,440035,0.99,
2013,440039,0.9939,
2013,440040,0.99,
2013,440046,0.997,
2013,440047,1.0,
2013,440048,1.0,
2013,440049,0.9926,
2013,440050,1.0,
2013,440051,0.9963,
2013,440053,0.99,
2013,440054,0.9951,
2013,440056,0.997,
2013,440057,0.9934,
2013,440058,0.9906,
2013,440059,1.0,
2013,440060,1.0,
2013,440061,0.9962,
2013,440063,0.99,
2013,440064,0.9992,
2013,440065,1.0,
2013,440067,0.9928,
2013,440068,1.0,
2013,440070,0.99,
2013,440072,0.9908,
2013,440073,0.9964,
2013,440081,0.9994,
2013,440082,0.9918,
2013,440083,0.99,
2013,440084,0.99,
2013,440091,1.0,
2013,440102,1.0,
2013,440104,0.9992,
2013,440109,1.0,
2013,440110,1.0,
2013,440111,1.0,
2013,440115,0.9968,
2013,440120,0.9975,
2013,440125,1.0,
2013,440130,0.9934,
2013,440131,0.9994,
2013,440132,0.9989,
2013,440133,0.9968,
2013,440137,0.9964,
2013,440141,0.9998,
2013,440144,0.9965,
2013,440148,0.9957,
2013,440150,0.9941,
2013,440151,0.99,
2013,440152,1.0,
2013,440153,1.0,
2013,440156,1.0,
2013,440159,0.9972,
2013,440161,1.0,
2013,440168,0.9965,
2013,440173,0.998,
2013,440174,0.9955,
2013,440175,0.99,
2013,440176,0.998,
2013,440180,0.99,
2013,440181,1.0,
2013,440182,0.9942,
2013,440183,0.9967,
2013,440184,0.9997,
2013,440185,0.9931,
2013,440186,0.9904,
2013,440187,0.99,
2013,440189,0.996,
2013,440192,0.992,
2013,440193,0.9973,
2013,440194,0.9953,
2013,440197,0.9985,
2013,440200,0.9981,
2013,440218,1.0,no_measure_data
2013,440227,0.9977,
2013,440228,0.998,
2013,450002,0.9987,
2013,450005,0.9983,
2013,450007,1.0,
2013,450010,0.9998,
2013,450011,0.9993,
2013,450015,0.9997,
2013,450018,0.9995,
2013,450021,1.0,
2013,450023,1.0,
2013,450024,1.0,
2013,450028,0.9937,
2013,450029,0.9942,
2013,450032,0.99,
2013,450033,0.9918,
2013,450034,0.9993,
2013,450035,0.9974,
2013,450037,0.9954,
2013,450039,0.9992,
2013,450040,1.0,
2013,450042,0.9999,
2013,450044,1.0,
2013,450046,0.9999,
2013,450051,0.9977,
2013,450052,0.9971,
2013,450054,0.9986,
2013,450055,0.9988,
2013,450056,0.9965,
2013,450058,1.0,
2013,450064,0.9978,
2013,450068,1.0,
2013,450072,1.0,
2013,450073,0.9999,
2013,450078,0.998,
2013,450079,0.997,
2013,450080,1.0,
2013,450082,1.0,
2013,450083,0.9987,
2013,450085,0.9978,
2013,450087,0.9998,
2013,450090,0.999,
2013,450092,1.0,
2013,450097,0.9999,
2013,450099,0.9961,
2013,450101,0.9996,
2013,450102,1.0,
2013,450104,0.9999,
2013,450107,0.9987,
2013,450108,0.9991,
2013,450119,0.9965,
2013,450123,1.0,
2013,450124,0.9989,
2013,450128,0.9995,
2013,450130,0.9999,
2013,450132,1.0,
2013,450133,1.0,
2013,450135,0.9941,
2013,450137,1.0,
2013,450143,0.9995,
2013,450144,1.0,
2013,450147,0.9994,
2013,450148,0.998,
2013,450152,0.9969,
2013,450154,0.9992,
2013,450155,1.0,
2013,450162,1.0,
2013,450163,0.9966,
2013,450165,1.0,
2013,450176,0.9939,
2013,450177,0.99,
2013,450178,0.998,
2013,450184,1.0,
2013,450187,0.9989,
2013,450188,0.99,
2013,450192,0.9995,
2013,450193,1.0,
2013,450194,0.9905,
2013,450196,0.9974,
2013,450200,0.9957,
2013,450203,1.0,
2013,450209,1.0,
2013,450210,0.9976,
2013,450211,0.9989,
2013,450213,0.9996,
2013,450214,0.9993,
2013,450219,1.0,
2013,450221,1.0,
2013,450222,0.9924,
2013,450229,1.0,
2013,450231,1.0,
2013,450234,0.9902,
2013,450235,1.0,
2013,450236,1.0,
2013,450237,1.0,
2013,450241,0.9994,
2013,450243,1.0,
2013,450253,0.9953,
2013,450270,1.0,
2013,450271,0.9981,
2013,450272,1.0,
2013,450280,1.0,
2013,450283,0.9953,
2013,450289,0.998,
2013,450292,1.0,
2013,450293,1.0,
2013,450296,0.9925,
2013,450299,1.0,
2013,450306,0.9954,
2013,450315,1.0,
2013,450324,0.9959,
2013,450330,0.999,
2013,450340,0.9966,
2013,450346,0.9983,
2013,450347,0.9997,
2013,450348,0.9906,
2013,450351,1.0,
2013,450352,0.9986,
2013,450358,1.0,
2013,450369,0.9968,
2013,450370,0.9969,
2013,450372,1.0,
2013,450373,0.9976,
2013,450379,0.9964,
2013,450388,1.0,
2013,450389,0.9973,
2013,450395,0.9973,
2013,450399,1.0,
2013,450400,0.99,
2013,450403,0.9964,
2013,450411,0.998,
2013,450419,1.0,
2013,450422,1.0,no_measure_data
2013,450424,1.0,
2013,450431,1.0,
2013,450438,0.9932,
2013,450446,1.0,
2013,450447,0.9979,
2013,450451,1.0,
2013,450460,0.9953,
2013,450462,0.9952,
2013,450465,0.9969,
2013,450469,0.9992,
2013,450475,0.99,
2013,450484,0.9972,
2013,450488,1.0,
2013,450489,1.0,
2013,450497,0.9936,
2013,450498,1.0,
2013,450508,0.99,
2013,450518,1.0,
2013,450530,0.9955,
2013,450537,0.9989,
2013,450539,0.9938,
2013,450558,0.9969,
2013,450563,0.9969,
2013,450565,0.9988,
2013,450571,1.0,
2013,450573,1.0,
2013,450578,1.0,
2013,450580,0.9931,
2013,450584,1.0,
2013,450586,1.0,
2013,450587,1.0,
2013,450591,1.0,
2013,450596,1.0,
2013,450597,0.9918,
2013,450604,1.0,
2013,450605,1.0,
2013,450610,1.0,
2013,450615,1.0,
2013,450617,0.9982,
2013,450620,0.99,
2013,450630,0.9989,
2013,450634,0.999,
2013,450638,1.0,
2013,450639,1.0,
2013,450641,1.0,
2013,450643,0.99,
2013,450644,1.0,
2013,450647,0.9987,
2013,450651,0.9978,
2013,450653,0.9959,
2013,450654,0.99,
2013,450656,0.9978,
2013,450658,0.9923,
2013,450659,1.0,
2013,450661,0.9947,
2013,450662,0.9921,
2013,450668,0.9995,
2013,450669,0.9955,
2013,450670,0.999,
2013,450672,0.997,
2013,450674,1.0,no_measure_data
2013,450675,0.9939,
2013,450677,0.9986,
2013,450678,0.9997,
2013,450683,0.9984,
2013,450684,0.9984,
2013,450686,0.9962,
2013,450688,0.99,
2013,450690,0.9987,
2013,450694,0.9931,
2013,450697,0.9993,
2013,450698,1.0,
2013,450702,0.9991,
2013,450709,0.9965,
2013,450711,0.9971,
2013,450713,0.9937,
2013,450716,0.9995,
2013,450718,1.0,
2013,450723,0.9992,
2013,450730,0.9988,
2013,450742,0.9977,
2013,450743,0.9928,
2013,450746,1.0,
2013,450747,0.9992,
2013,450749,0.9941,
2013,450754,0.9946,
2013,450755,0.9974,
2013,450766,1.0,
2013,450770,1.0,
2013,450771,0.9982,
2013,450774,1.0,no_measure_data
2013,450775,0.9979,
2013,450779,0.9999,
2013,450780,1.0,no_measure_data
2013,450788,0.9948,
2013,450795,1.0,
2013,450796,1.0,no_measure_data
2013,450797,1.0,no_measure_data
2013,450801,0.998,
2013,450803,0.9997,
2013,450804,1.0,no_measure_data
2013,450808,1.0,no_measure_data
2013,450809,0.9999,
2013,450813,1.0,
2013,450820,0.9988,
2013,450822,0.9984,
2013,450824,0.9995,
2013,450825,1.0,
2013,450827,1.0,
2013,450828,0.9945,
2013,450831,1.0,no_measure_data
2013,450832,0.9949,
2013,450833,0.9918,
2013,450834,1.0,
2013,450839,0.9929,
2013,450840,0.997,
2013,450841,0.9987,
2013,450844,1.0,
2013,450845,1.0,no_measure_data
2013,450847,0.999,
2013,450848,0.9983,
2013,450851,1.0,
2013,450853,1.0,
2013,450855,0.9982,
2013,450856,1.0,no_measure_data
2013,450860,1.0,no_measure_data
2013,450862,1.0,
2013,450864,1.0,no_measure_data
2013,450865,0.9997,
2013,450867,0.9996,
2013,450869,0.9999,
2013,450871,1.0,no_measure_data
2013,450872,1.0,
2013,450874,1.0,no_measure_data
2013,450875,1.0,no_measure_data
2013,450876,1.0,
2013,450877,0.9973,
2013,450878,0.9968,
2013,450880,1.0,no_measure_data
2013,450883,1.0,
2013,450884,1.0,
2013,450885,0.9968,
2013,450886,1.0,no_measure_data
2013,450888,1.0,no_measure_data
2013,450889,1.0,no_measure_data
2013,450890,1.0,
2013,450891,1.0,no_measure_data
2013,450893,1.0,no_measure_data
2013,450894,1.0,no_measure_data
2013,460001,1.0,
2013,460003,1.0,
2013,460004,1.0,
2013,460005,1.0,
2013,460006,1.0,
2013,460007,1.0,
2013,460009,1.0,
2013,460010,1.0,
2013,460011,1.0,
2013,460013,1.0,
2013,460014,1.0,
2013,460015,1.0,
2013,460017,0.9995,
2013,460019,1.0,
2013,460021,1.0,
2013,460023,1.0,
2013,460026,1.0,
2013,460030,1.0,
2013,460033,1.0,
2013,460035,1.0,
2013,460039,1.0,
2013,460041,1.0,
2013,460042,1.0,
2013,460043,1.0,no_measure_data
2013,460044,1.0,
2013,460047,1.0,
2013,460049,1.0,no_measure_data
2013,460051,1.0,
2013,460052,0.9971,
2013,460054,1.0,
2013,460057,1.0,
2013,460058,1.0,
2013,470001,1.0,
2013,470003,0.9998,
2013,470005,1.0,
2013,470011,1.0,
2013,470012,0.9992,
2013,470024,1.0,
2013,490001,0.9925,
2013,490002,0.99,
2013,490004,0.9915,
2013,490005,0.9999,
2013,490007,0.9972,
2013,490009,0.9964,
2013,490011,1.0,
2013,490012,0.99,
2013,490013,0.9977,
2013,490017,0.9939,
2013,490018,1.0,
2013,490019,0.99,
2013,490020,0.9963,
2013,490021,0.9946,
2013,490022,0.99,
2013,490023,0.9966,
2013,490024,0.9993,
2013,490027,0.9951,
2013,490032,0.996,
2013,490033,1.0,
2013,490037,0.9975,
2013,490038,0.9987,
2013,490040,0.9986,
2013,490041,1.0,
2013,490042,0.993,
2013,490043,0.9988,
2013,490044,1.0,
2013,490045,1.0,
2013,490046,0.9988,
2013,490048,0.9936,
2013,490050,1.0,
2013,490052,1.0,
2013,490053,0.9914,
2013,490057,0.9985,
2013,490059,0.996,
2013,490060,0.99,
2013,490063,0.9995,
2013,490066,1.0,
2013,490067,0.9948,
2013,490069,0.9975,
2013,490075,0.9901,
2013,490077,0.9945,
2013,490079,0.9995,
2013,490084,0.9976,
2013,490088,0.9972,
2013,490089,1.0,
2013,490090,0.9924,
2013,490092,0.9921,
2013,490093,0.9922,
2013,490094,1.0,
2013,490097,0.99,
2013,490098,0.9973,
2013,490101,0.9994,
2013,490105,1.0,
2013,490106,1.0,no_measure_data
2013,490107,0.9994,
2013,490109,1.0,
2013,490110,0.9969,
2013,490111,0.9949,
2013,490112,0.9995,
2013,490113,0.9983,
2013,490114,0.9931,
2013,490115,0.9998,
2013,490116,0.99,
2013,490117,0.9942,
2013,490118,1.0,
2013,490119,1.0,
2013,490120,0.9968,
2013,490122,0.9977,
2013,490123,1.0,
2013,490126,0.9975,
2013,490127,0.9999,
2013,490130,0.9987,
2013,490134,1.0,
2013,490135,1.0,
2013,490136,0.9958,
2013,490140,0.9985,
2013,490141,0.9979,
2013,490142,1.0,no_measure_data
2013,500001,1.0,
2013,500002,1.0,
2013,500003,0.9976,
2013,500005,0.9983,
2013,500007,0.9988,
2013,500008,0.9986,
2013,500011,1.0,
2013,500012,0.9963,
2013,500014,0.9977,
2013,500015,0.994,
2013,500016,1.0,
2013,500019,0.9999,
2013,500021,1.0,
2013,500024,1.0,
2013,500025,0.9979,
2013,500026,0.996,
2013,500027,0.9982,
2013,500030,1.0,
2013,500031,0.9984,
2013,500033,1.0,
2013,500036,0.9989,
2013,500037,0.9953,
2013,500039,1.0,
2013,500041,0.9993,
2013,500044,0.9985,
2013,500049,1.0,
2013,500050,0.9972,
2013,500051,1.0,
2013,500052,1.0,no_measure_data
2013,500053,0.9944,
2013,500054,1.0,
2013,500058,1.0,
2013,500060,1.0,
2013,500064,0.9997,
2013,500072,1.0,
2013,500077,1.0,
2013,500079,0.9973,
2013,500084,1.0,
2013,500088,0.9966,
2013,500108,0.9956,
2013,500119,0.9982,
2013,500124,1.0,
2013,500129,0.9968,
2013,500139,0.9994,
2013,500141,0.9998,
2013,500148,1.0,
2013,500150,0.9945,
2013,500151,0.9985,
2013,510001,0.9962,
2013,510002,0.9964,
2013,510006,0.9953,
2013,510007,0.9978,
2013,510008,0.9996,
2013,510012,0.9918,
2013,510013,0.9992,
2013,510018,0.99,
2013,510022,0.9957,
2013,510023,0.9967,
2013,510024,0.9954,
2013,510029,1.0,
2013,510030,0.9915,
2013,510031,0.9952,
2013,510033,0.9944,
2013,510038,0.99,
2013,510039,0.9976,
2013,510046,0.99,
2013,510047,0.9985,
2013,510048,0.99,
2013,510050,0.9954,
2013,510053,1.0,
2013,510055,0.9979,
2013,510058,0.9932,
2013,510059,1.0,no_measure_data
2013,510062,0.9942,
2013,510070,0.99,
2013,510071,0.9941,
2013,510072,0.9939,
2013,510077,0.9954,
2013,510082,1.0,
2013,510085,1.0,
2013,510086,0.9995,
2013,520002,0.9987,
2013,520004,1.0,
2013,520008,0.9997,
2013,520009,0.9994,
2013,520011,1.0,
2013,520013,1.0,
2013,520017,0.9997,
2013,520019,1.0,
2013,520021,0.9969,
2013,520027,1.0,
2013,520028,1.0,
2013,520030,1.0,
2013,520033,0.9991,
2013,520034,1.0,
2013,520035,1.0,
2013,520037,0.9979,
2013,520038,1.0,
2013,520041,0.9968,
2013,520044,1.0,
2013,520045,1.0,
2013,520048,1.0,
2013,520049,1.0,
2013,520051,0.9974,
2013,520057,1.0,
2013,520059,1.0,
2013,520062,0.9986,
2013,520063,0.9962,
2013,520066,1.0,
2013,520070,1.0,
2013,520071,1.0,
2013,520075,0.9998,
2013,520076,0.9985,
2013,520078,0.9952,
2013,520083,1.0,
2013,520087,1.0,
2013,520088,1.0,
2013,520089,0.9985,
2013,520091,1.0,
2013,520095,1.0,
2013,520096,0.9969,
2013,520097,1.0,
2013,520098,0.9999,
2013,520100,1.0,
2013,520102,1.0,
2013,520103,0.9984,
2013,520107,1.0,
2013,520109,0.9984,
2013,520113,1.0,
2013,520116,0.9963,
2013,520136,0.9996,
2013,520138,1.0,
2013,520139,0.9969,
2013,520160,1.0,
2013,520170,0.9999,
2013,520177,0.9963,
2013,520189,0.9965,
2013,520193,0.9987,
2013,520194,1.0,no_measure_data
2013,520196,1.0,no_measure_data
2013,520198,1.0,
2013,520202,1.0,
2013,520204,1.0,
2013,520205,1.0,no_measure_data
2013,520206,1.0,
2013,520207,1.0,
2013,530002,0.9985,
2013,530006,0.9977,
2013,530008,1.0,
2013,530010,1.0,
2013,530011,1.0,
2013,530012,1.0,
2013,530014,1.0,
2013,530015,0.9999,
2013,530025,0.9997,
2013,530032,1.0,
2013,530033,1.0,
2013,670002,1.0,
2013,670004,0.9949,
2013,670005,1.0,no_measure_data
2013,670006,1.0,
2013,670008,1.0,no_measure_data
2013,670010,1.0,
2013,670011,1.0,
2013,670012,1.0,no_measure_data
2013,670018,1.0,
2013,670019,1.0,
2013,670021,1.0,no_measure_data
2013,670023,0.9989,
2013,670024,1.0,
2013,670025,1.0,
2013,670029,1.0,
2013,670031,1.0,
2013,670034,1.0,
2013,670041,0.9993,
2013,670043,0.9921,
2013,670044,0.9947,
2013,670046,1.0,no_measure_data
2013,670047,0.9974,
2013,670049,1.0,no_measure_data
2013,670050,0.9985,
2013,670052,0.9968,
2013,670053,1.0,
2013,670054,1.0,no_measure_data
2013,670055,0.9981,
2013,670056,0.9944,
2013,670059,1.0,
2013,670060,0.9978,
2013,670061,1.0,
2013,670063,1.0,
2013,670064,1.0,
2013,670065,1.0,no_measure_data
2013,670066,1.0,no_measure_data
2013,670067,1.0,no_measure_data
2013,670068,0.999,
2013,670069,1.0,no_measure_data
2013,670070,1.0,
2013,670071,1.0,
2013,670072,1.0,no_measure_data
2013,670073,1.0,
2013,670075,1.0,
2013,670076,1.0,no_measure_data
2014,010001,1.0,
2014,010005,1.0,
2014,010006,1.0,
2014,010007,0.9944,
2014,010008,1.0,
2014,010009,0.9981,
2014,010010,0.9972,
2014,010011,0.9999,
2014,010012,0.9969,
2014,010016,0.9981,
2014,010018,1.0,no_measure_data
2014,010019,0.9999,
2014,010021,1.0,
2014,010022,0.9986,
2014,010023,0.9973,
2014,010024,0.9994,
2014,010025,0.9989,
2014,010027,1.0,
2014,010029,0.9949,
2014,010032,0.9866,
2014,010033,0.9975,
2014,010034,0.9944,
2014,010035,0.9984,
2014,010036,0.9967,
2014,010038,0.9985,
2014,010039,1.0,
2014,010040,0.9953,
2014,010043,0.9961,
2014,010044,0.9998,
2014,010045,0.9966,
2014,010046,0.9903,
2014,010047,0.9969,
2014,010049,0.9977,
2014,010050,0.9962,
2014,010051,0.9907,
2014,010052,0.997,
2014,010054,0.9907,
2014,010055,0.9955,
2014,010056,0.9975,
2014,010058,0.9995,
2014,010059,0.9979,
2014,010061,0.9947,
2014,010062,0.9974,
2014,010065,0.9989,
2014,010066,0.9936,
2014,010069,0.9963,
2014,010073,0.996,
2014,010078,0.996,
2014,010079,1.0,
2014,010083,0.9999,
2014,010085,0.9999,
2014,010086,0.9962,
2014,010087,1.0,
2014,010089,1.0,
2014,010090,0.9991,
2014,010091,0.9993,
2014,010092,0.9957,
2014,010095,1.0,
2014,010097,0.9958,
2014,010099,0.9939,
2014,010100,0.9966,
2014,010101,0.9999,
2014,010102,1.0,
2014,010103,0.9974,
2014,010104,0.9994,
2014,010108,0.9886,
2014,010109,0.999,
2014,010110,0.9979,
2014,010112,0.9968,
2014,010113,0.9967,
2014,010114,0.9989,
2014,010118,0.9909,
2014,010120,0.9982,
2014,010125,0.9992,
2014,010126,0.9886,
2014,010128,0.9987,
2014,010129,0.9998,
2014,010130,0.9908,
2014,010131,0.9996,
2014,010137,1.0,
2014,010138,1.0,
2014,010139,0.9996,
2014,010144,0.9973,
2014,010146,1.0,
2014,010148,0.988,
2014,010149,0.9988,
2014,010150,1.0,
2014,010152,1.0,
2014,010157,0.9996,
2014,010158,0.9944,
2014,010164,0.9978,
2014,010168,0.9998,
2014,010169,0.9892,
2014,020001,1.0,
2014,020006,0.9999,
2014,020008,1.0,
2014,020012,1.0,
2014,020017,0.9999,
2014,020018,0.9973,
2014,020024,0.9991,
2014,020026,0.9955,
2014,020027,1.0,
2014,030001,0.9991,
2014,030002,0.9997,
2014,030006,0.9992,
2014,030007,1.0,
2014,030010,1.0,
2014,030011,0.999,
2014,030012,1.0,
2014,030013,0.9955,
2014,030014,1.0,
2014,030016,0.995,
2014,030022,1.0,
2014,030023,1.0,
2014,030024,1.0,
2014,030030,0.9984,
2014,030033,1.0,
2014,030036,0.9964,
2014,030037,0.9999,
2014,030038,0.9999,
2014,030043,0.9948,
2014,030055,0.9992,
2014,030061,0.9986,
2014,030062,1.0,
2014,030064,0.996,
2014,030065,0.9955,
2014,030067,0.9921,
2014,030068,1.0,
2014,030069,1.0,
2014,030071,1.0,
2014,030073,0.9986,
2014,030074,1.0,
2014,030077,1.0,
2014,030078,1.0,
2014,030083,0.999,
2014,030084,0.9969,
2014,030085,0.9994,
2014,030087,0.9998,
2014,030088,0.9963,
2014,030089,0.9931,
2014,030092,1.0,
2014,030093,0.9986,
2014,030094,0.9997,
2014,030100,0.9941,
2014,030101,0.9942,
2014,030103,1.0,
2014,030105,0.997,
2014,030107,1.0,no_measure_data
2014,030108,1.0,no_measure_data
2014,030110,0.9982,
2014,030111,1.0,
2014,030112,1.0,no_measure_data
2014,030113,1.0,
2014,030114,0.9988,
2014,030115,0.9948,
2014,030117,0.9981,
2014,030118,1.0,
2014,030119,1.0,
2014,030120,0.9984,
2014,030121,0.9963,
2014,030122,0.9994,
2014,030123,1.0,
2014,030126,0.9935,
2014,030130,0.9993,
2014,030131,1.0,no_measure_data
2014,030132,1.0,
2014,040001,0.9917,
2014,040002,0.992,
2014,040004,1.0,
2014,040007,0.9991,
2014,040010,0.9968,
2014,040011,0.9871,
2014,040014,0.9854,
2014,040015,1.0,
2014,040016,0.9972,
2014,040017,0.9977,
2014,040018,0.9932,
2014,040019,0.9968,
2014,040020,1.0,
2014,040022,0.9969,
2014,040026,1.0,
2014,040027,0.9815,
2014,040029,0.9989,
2014,040036,0.9941,
2014,040039,0.9868,
2014,040041,0.9977,
2014,040042,0.9964,
2014,040047,0.98,
2014,040050,1.0,
2014,040051,0.9962,
2014,040055,0.9938,
2014,040062,1.0,
2014,040067,0.9905,
2014,040069,0.983,
2014,040071,0.9979,
2014,040072,0.9946,
2014,040074,0.9949,
2014,040076,0.9862,
2014,040078,0.9949,
2014,040080,0.9873,
2014,040084,0.996,
2014,040085,0.9912,
2014,040088,0.9962,
2014,040091,0.98,
2014,040114,0.999,
2014,040118,0.9965,
2014,040119,0.9928,
2014,040134,0.999,
2014,040137,0.9983,
2014,040147,1.0,no_measure_data
2014,040152,1.0,
2014,050002,0.9942,
2014,050006,1.0,
2014,050007,0.9994,
2014,050008,0.9999,
2014,050009,1.0,
2014,050013,0.9999,
2014,050014,1.0,
2014,050016,0.9989,
2014,050017,1.0,
2014,050018,0.9981,
2014,050022,0.9949,
2014,050024,0.9992,
2014,050025,0.9973,
2014,050026,0.998,
2014,050028,1.0,
2014,050030,0.9919,
2014,050036,0.9968,
2014,050038,0.9995,
2014,050039,0.9968,
2014,050040,0.9981,
2014,050042,1.0,
2014,050043,0.998,
2014,050045,0.9938,
2014,050046,1.0,
2014,050047,1.0,
2014,050054,0.9985,
2014,050055,0.998,
2014,050056,0.9975,
2014,050057,0.9982,
2014,050058,0.9914,
2014,050060,0.9951,
2014,050063,0.9972,
2014,050067,0.9971,
2014,050069,1.0,
2014,050070,1.0,
2014,050071,0.9993,
2014,050072,1.0,
2014,050073,0.9999,
2014,050075,0.9998,
2014,050076,1.0,
2014,050077,0.9989,
2014,050078,0.9991,
2014,050079,1.0,
2014,050082,0.9999,
2014,050084,0.9983,
2014,050089,0.9992,
2014,050090,1.0,
2014,050091,0.999,
2014,050093,0.9983,
2014,050096,1.0,
2014,050099,1.0,
2014,050100,0.9992,
2014,050101,1.0,
2014,050102,0.9996,
2014,050103,0.999,
2014,050104,0.9999,
2014,050107,1.0,
2014,050108,1.0,
2014,050110,1.0,
2014,050111,1.0,
2014,050112,0.9942,
2014,050113,1.0,
2014,050115,0.9999,
2014,050116,1.0,
2014,050118,0.9907,
2014,050121,0.9984,
2014,050122,0.999,
2014,050124,1.0,
2014,050125,0.9989,
2014,050126,0.9965,
2014,050127,0.9994,
2014,050128,1.0,
2014,050129,0.998,
2014,050131,1.0,
2014,050132,0.9888,
2014,050133,0.9975,
2014,050135,0.9999,
2014,050136,0.9998,
2014,050137,0.9975,
2014,050138,1.0,
2014,050139,1.0,
2014,050140,1.0,
2014,050145,1.0,
2014,050149,0.9958,
2014,050150,0.9925,
2014,050152,0.9958,
2014,050153,0.9985,
2014,050158,0.9979,
2014,050159,1.0,
2014,050167,1.0,
2014,050168,1.0,
2014,050169,0.9999,
2014,050174,1.0,
2014,050179,0.9928,
2014,050180,1.0,
2014,050189,0.9993,
2014,050191,0.9988,
2014,050192,0.9988,
2014,050194,0.9969,
2014,050195,0.9928,
2014,050196,0.9988,
2014,050197,0.9997,
2014,050204,0.9984,
2014,050205,1.0,
2014,050211,0.9971,
2014,050222,1.0,
2014,050224,0.9999,
2014,050225,1.0,
2014,050226,0.9973,
2014,050228,0.9975,
2014,050230,0.9999,
2014,050231,0.9975,
2014,050232,0.9992,
2014,050234,0.9999,
2014,050235,0.9987,
2014,050236,0.9946,
2014,050238,1.0,
2014,050239,0.9944,
2014,050242,1.0,
2014,050243,1.0,
2014,050245,0.9981,
2014,050248,0.9988,
2014,050254,0.9965,
2014,050257,0.9991,
2014,050261,0.9998,
2014,050262,0.9981,
2014,050272,0.9979,
2014,050276,0.9983,
2014,050277,0.9986,
2014,050278,0.9973,
2014,050279,0.9973,
2014,050280,1.0,
2014,050281,0.9999,
2014,050283,0.9981,
2014,050289,0.9951,
2014,050290,0.9979,
2014,050291,1.0,
2014,050292,0.9973,
2014,050295,0.9961,
2014,050296,0.9936,
2014,050298,0.9985,
2014,050300,0.9939,
2014,050301,0.9993,
2014,050305,0.999,
2014,050308,1.0,
2014,050309,1.0,
2014,050313,0.9984,
2014,050315,0.9995,
2014,050320,0.998,
2014,050324,0.9981,
2014,050327,0.9969,
2014,050329,0.9969,
2014,050334,1.0,
2014,050335,1.0,
2014,050336,0.9994,
2014,050342,0.9967,
2014,050348,0.9989,
2014,050349,1.0,
2014,050350,0.9967,
2014,050351,0.9975,
2014,050352,1.0,
2014,050353,0.9941,
2014,050357,1.0,
2014,050359,0.9972,
2014,050360,1.0,
2014,050367,0.9914,
2014,050373,0.9989,
2014,050376,0.9999,
2014,050378,0.9969,
2014,050380,0.9993,
2014,050382,0.9986,
2014,050385,0.9971,
2014,050390,0.9981,
2014,050393,0.9992,
2014,050394,1.0,
2014,050396,1.0,
2014,050397,0.9934,
2014,050407,0.9949,
2014,050411,0.9979,
2014,050414,0.9983,
2014,050417,1.0,
2014,050423,1.0,
2014,050424,1.0,
2014,050425,0.9998,
2014,050426,0.9999,
2014,050434,0.9941,
2014,050435,0.9998,
2014,050438,0.9981,
2014,050441,0.9982,
2014,050444,0.9941,
2014,050448,0.9977,
2014,050454,0.9998,
2014,050455,0.9948,
2014,050457,0.9997,
2014,050464,0.9964,
2014,050468,0.9959,
2014,050471,0.9965,
2014,050481,0.9998,
2014,050485,0.9961,
2014,050488,0.9987,
2014,050492,0.9995,
2014,050496,1.0,
2014,050498,1.0,
2014,050502,0.9993,
2014,050503,1.0,
2014,050506,0.9993,
2014,050510,1.0,
2014,050512,1.0,
2014,050515,1.0,
2014,050516,0.996,
2014,050517,0.9984,
2014,050523,0.9953,
2014,050526,0.9969,
2014,050528,0.9989,
2014,050531,1.0,
2014,050534,0.9987,
2014,050537,1.0,
2014,050541,1.0,
2014,050543,1.0,no_measure_data
2014,050545,1.0,
2014,050546,0.9867,
2014,050547,1.0,
2014,050548,1.0,
2014,050549,1.0,
2014,050551,0.9978,
2014,050552,1.0,
2014,050557,0.9988,
2014,050561,1.0,
2014,050567,1.0,
2014,050568,0.9987,
2014,050570,0.9938,
2014,050573,1.0,
2014,050575,0.9997,
2014,050580,0.999,
2014,050581,0.9978,
2014,050586,0.9995,
2014,050588,1.0,
2014,050589,0.9992,
2014,050590,0.9974,
2014,050597,0.9995,
2014,050599,0.999,
2014,050603,1.0,
2014,050604,0.9998,
2014,050608,1.0,
2014,050609,1.0,
2014,050616,0.9989,
2014,050618,0.9961,
2014,050624,1.0,
2014,050625,1.0,
2014,050633,0.9988,
2014,050636,1.0,
2014,050641,0.9971,
2014,050644,0.9996,
2014,050663,0.9962,
2014,050668,0.9972,
2014,050674,1.0,
2014,050677,1.0,
2014,050678,0.9996,
2014,050684,0.9966,
2014,050686,1.0,
2014,050688,0.9995,
2014,050689,0.9961,
2014,050690,1.0,
2014,050696,0.9994,
2014,050697,1.0,no_measure_data
2014,050701,0.997,
2014,050704,0.9984,
2014,050708,1.0,no_measure_data
2014,050709,0.9989,
2014,050710,1.0,
2014,050714,1.0,
2014,050717,1.0,
2014,050723,1.0,
2014,050724,0.9981,
2014,050726,1.0,no_measure_data
2014,050727,0.9999,
2014,050732,1.0,
2014,050735,1.0,
2014,050736,0.9995,
2014,050737,0.9944,
2014,050738,0.9983,
2014,050739,0.9941,
2014,050740,0.9975,
2014,050742,0.9896,
2014,050744,0.9994,
2014,050745,0.9968,
2014,050746,0.9977,
2014,050747,0.9997,
2014,050748,1.0,
2014,050749,1.0,no_measure_data
2014,050751,1.0,no_measure_data
2014,050752,0.9918,
2014,050754,1.0,no_measure_data
2014,050755,0.9935,
2014,050757,0.9997,
2014,050758,0.9973,
2014,050760,1.0,
2014,050761,0.9985,
2014,050763,0.9986,
2014,050764,0.9996,
2014,050765,0.9993,
2014,050766,1.0,no_measure_data
2014,050767,1.0,
2014,050768,1.0,
2014,050769,1.0,no_measure_data
2014,050770,0.9989,
2014,050771,0.9995,
2014,050772,1.0,
2014,050773,1.0,no_measure_data
2014,060001,0.9994,
2014,060003,1.0,
2014,060004,0.9994,
2014,060006,0.9998,
2014,060008,1.0,
2014,060009,0.9989,
2014,060010,1.0,
2014,060011,0.9996,
2014,060012,1.0,
2014,060013,1.0,
2014,060014,1.0,
2014,060015,0.9995,
2014,060016,1.0,
2014,060020,1.0,
2014,060022,1.0,
2014,060023,0.9995,
2014,060024,1.0,
2014,060027,1.0,
2014,060028,0.9992,
2014,060030,0.9988,
2014,060031,1.0,
2014,060032,0.9995,
2014,060034,1.0,
2014,060036,0.9951,
2014,060043,0.9917,
2014,060044,1.0,
2014,060049,1.0,
2014,060054,0.9999,
2014,060064,1.0,
2014,060065,0.9995,
2014,060071,0.9953,
2014,060075,1.0,
2014,060076,1.0,
2014,060096,1.0,
2014,060100,1.0,
2014,060103,1.0,
2014,060104,0.9996,
2014,060107,1.0,
2014,060112,1.0,
2014,060113,0.9995,
2014,060114,1.0,
2014,060116,0.9999,
2014,060117,1.0,no_measure_data
2014,060118,1.0,
2014,060119,1.0,
2014,060124,1.0,no_measure_data
2014,070001,0.9823,
2014,070002,0.9961,
2014,070003,1.0,
2014,070004,0.9996,
2014,070005,0.9972,
2014,070006,1.0,
2014,070007,0.9987,
2014,070008,0.9995,
2014,070010,0.998,
2014,070011,0.9996,
2014,070012,1.0,
2014,070015,1.0,
2014,070016,0.9987,
2014,070017,0.9922,
2014,070018,0.9959,
2014,070019,0.9924,
2014,070020,1.0,
2014,070021,0.9995,
2014,070022,0.9949,
2014,070024,0.9996,
2014,070025,0.999,
2014,070027,1.0,
2014,070028,0.9894,
2014,070029,0.9915,
2014,070031,0.9903,
2014,070033,0.998,
2014,070034,0.9995,
2014,070035,0.9978,
2014,070036,0.9996,
2014,070038,1.0,no_measure_data
2014,070039,0.9886,
2014,070040,1.0,
2014,080001,1.0,
2014,080003,0.9974,
2014,080004,0.9979,
2014,080006,1.0,
2014,080007,1.0,
2014,080009,1.0,
2014,090001,0.9969,
2014,090003,0.9924,
2014,090004,0.9999,
2014,090005,0.9985,
2014,090006,0.9937,
2014,090008,0.9975,
2014,090011,0.9974,
2014,100001,0.9994,
2014,100002,1.0,
2014,100006,0.995,
2014,100007,0.9922,
2014,100008,0.9975,
2014,100009,0.9912,
2014,100012,0.9981,
2014,100014,0.9992,
2014,100017,0.9977,
2014,100018,1.0,
2014,100019,0.9977,
2014,100022,0.9927,
2014,100023,1.0,
2014,100025,1.0,
2014,100026,0.997,
2014,100028,1.0,
2014,100029,0.9961,
2014,100030,0.9972,
2014,100032,0.995,
2014,100034,1.0,
2014,100035,0.9991,
2014,100038,0.9894,
2014,100039,1.0,
2014,100040,0.9957,
2014,100043,1.0,
2014,100044,0.9988,
2014,100045,0.9982,
2014,100046,0.9971,
2014,100047,0.994,
2014,100048,0.9996,
2014,100049,0.9923,
2014,100050,0.9894,
2014,100051,0.9994,
2014,100052,0.9973,
2014,100053,0.9921,
2014,100054,0.9993,
2014,100055,0.9964,
2014,100057,0.9984,
2014,100062,1.0,
2014,100063,0.9991,
2014,100067,0.9981,
2014,100068,0.9958,
2014,100069,1.0,
2014,100070,1.0,
2014,100071,0.9961,
2014,100072,0.994,
2014,100073,0.999,
2014,100075,0.9948,
2014,100076,0.9945,
2014,100077,0.9979,
2014,100080,0.9937,
2014,100081,0.9974,
2014,100084,0.9925,
2014,100086,0.9976,
2014,100087,1.0,
2014,100088,0.9997,
2014,100090,1.0,
2014,100092,0.9893,
2014,100093,1.0,
2014,100099,0.9943,
2014,100102,0.9957,
2014,100105,0.999,
2014,100106,0.9988,
2014,100107,0.9878,
2014,100109,0.9972,
2014,100110,0.992,
2014,100113,0.998,
2014,100117,0.9924,
2014,100118,0.9984,
2014,100121,0.9972,
2014,100122,0.9972,
2014,100124,1.0,
2014,100125,0.995,
2014,100126,0.9987,
2014,100127,1.0,
2014,100128,0.999,
2014,100130,0.9977,
2014,100131,0.994,
2014,100132,0.9981,
2014,100134,1.0,
2014,100135,1.0,
2014,100137,0.9933,
2014,100139,0.9949,
2014,100140,1.0,
2014,100142,0.9988,
2014,100150,0.9965,
2014,100151,0.9971,
2014,100154,1.0,
2014,100156,0.9892,
2014,100157,0.9989,
2014,100161,0.9953,
2014,100166,1.0,
2014,100167,0.9987,
2014,100168,1.0,
2014,100173,0.9977,
2014,100175,0.986,
2014,100176,0.9989,
2014,100177,0.9992,
2014,100179,0.9937,
2014,100180,0.999,
2014,100181,0.9965,
2014,100183,0.996,
2014,100187,0.993,
2014,100189,0.997,
2014,100191,0.9942,
2014,100200,0.9996,
2014,100204,1.0,
2014,100206,0.9984,
2014,100209,0.9901,
2014,100211,0.9977,
2014,100212,0.9967,
2014,100213,0.9995,
2014,100217,0.9984,
2014,100220,0.9975,
2014,100223,0.998,
2014,100224,0.9994,
2014,100226,0.9991,
2014,100228,0.9967,
2014,100230,0.9976,
2014,100231,1.0,
2014,100232,0.9938,
2014,100234,0.9993,
2014,100236,0.9971,
2014,100238,0.9865,
2014,100239,0.9996,
2014,100240,1.0,no_measure_data
2014,100242,0.9996,
2014,100243,0.9971,
2014,100244,0.9994,
2014,100246,0.9988,
2014,100248,0.9963,
2014,100249,1.0,
2014,100252,0.9938,
2014,100253,1.0,
2014,100254,0.9912,
2014,100255,0.9984,
2014,100256,0.996,
2014,100258,0.9999,
2014,100259,0.9934,
2014,100260,0.999,
2014,100264,0.9965,
2014,100265,1.0,
2014,100266,0.9999,
2014,100267,0.9995,
2014,100268,0.9984,
2014,100269,0.9987,
2014,100275,0.9987,
2014,100276,0.9967,
2014,100277,1.0,
2014,100281,0.9916,
2014,100284,0.9966,
2014,100285,0.9956,
2014,100286,0.9993,
2014,100287,1.0,
2014,100288,0.9993,
2014,100289,0.9971,
2014,100290,0.9963,
2014,100291,0.9965,
2014,100292,1.0,
2014,100296,0.9994,
2014,100299,1.0,
2014,100302,0.9964,
2014,100307,0.9985,
2014,100313,0.9985,
2014,100314,0.9964,
2014,100315,0.999,
2014,100316,0.9997,
2014,100317,1.0,no_measure_data
2014,110001,1.0,
2014,110002,0.9973,
2014,110003,0.9981,
2014,110004,0.9993,
2014,110005,0.9973,
2014,110006,1.0,
2014,110007,1.0,
2014,110008,0.9976,
2014,110010,1.0,
2014,110011,0.9996,
2014,110015,1.0,
2014,110016,0.9959,
2014,110018,0.999,
2014,110023,0.9946,
2014,110024,0.9981,
2014,110025,1.0,
2014,110026,0.9848,
2014,110027,1.0,
2014,110028,0.9994,
2014,110029,0.9995,
2014,110030,0.9993,
2014,110031,0.9937,
2014,110032,0.9965,
2014,110034,0.9987,
2014,110035,0.9957,
2014,110036,0.9988,
2014,110038,1.0,
2014,110039,0.9966,
2014,110040,1.0,
2014,110041,1.0,
2014,110042,0.9968,
2014,110043,1.0,
2014,110044,1.0,
2014,110045,0.9988,
2014,110046,0.9949,
2014,110050,1.0,
2014,110051,1.0,
2014,110054,1.0,
2014,110059,0.9907,
2014,110064,0.9995,
2014,110069,0.9941,
2014,110071,0.9933,
2014,110073,1.0,
2014,110074,1.0,
2014,110075,0.9917,
2014,110076,0.9991,
2014,110078,0.9986,
2014,110079,0.9976,
2014,110082,1.0,
2014,110083,0.9999,
2014,110086,0.9989,
2014,110087,0.9992,
2014,110089,0.9892,
2014,110091,0.9992,
2014,110092,0.9966,
2014,110095,0.9993,
2014,110100,1.0,
2014,110101,1.0,
2014,110104,0.9893,
2014,110105,1.0,
2014,110107,0.9962,
2014,110109,0.9926,
2014,110111,0.9997,
2014,110112,0.9943,
2014,110113,0.9984,
2014,110115,0.999,
2014,110121,1.0,
2014,110122,0.9996,
2014,110124,0.9947,
2014,110125,1.0,
2014,110128,0.9926,
2014,110129,1.0,
2014,110130,0.9998,
2014,110132,0.9986,
2014,110135,0.9979,
2014,110142,0.9926,
2014,110143,0.9984,
2014,110146,1.0,
2014,110150,1.0,
2014,110153,0.9991,
2014,110161,1.0,
2014,110163,0.9995,
2014,110164,0.996,
2014,110165,0.9983,
2014,110168,1.0,
2014,110177,0.9985,
2014,110183,0.9965,
2014,110184,0.9974,
2014,110186,0.9956,
2014,110187,0.9971,
2014,110189,0.9946,
2014,110190,1.0,
2014,110191,0.9973,
2014,110192,0.9996,
2014,110194,1.0,
2014,110198,0.9995,
2014,110200,1.0,
2014,110201,0.9995,
2014,110203,1.0,
2014,110205,0.9957,
2014,110209,1.0,no_measure_data
2014,110215,1.0,
2014,110219,0.998,
2014,110225,0.9948,
2014,110226,0.9963,
2014,110229,0.9967,
2014,110230,0.9985,
2014,120001,1.0,
2014,120002,1.0,
2014,120004,0.999,
2014,120005,1.0,
2014,120006,0.9957,
2014,120007,0.9963,
2014,120010,0.9963,
2014,120011,0.999,
2014,120014,0.9986,
2014,120019,0.9997,
2014,120022,1.0,
2014,120026,0.9965,
2014,120027,0.9973,
2014,120028,0.9993,
2014,130002,0.9999,
2014,130003,1.0,
2014,130006,1.0,
2014,130007,1.0,
2014,130013,1.0,
2014,130014,1.0,
2014,130018,1.0,
2014,130025,0.9981,
2014,130028,1.0,
2014,130049,1.0,
2014,130063,1.0,no_measure_data
2014,130065,1.0,
2014,130066,1.0,no_measure_data
2014,130067,1.0,
2014,140001,0.9878,
2014,140002,0.9985,
2014,140007,0.9889,
2014,140008,0.9997,
2014,140010,0.9997,
2014,140011,0.9947,
2014,140012,0.9926,
2014,140013,0.9963,
2014,140015,0.9972,
2014,140018,0.9954,
2014,140019,0.9949,
2014,140026,0.996,
2014,140029,1.0,
2014,140030,0.9983,
2014,140032,0.998,
2014,140034,0.9848,
2014,140040,0.988,
2014,140043,0.9989,
2014,140046,0.9883,
2014,140048,0.9929,
2014,140049,0.9976,
2014,140051,0.9969,
2014,140052,0.9951,
2014,140053,0.999,
2014,140054,0.9998,
2014,140058,0.9985,
2014,140059,0.9924,
2014,140062,0.9906,
2014,140063,0.9987,
2014,140064,0.9984,
2014,140065,0.9979,
2014,140067,0.9987,
2014,140068,0.9891,
2014,140077,0.9971,
2014,140080,0.9948,
2014,140082,0.9959,
2014,140083,0.9983,
2014,140084,0.9982,
2014,140088,0.995,
2014,140089,1.0,
2014,140091,0.9984,
2014,140093,0.9836,
2014,140095,0.9986,
2014,140100,1.0,
2014,140101,0.9967,
2014,140103,0.9858,
2014,140110,0.9988,
2014,140113,0.995,
2014,140114,0.9946,
2014,140115,0.998,
2014,140116,0.9897,
2014,140117,0.9992,
2014,140118,0.9855,
2014,140119,0.9992,
2014,140120,0.9888,
2014,140122,1.0,
2014,140124,0.9956,
2014,140125,0.9959,
2014,140127,1.0,
2014,140130,0.9993,
2014,140133,0.994,
2014,140135,0.9998,
2014,140137,0.9986,
2014,140143,1.0,
2014,140145,1.0,
2014,140147,0.9925,
2014,140148,0.9998,
2014,140150,0.9985,
2014,140151,0.9936,
2014,140155,0.9964,
2014,140158,0.9913,
2014,140160,0.9968,
2014,140161,1.0,
2014,140162,1.0,
2014,140164,0.9999,
2014,140166,0.9959,
2014,140167,1.0,
2014,140172,0.9902,
2014,140174,0.9976,
2014,140176,0.9936,
2014,140177,0.9962,
2014,140179,0.9924,
2014,140180,0.9941,
2014,140181,0.9965,
2014,140182,0.9923,
2014,140184,0.9927,
2014,140185,0.9976,
2014,140186,1.0,
2014,140187,0.9985,
2014,140189,0.9996,
2014,140191,0.9891,
2014,140197,0.999,
2014,140200,0.9981,
2014,140202,0.9982,
2014,140206,0.9994,
2014,140208,0.9955,
2014,140209,0.9981,
2014,140210,0.9931,
2014,140211,0.9968,
2014,140213,0.9903,
2014,140217,0.9979,
2014,140223,0.9955,
2014,140224,0.9983,
2014,140228,0.9996,
2014,140231,1.0,
2014,140233,0.9989,
2014,140234,0.9999,
2014,140239,0.9997,
2014,140240,0.9926,
2014,140242,1.0,
2014,140250,0.9939,
2014,140251,0.9925,
2014,140252,0.993,
2014,140258,0.9965,
2014,140275,0.9895,
2014,140276,0.9977,
2014,140280,1.0,
2014,140281,0.9962,
2014,140286,0.9996,
2014,140288,0.9989,
2014,140289,0.9998,
2014,140290,0.9974,
2014,140291,0.997,
2014,140292,0.9986,
2014,140294,0.9882,
2014,140300,0.9965,
2014,140304,0.9902,
2014,150001,1.0,
2014,150002,0.9901,
2014,150003,0.9985,
2014,150004,0.9908,
2014,150005,1.0,
2014,150006,0.9991,
2014,150007,0.9992,
2014,150008,0.997,
2014,150009,0.9949,
2014,150010,1.0,
2014,150011,1.0,
2014,150012,1.0,
2014,150015,0.998,
2014,150017,0.999,
2014,150018,0.9987,
2014,150021,1.0,
2014,150022,0.9947,
2014,150023,0.9973,
2014,150024,0.9946,
2014,150026,1.0,
2014,150030,1.0,
2014,150033,1.0,
2014,150034,0.9921,
2014,150035,1.0,
2014,150037,1.0,
2014,150038,1.0,
2014,150042,0.9992,
2014,150044,0.9954,
2014,150045,1.0,
2014,150046,0.9955,
2014,150047,0.9982,
2014,150048,1.0,
2014,150051,1.0,
2014,150056,0.9991,
2014,150057,1.0,
2014,150058,1.0,
2014,150059,1.0,
2014,150061,0.9975,
2014,150064,0.9959,
2014,150065,1.0,
2014,150069,1.0,
2014,150072,1.0,
2014,150074,1.0,
2014,150075,0.9998,
2014,150076,1.0,
2014,150082,0.998,
2014,150084,1.0,
2014,150086,0.9977,
2014,150088,0.9953,
2014,150089,1.0,
2014,150090,0.9979,
2014,150091,1.0,
2014,150097,1.0,
2014,150100,0.9992,
2014,150101,1.0,
2014,150102,0.9891,
2014,150104,1.0,
2014,150109,1.0,
2014,150112,1.0,
2014,150113,0.9993,
2014,150115,1.0,
2014,150125,0.9928,
2014,150126,0.9978,
2014,150128,1.0,
2014,150129,1.0,
2014,150133,0.9967,
2014,150146,0.9971,
2014,150149,1.0,no_measure_data
2014,150150,1.0,
2014,150153,1.0,
2014,150154,0.9962,
2014,150157,1.0,
2014,150158,0.9995,
2014,150160,1.0,no_measure_data
2014,150161,0.9996,
2014,150162,1.0,
2014,150163,0.9944,
2014,150164,0.9997,
2014,150165,0.9993,
2014,150166,0.995,
2014,150167,1.0,no_measure_data
2014,150168,1.0,no_measure_data
2014,150169,0.9988,
2014,150172,1.0,no_measure_data
2014,150173,1.0,
2014,150175,1.0,
2014,150176,0.9966,
2014,150177,1.0,
2014,150179,1.0,no_measure_data
2014,160001,1.0,
2014,160005,1.0,
2014,160008,0.9926,
2014,160013,1.0,
2014,160016,0.9984,
2014,160024,0.9995,
2014,160028,0.9987,
2014,160029,1.0,
2014,160030,0.999,
2014,160032,1.0,
2014,160033,1.0,
2014,160040,1.0,
2014,160045,1.0,
2014,160047,0.997,
2014,160057,1.0,
2014,160058,0.9997,
2014,160064,1.0,
2014,160067,1.0,
2014,160069,0.9998,
2014,160079,0.9986,
2014,160080,0.9971,
2014,160082,1.0,
2014,160083,1.0,
2014,160089,1.0,
2014,160101,1.0,
2014,160104,0.9985,
2014,160110,0.9964,
2014,160112,1.0,
2014,160117,1.0,
2014,160122,0.9965,
2014,160124,1.0,
2014,160146,0.9998,
2014,160147,0.9993,
2014,160153,1.0,
2014,170001,0.9994,
2014,170006,1.0,
2014,170009,0.9986,
2014,170010,0.9949,
2014,170012,1.0,
2014,170013,0.9998,
2014,170014,0.9999,
2014,170016,1.0,
2014,170017,0.997,
2014,170020,1.0,
2014,170023,1.0,
2014,170027,0.9996,
2014,170039,1.0,
2014,170040,0.9979,
2014,170049,0.9995,
2014,170058,1.0,
2014,170068,0.9977,
2014,170074,0.9994,
2014,170075,1.0,
2014,170086,1.0,
2014,170094,0.9898,
2014,170103,1.0,
2014,170104,0.9978,
2014,170105,0.9995,
2014,170109,1.0,
2014,170110,0.999,
2014,170120,0.9997,
2014,170122,1.0,
2014,170123,1.0,
2014,170133,0.9994,
2014,170137,0.9992,
2014,170142,1.0,
2014,170145,0.9986,
2014,170146,0.9947,
2014,170150,0.9987,
2014,170166,0.98,
2014,170175,0.9994,
2014,170176,0.9996,
2014,170182,0.996,
2014,170183,1.0,no_measure_data
2014,170185,0.9989,
2014,170186,1.0,
2014,170187,1.0,no_measure_data
2014,170188,1.0,no_measure_data
2014,170190,1.0,no_measure_data
2014,170191,0.9996,
2014,170192,0.9954,
2014,170194,1.0,
2014,170195,1.0,no_measure_data
2014,170196,1.0,no_measure_data
2014,170197,1.0,
2014,170198,1.0,no_measure_data
2014,170199,1.0,no_measure_data
2014,170200,0.9974,
2014,170202,1.0,
2014,180001,0.996,
2014,180002,0.9873,
2014,180004,1.0,
2014,180005,0.9902,
2014,180009,0.9893,
2014,180010,0.9976,
2014,180011,0.9977,
2014,180012,0.999,
2014,180013,0.9962,
2014,180016,1.0,
2014,180017,0.9989,
2014,180018,0.9947,
2014,180019,0.9905,
2014,180020,0.9913,
2014,180021,0.98,
2014,180024,0.9959,
2014,180025,0.9995,
2014,180027,0.9951,
2014,180029,0.9878,
2014,180035,0.9987,
2014,180036,0.996,
2014,180038,1.0,
2014,180040,0.9947,
2014,180043,0.9831,
2014,180044,0.9981,
2014,180045,0.993,
2014,180046,0.999,
2014,180048,0.9973,
2014,180049,0.9999,
2014,180050,0.98,
2014,180051,0.991,
2014,180053,0.9883,
2014,180056,0.9932,
2014,180064,1.0,
2014,180066,0.9958,
2014,180067,0.9971,
2014,180069,0.9863,
2014,180070,0.9923,
2014,180078,0.9928,
2014,180079,0.9922,
2014,180080,0.9997,
2014,180087,0.9958,
2014,180088,0.9988,
2014,180092,1.0,
2014,180093,0.9992,
2014,180095,0.9869,
2014,180101,0.9996,
2014,180102,1.0,
2014,180103,0.9979,
2014,180104,0.9965,
2014,180105,0.98,
2014,180106,0.9885,
2014,180115,0.9907,
2014,180116,0.9892,
2014,180117,0.9872,
2014,180124,0.9984,
2014,180127,0.9985,
2014,180128,0.9899,
2014,180130,0.9993,
2014,180132,0.9991,
2014,180138,1.0,
2014,180139,0.9943,
2014,180141,0.9993,
2014,180143,1.0,
2014,180149,0.98,
2014,190001,1.0,
2014,190002,0.9977,
2014,190003,1.0,
2014,190004,0.9937,
2014,190005,0.9998,
2014,190006,0.9982,
2014,190007,1.0,
2014,190008,0.9985,
2014,190009,0.9993,
2014,190011,0.999,
2014,190013,1.0,
2014,190014,0.9967,
2014,190015,0.9908,
2014,190017,0.9986,
2014,190019,0.9952,
2014,190020,0.992,
2014,190025,0.9866,
2014,190026,0.9965,
2014,190027,1.0,
2014,190034,0.9801,
2014,190036,0.9922,
2014,190039,0.9998,
2014,190040,0.9914,
2014,190041,0.9997,
2014,190044,1.0,
2014,190045,1.0,
2014,190046,1.0,
2014,190050,0.9863,
2014,190053,0.98,
2014,190054,0.998,
2014,190060,0.9962,
2014,190064,1.0,
2014,190065,0.9992,
2014,190079,0.991,
2014,190081,0.9909,
2014,190086,0.9944,
2014,190088,0.9992,
2014,190090,0.9949,
2014,190098,0.9968,
2014,190099,0.988,
2014,190102,0.9998,
2014,190106,0.9989,
2014,190111,1.0,
2014,190114,0.9855,
2014,190116,0.9971,
2014,190118,0.9913,
2014,190122,1.0,
2014,190125,0.9931,
2014,190128,1.0,no_measure_data
2014,190133,1.0,
2014,190135,0.9979,
2014,190140,0.98,
2014,190144,0.9983,
2014,190145,0.9932,
2014,190146,1.0,
2014,190151,0.9924,
2014,190160,0.9838,
2014,190161,1.0,
2014,190164,0.9948,
2014,190167,0.9947,
2014,190175,0.9988,
2014,190176,0.9994,
2014,190177,0.9994,
2014,190183,0.9989,
2014,190184,1.0,
2014,190190,0.9981,
2014,190199,1.0,
2014,190201,1.0,
2014,190202,0.9978,
2014,190204,0.9945,
2014,190205,0.9975,
2014,190208,0.9927,
2014,190218,1.0,
2014,190236,0.9986,
2014,190241,1.0,
2014,190242,1.0,
2014,190245,1.0,
2014,190246,1.0,
2014,190250,0.9973,
2014,190251,1.0,no_measure_data
2014,190255,1.0,no_measure_data
2014,190256,1.0,no_measure_data
2014,190257,1.0,
2014,190259,1.0,no_measure_data
2014,190261,1.0,no_measure_data
2014,190263,0.9955,
2014,190266,1.0,no_measure_data
2014,190267,1.0,no_measure_data
2014,190268,1.0,no_measure_data
2014,190270,1.0,no_measure_data
2014,190273,1.0,no_measure_data
2014,190274,0.9959,
2014,190278,1.0,no_measure_data
2014,190297,1.0,
2014,190298,1.0,no_measure_data
2014,190300,1.0,no_measure_data
2014,190303,1.0,no_measure_data
2014,190304,1.0,no_measure_data
2014,190307,1.0,no_measure_data
2014,200001,0.9992,
2014,200002,1.0,
2014,200008,0.9989,
2014,200009,1.0,
2014,200018,0.9991,
2014,200019,1.0,
2014,200020,1.0,
2014,200021,0.999,
2014,200024,0.9996,
2014,200025,0.9983,
2014,200031,0.9998,
2014,200033,0.9998,
2014,200034,1.0,
2014,200037,0.9994,
2014,200039,1.0,
2014,200040,0.998,
2014,200041,1.0,
2014,200050,1.0,
2014,200052,0.9999,
2014,200063,0.997,
2014,210001,1.0,maryland_exempt
2014,210002,1.0,maryland_exempt
2014,210003,1.0,maryland_exempt
2014,210004,1.0,maryland_exempt
2014,210005,1.0,maryland_exempt
2014,210006,1.0,maryland_exempt
2014,210007,1.0,maryland_exempt
2014,210008,1.0,maryland_exempt
2014,210009,1.0,maryland_exempt
2014,210011,1.0,maryland_exempt
2014,210012,1.0,maryland_exempt
2014,210013,1.0,maryland_exempt
2014,210015,1.0,maryland_exempt
2014,210016,1.0,maryland_exempt
2014,210017,1.0,maryland_exempt
2014,210018,1.0,maryland_exempt
2014,210019,1.0,maryland_exempt
2014,210022,1.0,maryland_exempt
2014,210023,1.0,maryland_exempt
2014,210024,1.0,maryland_exempt
2014,210027,1.0,maryland_exempt
2014,210028,1.0,maryland_exempt
2014,210029,1.0,maryland_exempt
2014,210030,1.0,maryland_exempt
2014,210032,1.0,maryland_exempt
2014,210033,1.0,maryland_exempt
2014,210034,1.0,maryland_exempt
2014,210035,1.0,maryland_exempt
2014,210037,1.0,maryland_exempt
2014,210038,1.0,maryland_exempt
2014,210039,1.0,maryland_exempt
2014,210040,1.0,maryland_exempt
2014,210043,1.0,maryland_exempt
2014,210044,1.0,maryland_exempt
2014,210045,1.0,maryland_exempt
2014,210048,1.0,maryland_exempt
2014,210049,1.0,maryland_exempt
2014,210051,1.0,maryland_exempt
2014,210054,1.0,maryland_exempt
2014,210055,1.0,maryland_exempt
2014,210056,1.0,maryland_exempt
2014,210057,1.0,maryland_exempt
2014,210058,1.0,maryland_exempt
2014,210060,1.0,maryland_exempt
2014,210061,1.0,maryland_exempt
2014,220001,0.9957,
2014,220002,0.9984,
2014,220008,0.9977,
2014,220010,0.9964,
2014,220011,0.9968,
2014,220012,0.9976,
2014,220015,0.9988,
2014,220016,0.9986,
2014,220017,0.9954,
2014,220019,0.9936,
2014,220020,0.9921,
2014,220024,0.9937,
2014,220029,0.9966,
2014,220030,0.9861,
2014,220031,0.9921,
2014,220033,0.9991,
2014,220035,1.0,
2014,220036,0.9925,
2014,220046,0.9996,
2014,220049,0.9914,
2014,220050,1.0,
2014,220051,0.999,
2014,220052,0.9973,
2014,220058,0.9952,
2014,220060,0.9894,
2014,220062,1.0,no_measure_data
2014,220063,0.9974,
2014,220065,1.0,
2014,220066,1.0,
2014,220067,0.9937,
2014,220070,0.9976,
2014,220071,0.9975,
2014,220073,0.9905,
2014,220074,0.9917,
2014,220075,1.0,
2014,220077,1.0,
2014,220080,0.9931,
2014,220082,0.9979,
2014,220083,0.9995,
2014,220084,1.0,
2014,220086,0.9931,
2014,220088,0.9999,
2014,220090,0.9912,
2014,220095,0.9948,
2014,220098,0.9979,
2014,220100,0.9977,
2014,220101,0.9977,
2014,220105,0.9959,
2014,220108,0.9931,
2014,220110,0.997,
2014,220111,0.9927,
2014,220116,0.9915,
2014,220119,0.9915,
2014,220126,0.9955,
2014,220135,0.9994,
2014,220163,0.9927,
2014,220171,0.9946,
2014,220174,1.0,
2014,220175,0.9905,
2014,220176,0.997,
2014,220177,0.9985,
2014,230002,0.9903,
2014,230003,1.0,
2014,230004,1.0,
2014,230005,1.0,
2014,230013,0.9972,
2014,230015,1.0,
2014,230017,1.0,
2014,230019,0.9942,
2014,230020,0.992,
2014,230021,0.9978,
2014,230022,0.9989,
2014,230024,0.9889,
2014,230029,1.0,
2014,230030,1.0,
2014,230031,0.9992,
2014,230035,0.9993,
2014,230036,1.0,
2014,230037,0.995,
2014,230038,1.0,
2014,230040,1.0,
2014,230041,0.996,
2014,230046,0.9974,
2014,230047,0.9967,
2014,230053,0.992,
2014,230054,1.0,
2014,230055,1.0,
2014,230058,0.9993,
2014,230059,1.0,
2014,230066,1.0,
2014,230069,0.9984,
2014,230070,0.9931,
2014,230071,1.0,no_measure_data
2014,230072,1.0,
2014,230075,0.9997,
2014,230077,0.9997,
2014,230078,0.9961,
2014,230080,0.9969,
2014,230081,1.0,
2014,230085,0.9985,
2014,230089,0.9943,
2014,230092,0.9988,
2014,230093,1.0,
2014,230095,1.0,
2014,230096,1.0,
2014,230097,1.0,
2014,230099,1.0,
2014,230100,1.0,
2014,230104,0.9919,
2014,230105,1.0,
2014,230106,1.0,
2014,230108,1.0,
2014,230110,1.0,
2014,230117,0.9999,
2014,230118,0.9986,
2014,230121,1.0,
2014,230130,0.9955,
2014,230132,0.9981,
2014,230133,1.0,
2014,230141,0.9997,
2014,230142,0.994,
2014,230144,1.0,no_measure_data
2014,230146,0.9943,
2014,230151,0.9958,
2014,230156,0.9994,
2014,230165,0.9903,
2014,230167,0.9992,
2014,230174,1.0,
2014,230176,0.9946,
2014,230180,0.9972,
2014,230193,0.9935,
2014,230195,0.9948,
2014,230197,0.9996,
2014,230207,0.9998,
2014,230208,1.0,
2014,230216,0.9897,
2014,230217,1.0,
2014,230222,0.9992,
2014,230227,0.9968,
2014,230230,0.9995,
2014,230236,0.9998,
2014,230239,1.0,
2014,230241,0.995,
2014,230244,0.9839,
2014,230254,0.9986,
2014,230259,1.0,
2014,230264,1.0,no_measure_data
2014,230269,0.9916,
2014,230270,0.9967,
2014,230273,0.994,
2014,230275,1.0,no_measure_data
2014,230277,0.9961,
2014,230279,1.0,no_measure_data
2014,230297,1.0,
2014,230301,1.0,no_measure_data
2014,230302,0.9977,
2014,240001,1.0,
2014,240002,0.9997,
2014,240004,0.9985,
2014,240006,1.0,
2014,240010,1.0,
2014,240014,0.9996,
2014,240018,0.9998,
2014,240019,1.0,
2014,240020,1.0,
2014,240022,1.0,
2014,240030,1.0,
2014,240036,0.9995,
2014,240038,1.0,
2014,240040,0.9989,
2014,240043,1.0,
2014,240044,0.9978,
2014,240047,1.0,
2014,240050,0.9992,
2014,240052,1.0,
2014,240053,0.999,
2014,240056,0.9997,
2014,240057,1.0,
2014,240059,0.9989,
2014,240061,1.0,
2014,240063,0.9996,
2014,240064,1.0,
2014,240066,1.0,
2014,240069,1.0,
2014,240071,1.0,
2014,240075,0.9961,
2014,240076,0.9989,
2014,240078,1.0,
2014,240080,0.9991,
2014,240084,0.9995,
2014,240088,1.0,
2014,240093,0.9997,
2014,240100,0.9998,
2014,240101,1.0,
2014,240104,0.9992,
2014,240106,0.9999,
2014,240115,0.9986,
2014,240117,0.9978,
2014,240132,0.9988,
2014,240141,1.0,
2014,240166,0.9849,
2014,240187,0.9991,
2014,240196,1.0,no_measure_data
2014,240206,1.0,
2014,240207,0.9966,
2014,240210,0.999,
2014,240213,0.9997,
2014,240214,0.9997,
2014,250001,1.0,
2014,250002,1.0,
2014,250004,0.998,
2014,250006,0.9991,
2014,250007,0.9936,
2014,250009,0.9912,
2014,250010,0.9878,
2014,250012,0.9941,
2014,250015,0.9978,
2014,250017,0.9948,
2014,250018,1.0,
2014,250019,0.9956,
2014,250020,0.9899,
2014,250025,0.9973,
2014,250027,1.0,
2014,250031,0.9974,
2014,250034,0.9989,
2014,250036,1.0,
2014,250038,0.9829,
2014,250040,0.9897,
2014,250042,0.9825,
2014,250043,1.0,
2014,250044,1.0,
2014,250048,0.9994,
2014,250049,0.9885,
2014,250050,0.9947,
2014,250051,1.0,
2014,250057,0.9981,
2014,250058,0.998,
2014,250059,0.9953,
2014,250060,0.9989,
2014,250061,0.997,
2014,250067,0.9932,
2014,250069,1.0,
2014,250072,0.9967,
2014,250077,0.9974,
2014,250078,0.9958,
2014,250079,0.9958,
2014,250081,1.0,
2014,250082,0.9991,
2014,250084,0.9985,
2014,250085,0.9957,
2014,250093,0.9851,
2014,250094,0.9977,
2014,250095,0.9974,
2014,250096,0.9981,
2014,250097,0.996,
2014,250099,0.9965,
2014,250100,1.0,
2014,250102,0.9953,
2014,250104,1.0,
2014,250117,0.9822,
2014,250122,0.9911,
2014,250123,0.9963,
2014,250124,0.9912,
2014,250126,0.9901,
2014,250127,1.0,
2014,250128,0.9976,
2014,250134,1.0,
2014,250136,1.0,no_measure_data
2014,250138,0.9982,
2014,250141,0.9864,
2014,250151,1.0,no_measure_data
2014,250152,1.0,no_measure_data
2014,250162,0.9952,
2014,250166,1.0,no_measure_data
2014,260001,0.9934,
2014,260004,1.0,
2014,260005,0.9967,
2014,260006,0.9982,
2014,260009,0.9971,
2014,260011,0.9974,
2014,260015,0.9968,
2014,260017,1.0,
2014,260020,0.9934,
2014,260022,0.9973,
2014,260023,0.9958,
2014,260024,0.9959,
2014,260025,1.0,
2014,260027,0.9991,
2014,260032,0.994,
2014,260034,0.9903,
2014,260040,0.9985,
2014,260047,0.9968,
2014,260048,0.998,
2014,260050,1.0,
2014,260052,0.9979,
2014,260057,0.9988,
2014,260059,0.9961,
2014,260061,1.0,
2014,260062,0.9982,
2014,260064,1.0,
2014,260065,1.0,
2014,260068,1.0,
2014,260070,0.995,
2014,260074,0.9993,
2014,260077,0.9905,
2014,260078,0.9984,
2014,260080,0.9832,
2014,260081,0.9961,
2014,260085,0.9978,
2014,260091,0.9941,
2014,260094,1.0,
2014,260095,0.9975,
2014,260096,0.9976,
2014,260097,1.0,
2014,260102,0.9987,
2014,260104,0.9916,
2014,260105,0.9987,
2014,260108,0.998,
2014,260110,0.9986,
2014,260113,0.9894,
2014,260115,1.0,
2014,260116,0.9997,
2014,260119,0.9947,
2014,260137,1.0,
2014,260138,0.996,
2014,260141,0.9989,
2014,260142,0.9991,
2014,260147,0.9972,
2014,260160,0.9885,
2014,260162,1.0,
2014,260163,1.0,
2014,260175,1.0,
2014,260176,0.9951,
2014,260177,0.9963,
2014,260179,1.0,
2014,260180,0.997,
2014,260183,1.0,
2014,260186,0.9995,
2014,260190,0.9941,
2014,260191,0.9999,
2014,260193,0.9933,
2014,260195,0.9962,
2014,260200,1.0,
2014,260207,1.0,
2014,260209,1.0,
2014,260210,0.9987,
2014,260211,1.0,
2014,260214,0.9967,
2014,260216,0.9944,
2014,260219,0.9984,
2014,260227,1.0,no_measure_data
2014,270003,1.0,
2014,270004,1.0,
2014,270012,1.0,
2014,270014,1.0,
2014,270017,0.9991,
2014,270023,0.9998,
2014,270032,1.0,
2014,270049,1.0,
2014,270051,1.0,
2014,270057,1.0,
2014,270074,0.9991,
2014,270086,1.0,
2014,270087,1.0,
2014,280003,1.0,
2014,280009,1.0,
2014,280013,0.9995,
2014,280020,0.9993,
2014,280023,0.9991,
2014,280030,0.9993,
2014,280032,1.0,
2014,280040,0.9987,
2014,280060,1.0,
2014,280061,1.0,
2014,280065,0.9992,
2014,280077,1.0,
2014,280081,0.9986,
2014,280105,1.0,
2014,280111,0.9985,
2014,280119,1.0,
2014,280125,1.0,
2014,280127,1.0,no_measure_data
2014,280128,1.0,
2014,280129,1.0,no_measure_data
2014,280130,0.9997,
2014,280131,1.0,no_measure_data
2014,280132,0.9993,
2014,280133,1.0,no_measure_data
2014,290001,0.999,
2014,290002,1.0,
2014,290003,0.996,
2014,290005,0.9959,
2014,290006,0.9957,
2014,290007,0.999,
2014,290008,0.9963,
2014,290009,0.9994,
2014,290012,0.9935,
2014,290019,0.9974,
2014,290020,1.0,
2014,290021,0.9911,
2014,290022,0.9945,
2014,290032,0.9987,
2014,290039,0.9965,
2014,290041,0.9991,
2014,290042,1.0,
2014,290045,0.9996,
2014,290046,0.997,
2014,290047,0.9968,
2014,290049,1.0,
2014,290051,1.0,no_measure_data
2014,290053,0.9976,
2014,290054,0.997,
2014,300001,0.9992,
2014,300003,1.0,
2014,300005,1.0,
2014,300011,0.992,
2014,300012,0.9984,
2014,300014,1.0,
2014,300017,0.9951,
2014,300018,1.0,
2014,300019,0.9993,
2014,300020,1.0,
2014,300023,0.9999,
2014,300029,1.0,
2014,300034,1.0,
2014,310001,0.9939,
2014,310002,0.9884,
2014,310003,0.9852,
2014,310005,0.9986,
2014,310006,0.9957,
2014,310008,0.9929,
2014,310009,0.9952,
2014,310010,0.9985,
2014,310011,0.995,
2014,310012,0.9914,
2014,310014,0.9909,
2014,310015,1.0,
2014,310016,0.9863,
2014,310017,0.9975,
2014,310019,0.9855,
2014,310021,0.9931,
2014,310022,0.995,
2014,310024,0.9966,
2014,310025,0.9896,
2014,310027,0.9928,
2014,310028,0.9959,
2014,310029,0.9948,
2014,310031,0.9935,
2014,310032,1.0,
2014,310034,0.9976,
2014,310038,0.9927,
2014,310039,0.9863,
2014,310040,0.9882,
2014,310041,0.9922,
2014,310044,0.9973,
2014,310045,0.9952,
2014,310047,0.9976,
2014,310048,0.993,
2014,310050,0.992,
2014,310051,1.0,
2014,310052,0.9948,
2014,310054,0.9986,
2014,310057,0.9988,
2014,310058,0.9961,
2014,310060,0.9973,
2014,310061,0.9965,
2014,310064,0.9972,
2014,310069,0.9984,
2014,310070,0.9927,
2014,310073,0.9975,
2014,310074,0.98,
2014,310075,1.0,
2014,310076,0.999,
2014,310081,0.9875,
2014,310083,0.9888,
2014,310084,0.9869,
2014,310086,0.9881,
2014,310091,0.99,
2014,310092,0.9956,
2014,310096,0.9834,
2014,310108,0.9965,
2014,310110,0.994,
2014,310111,0.9998,
2014,310112,0.9938,
2014,310113,1.0,
2014,310115,0.9949,
2014,310118,0.9902,
2014,310119,0.9971,
2014,310120,0.9961,
2014,320001,1.0,
2014,320002,0.9976,
2014,320003,1.0,
2014,320004,1.0,
2014,320005,1.0,
2014,320006,0.9995,
2014,320009,1.0,
2014,320011,0.9996,
2014,320013,0.9989,
2014,320014,1.0,no_measure_data
2014,320016,0.999,
2014,320017,1.0,
2014,320018,0.9996,
2014,320021,0.9996,
2014,320022,1.0,
2014,320030,1.0,
2014,320033,1.0,
2014,320038,1.0,
2014,320057,1.0,
2014,320058,1.0,
2014,320059,0.9989,
2014,320060,1.0,
2014,320061,0.9948,
2014,320062,1.0,
2014,320063,0.9994,
2014,320065,0.997,
2014,320067,0.999,
2014,320070,1.0,
2014,320074,1.0,
2014,320084,0.9978,
2014,320085,0.9961,
2014,320086,1.0,
2014,330002,0.9986,
2014,330003,0.9955,
2014,330004,0.9925,
2014,330005,0.9936,
2014,330006,0.9948,
2014,330008,0.9982,
2014,330009,0.9945,
2014,330011,0.998,
2014,330013,0.9993,
2014,330014,0.9915,
2014,330019,0.9905,
2014,330023,0.9921,
2014,330024,0.9954,
2014,330027,0.9901,
2014,330028,0.9961,
2014,330029,1.0,no_measure_data
2014,330030,0.9961,
2014,330033,0.9999,
2014,330037,0.9973,
2014,330043,1.0,
2014,330044,0.9952,
2014,330045,0.9948,
2014,330046,0.989,
2014,330047,1.0,
2014,330049,0.9995,
2014,330053,0.9956,
2014,330055,0.9913,
2014,330056,0.9944,
2014,330057,0.9993,
2014,330058,1.0,
2014,330059,0.9921,
2014,330061,0.999,
2014,330064,0.9937,
2014,330065,0.9971,
2014,330067,0.9936,
2014,330073,0.9943,
2014,330074,0.9968,
2014,330078,0.9973,
2014,330079,0.9996,
2014,330080,0.9958,
2014,330084,0.9966,
2014,330085,0.9904,
2014,330086,0.9971,
2014,330088,1.0,
2014,330090,0.9923,
2014,330094,0.9952,
2014,330096,0.9982,
2014,330100,1.0,no_measure_data
2014,330101,0.9965,
2014,330102,0.9991,
2014,330103,0.997,
2014,330104,0.9932,
2014,330106,0.9902,
2014,330107,0.9975,
2014,330108,0.9964,
2014,330111,0.98,
2014,330115,0.9975,
2014,330119,0.9951,
2014,330125,0.9956,
2014,330126,0.9838,
2014,330127,0.9949,
2014,330128,0.9944,
2014,330132,1.0,
2014,330135,0.9996,
2014,330136,1.0,
2014,330140,0.9893,
2014,330141,0.9861,
2014,330144,0.995,
2014,330151,0.9953,
2014,330153,1.0,
2014,330157,1.0,
2014,330158,0.9921,
2014,330160,0.9995,
2014,330162,0.9912,
2014,330163,0.9861,
2014,330164,0.9995,
2014,330166,1.0,
2014,330167,0.9978,
2014,330169,0.9891,
2014,330175,0.9946,
2014,330177,0.9979,
2014,330180,0.9975,
2014,330181,0.9956,
2014,330182,1.0,
2014,330184,0.9925,
2014,330185,1.0,
2014,330188,1.0,
2014,330191,0.9977,
2014,330193,0.992,
2014,330194,0.9949,
2014,330195,0.998,
2014,330196,0.9875,
2014,330197,0.9988,
2014,330198,0.9912,
2014,330199,0.9974,
2014,330201,0.9947,
2014,330202,0.9974,
2014,330203,0.9947,
2014,330204,0.9936,
2014,330205,0.9967,
2014,330208,0.9908,
2014,330211,0.9987,
2014,330213,1.0,
2014,330214,0.9998,
2014,330215,0.9954,
2014,330218,0.9879,
2014,330219,0.9996,
2014,330221,0.9924,
2014,330222,0.9956,
2014,330223,0.9934,
2014,330224,0.9975,
2014,330225,0.9933,
2014,330226,0.9981,
2014,330229,0.9977,
2014,330231,0.9932,
2014,330232,0.9987,
2014,330233,0.9976,
2014,330234,0.9918,
2014,330235,0.9991,
2014,330236,0.9858,
2014,330238,0.998,
2014,330239,0.9996,
2014,330240,0.9961,
2014,330241,0.9976,
2014,330245,0.9928,
2014,330246,0.9971,
2014,330249,1.0,
2014,330250,0.9925,
2014,330259,0.9962,
2014,330261,0.9997,
2014,330263,0.999,
2014,330264,0.9921,
2014,330265,0.9993,
2014,330267,0.9941,
2014,330268,0.9991,
2014,330270,1.0,no_measure_data
2014,330273,0.9935,
2014,330276,0.9963,
2014,330277,0.9957,
2014,330279,1.0,
2014,330285,0.9987,
2014,330286,0.9966,
2014,330304,0.991,
2014,330306,0.993,
2014,330307,1.0,
2014,330316,0.9922,
2014,330331,0.9994,
2014,330332,0.999,
2014,330340,0.9974,
2014,330350,0.9837,
2014,330353,0.9881,
2014,330372,0.9979,
2014,330385,0.9975,
2014,330386,0.9962,
2014,330393,0.9852,
2014,330394,1.0,
2014,330395,0.9933,
2014,330396,0.9948,
2014,330397,0.9943,
2014,330399,0.9976,
2014,330401,0.9871,
2014,330403,1.0,no_measure_data
2014,330404,1.0,no_measure_data
2014,330405,1.0,no_measure_data
2014,330406,1.0,no_measure_data
2014,330409,1.0,no_measure_data
2014,340001,1.0,
2014,340002,1.0,
2014,340003,0.9989,
2014,340004,0.9979,
2014,340008,0.9958,
2014,340010,0.9961,
2014,340011,1.0,
2014,340013,0.9978,
2014,340014,1.0,
2014,340015,0.9987,
2014,340016,0.9991,
2014,340017,1.0,
2014,340020,0.998,
2014,340021,0.9986,
2014,340023,1.0,
2014,340024,1.0,
2014,340027,1.0,
2014,340028,0.9967,
2014,340030,0.9972,
2014,340032,0.9984,
2014,340036,1.0,
2014,340037,0.9997,
2014,340039,0.9944,
2014,340040,0.9937,
2014,340041,1.0,
2014,340042,0.9966,
2014,340047,0.9927,
2014,340049,1.0,no_measure_data
2014,340050,0.9908,
2014,340051,0.9986,
2014,340053,0.9982,
2014,340055,1.0,
2014,340060,0.9923,
2014,340061,0.999,
2014,340064,0.9925,
2014,340068,0.9967,
2014,340069,0.9958,
2014,340070,0.9987,
2014,340071,0.9943,
2014,340073,1.0,
2014,340075,1.0,
2014,340084,0.993,
2014,340085,0.9995,
2014,340087,0.9996,
2014,340090,0.9942,
2014,340091,1.0,
2014,340096,0.9971,
2014,340097,0.9955,
2014,340098,1.0,
2014,340099,0.9919,
2014,340106,0.9933,
2014,340107,0.9952,
2014,340109,1.0,
2014,340113,0.9971,
2014,340114,0.9992,
2014,340115,0.9968,
2014,340116,1.0,
2014,340119,0.9985,
2014,340120,0.9949,
2014,340123,0.9917,
2014,340126,0.9955,
2014,340127,0.9988,
2014,340129,0.9993,
2014,340130,0.9995,
2014,340131,1.0,
2014,340132,0.999,
2014,340133,0.9907,
2014,340141,1.0,
2014,340142,0.9979,
2014,340143,0.9999,
2014,340144,0.9919,
2014,340145,0.9979,
2014,340147,0.9962,
2014,340148,1.0,no_measure_data
2014,340151,0.9938,
2014,340153,1.0,no_measure_data
2014,340155,1.0,
2014,340156,0.9999,
2014,340158,0.999,
2014,340159,1.0,
2014,340160,0.9983,
2014,340166,0.9993,
2014,340168,1.0,no_measure_data
2014,340171,1.0,
2014,340173,1.0,
2014,340183,0.9992,
2014,340184,0.9993,
2014,340186,0.9997,
2014,350002,1.0,
2014,350006,0.9992,
2014,350011,1.0,
2014,350015,0.9979,
2014,350019,0.9999,
2014,350063,0.9973,
2014,350070,0.9995,
2014,360001,0.9938,
2014,360002,1.0,
2014,360003,0.9978,
2014,360006,0.9987,
2014,360008,0.9995,
2014,360009,0.9993,
2014,360010,0.9884,
2014,360011,0.9976,
2014,360012,0.9981,
2014,360013,1.0,
2014,360014,0.9991,
2014,360016,0.9912,
2014,360017,0.9982,
2014,360019,0.9893,
2014,360020,0.9976,
2014,360025,1.0,
2014,360026,0.998,
2014,360027,0.9992,
2014,360029,1.0,
2014,360032,1.0,
2014,360035,0.9986,
2014,360036,0.999,
2014,360037,0.9999,
2014,360039,0.997,
2014,360040,1.0,
2014,360041,0.9967,
2014,360044,1.0,
2014,360046,0.9963,
2014,360048,0.9991,
2014,360051,0.9998,
2014,360052,0.992,
2014,360054,0.9819,
2014,360055,0.9962,
2014,360056,0.9961,
2014,360058,0.9989,
2014,360059,0.9952,
2014,360064,0.9926,
2014,360065,0.9978,
2014,360066,1.0,
2014,360068,0.9999,
2014,360070,1.0,
2014,360071,0.9999,
2014,360072,0.9988,
2014,360074,0.9992,
2014,360075,0.9977,
2014,360076,0.9977,
2014,360077,0.9965,
2014,360078,0.9961,
2014,360079,0.9995,
2014,360080,0.9923,
2014,360081,0.999,
2014,360082,0.997,
2014,360084,0.9978,
2014,360085,0.9976,
2014,360086,0.9944,
2014,360087,0.9999,
2014,360089,0.9994,
2014,360090,1.0,
2014,360091,0.9957,
2014,360092,1.0,
2014,360095,1.0,
2014,360096,0.9912,
2014,360098,0.9911,
2014,360107,1.0,
2014,360109,0.9978,
2014,360112,0.9948,
2014,360113,0.9975,
2014,360115,0.9891,
2014,360116,1.0,
2014,360118,0.9957,
2014,360121,1.0,
2014,360123,0.9969,
2014,360125,1.0,
2014,360131,1.0,
2014,360132,0.9979,
2014,360133,0.9961,
2014,360134,0.9966,
2014,360137,0.9996,
2014,360141,0.9968,
2014,360143,0.9897,
2014,360144,0.9959,
2014,360145,0.9925,
2014,360147,0.9969,
2014,360148,0.9964,
2014,360150,0.9944,
2014,360151,0.9987,
2014,360152,0.9954,
2014,360153,0.9997,
2014,360155,0.9987,
2014,360156,1.0,
2014,360159,0.9907,
2014,360161,0.9969,
2014,360163,0.9997,
2014,360170,0.9971,
2014,360172,0.9944,
2014,360174,0.9913,
2014,360175,0.9978,
2014,360179,0.9965,
2014,360180,0.9967,
2014,360185,1.0,
2014,360189,1.0,
2014,360192,0.9938,
2014,360195,1.0,
2014,360197,1.0,
2014,360203,0.9954,
2014,360210,1.0,
2014,360211,0.9959,
2014,360212,0.9997,
2014,360218,0.9987,
2014,360230,0.9971,
2014,360234,0.9917,
2014,360236,0.9968,
2014,360239,0.9986,
2014,360245,1.0,no_measure_data
2014,360247,1.0,no_measure_data
2014,360258,1.0,no_measure_data
2014,360259,0.9972,
2014,360261,1.0,no_measure_data
2014,360262,0.9999,
2014,360263,1.0,no_measure_data
2014,360266,1.0,
2014,360269,1.0,no_measure_data
2014,360270,0.9967,
2014,360271,1.0,no_measure_data
2014,360274,1.0,
2014,360276,0.9959,
2014,360347,1.0,
2014,360348,1.0,
2014,360350,1.0,no_measure_data
2014,360351,1.0,no_measure_data
2014,360352,1.0,no_measure_data
2014,360354,0.9962,
2014,360355,1.0,no_measure_data
2014,360356,1.0,
2014,360358,1.0,
2014,360359,0.9963,
2014,360360,1.0,
2014,370001,0.9938,
2014,370002,0.9986,
2014,370004,1.0,
2014,370006,1.0,
2014,370007,0.9998,
2014,370008,1.0,
2014,370011,0.9977,
2014,370013,0.9999,
2014,370014,0.98,
2014,370015,1.0,
2014,370016,0.9972,
2014,370018,1.0,
2014,370019,0.9999,
2014,370020,0.9996,
2014,370022,0.9997,
2014,370023,1.0,
2014,370025,0.9958,
2014,370026,1.0,
2014,370028,1.0,
2014,370029,0.9937,
2014,370030,0.999,
2014,370032,0.999,
2014,370034,0.9986,
2014,370036,0.9811,
2014,370037,0.9999,
2014,370039,1.0,
2014,370040,0.9845,
2014,370041,0.9985,
2014,370047,0.9938,
2014,370048,1.0,
2014,370049,0.9991,
2014,370051,0.9966,
2014,370054,1.0,
2014,370056,1.0,
2014,370057,0.997,
2014,370065,0.9934,
2014,370072,1.0,
2014,370078,0.9973,
2014,370080,1.0,
2014,370083,0.9866,
2014,370089,0.9999,
2014,370091,0.9963,
2014,370093,0.9984,
2014,370094,0.9923,
2014,370097,0.9995,
2014,370099,0.9986,
2014,370100,0.9902,
2014,370103,0.9949,
2014,370106,0.999,
2014,370112,0.9995,
2014,370113,0.9987,
2014,370114,0.9966,
2014,370138,0.9976,
2014,370139,0.9996,
2014,370149,0.9997,
2014,370153,0.9984,
2014,370156,0.9932,
2014,370158,0.9982,
2014,370166,0.9997,
2014,370169,1.0,
2014,370170,1.0,
2014,370171,0.9992,
2014,370172,1.0,
2014,370173,1.0,
2014,370178,0.9967,
2014,370180,1.0,
2014,370183,1.0,
2014,370190,1.0,
2014,370192,1.0,no_measure_data
2014,370199,1.0,no_measure_data
2014,370201,1.0,no_measure_data
2014,370202,0.9971,
2014,370203,1.0,
2014,370206,1.0,no_measure_data
2014,370210,1.0,no_measure_data
2014,370211,1.0,
2014,370212,1.0,no_measure_data
2014,370214,1.0,
2014,370215,0.9989,
2014,370216,1.0,
2014,370218,0.9976,
2014,370220,1.0,no_measure_data
2014,370222,1.0,no_measure_data
2014,370225,1.0,
2014,370227,1.0,
2014,370228,0.9996,
2014,370229,1.0,
2014,370232,1.0,
2014,370234,0.9998,
2014,370235,0.9992,
2014,370236,1.0,
2014,380001,1.0,
2014,380002,1.0,
2014,380004,1.0,
2014,380005,1.0,
2014,380007,0.9981,
2014,380009,0.9985,
2014,380014,1.0,
2014,380017,0.999,
2014,380018,1.0,
2014,380020,1.0,
2014,380021,1.0,
2014,380022,1.0,
2014,380025,0.9995,
2014,380027,1.0,
2014,380029,1.0,
2014,380033,1.0,
2014,380037,0.9997,
2014,380038,0.9983,
2014,380040,1.0,
2014,380047,1.0,
2014,380050,0.9994,
2014,380051,1.0,
2014,380052,0.9998,
2014,380056,0.9984,
2014,380060,1.0,
2014,380061,1.0,
2014,380071,1.0,
2014,380075,1.0,
2014,380082,1.0,
2014,380089,0.9961,
2014,380090,0.9938,
2014,380091,1.0,
2014,380102,1.0,
2014,390001,1.0,
2014,390002,0.9957,
2014,390003,0.9974,
2014,390004,0.9963,
2014,390006,0.9995,
2014,390008,1.0,
2014,390009,1.0,
2014,390012,0.9975,
2014,390013,1.0,
2014,390016,0.9893,
2014,390019,0.9949,
2014,390025,1.0,no_measure_data
2014,390026,0.9937,
2014,390027,0.9977,
2014,390028,0.9968,
2014,390030,0.993,
2014,390031,0.9887,
2014,390032,0.9899,
2014,390035,1.0,
2014,390036,0.9918,
2014,390037,0.9985,
2014,390039,1.0,
2014,390041,0.9986,
2014,390042,0.9959,
2014,390043,0.9989,
2014,390044,1.0,
2014,390045,1.0,
2014,390046,0.9994,
2014,390048,0.9941,
2014,390049,0.9956,
2014,390050,0.9987,
2014,390052,0.9921,
2014,390056,1.0,
2014,390057,0.9992,
2014,390058,0.9991,
2014,390061,0.9988,
2014,390062,0.996,
2014,390063,1.0,
2014,390065,0.9918,
2014,390066,1.0,
2014,390067,1.0,
2014,390068,1.0,
2014,390070,0.9931,
2014,390071,1.0,
2014,390072,0.995,
2014,390073,1.0,
2014,390076,0.9965,
2014,390079,0.9968,
2014,390080,0.9968,
2014,390081,0.9941,
2014,390084,0.9882,
2014,390086,1.0,
2014,390090,0.9974,
2014,390091,0.9947,
2014,390093,0.9954,
2014,390095,0.9852,
2014,390096,0.9995,
2014,390097,1.0,
2014,390100,1.0,
2014,390101,0.9931,
2014,390102,0.9995,
2014,390104,0.9992,
2014,390107,0.9971,
2014,390108,0.9996,
2014,390110,0.9952,
2014,390111,0.9992,
2014,390112,0.9948,
2014,390113,0.9995,
2014,390114,0.9999,
2014,390115,0.9942,
2014,390116,0.9981,
2014,390117,1.0,
2014,390118,0.9992,
2014,390119,1.0,
2014,390122,0.9986,
2014,390123,0.992,
2014,390125,0.9986,
2014,390127,0.9911,
2014,390130,0.999,
2014,390132,0.9958,
2014,390133,0.9972,
2014,390137,1.0,
2014,390138,0.9994,
2014,390139,0.9997,
2014,390142,0.9977,
2014,390145,0.9933,
2014,390146,0.9997,
2014,390147,0.9969,
2014,390150,0.997,
2014,390151,1.0,
2014,390153,0.9999,
2014,390154,0.9984,
2014,390156,0.9885,
2014,390157,0.9983,
2014,390160,0.9982,
2014,390162,0.9882,
2014,390163,1.0,
2014,390164,0.9999,
2014,390168,0.9965,
2014,390173,0.9964,
2014,390174,0.9968,
2014,390178,1.0,
2014,390179,0.9992,
2014,390180,0.9943,
2014,390183,1.0,
2014,390184,0.9937,
2014,390185,0.9857,
2014,390189,0.9906,
2014,390192,0.9987,
2014,390194,0.9979,
2014,390195,0.999,
2014,390197,0.9989,
2014,390198,0.9959,
2014,390199,0.997,
2014,390201,0.9999,
2014,390203,0.9965,
2014,390204,0.9886,
2014,390211,0.9918,
2014,390217,0.9931,
2014,390219,0.9992,
2014,390220,0.9968,
2014,390222,0.9971,
2014,390223,0.9996,
2014,390225,1.0,
2014,390226,0.9965,
2014,390228,0.9933,
2014,390231,0.9995,
2014,390233,1.0,
2014,390236,0.9999,
2014,390237,1.0,
2014,390256,1.0,
2014,390258,0.9961,
2014,390263,0.9967,
2014,390265,0.9916,
2014,390266,1.0,
2014,390267,0.9956,
2014,390268,0.999,
2014,390270,1.0,
2014,390272,1.0,no_measure_data
2014,390278,1.0,no_measure_data
2014,390290,0.9976,
2014,390302,1.0,no_measure_data
2014,390304,0.9932,
2014,390307,1.0,no_measure_data
2014,390312,1.0,
2014,390313,0.9982,
2014,390314,1.0,no_measure_data
2014,390316,1.0,no_measure_data
2014,390318,1.0,
2014,390321,1.0,no_measure_data
2014,390322,1.0,no_measure_data
2014,390323,1.0,no_measure_data
2014,390324,1.0,no_measure_data
2014,390325,1.0,no_measure_data
2014,390326,0.9992,
2014,390327,1.0,no_measure_data
2014,390328,1.0,no_measure_data
2014,400001,1.0,puerto_rico_excluded
2014,400003,1.0,puerto_rico_excluded
2014,400004,1.0,puerto_rico_excluded
2014,400005,1.0,puerto_rico_excluded
2014,400006,1.0,puerto_rico_excluded
2014,400007,1.0,puerto_rico_excluded
2014,400009,1.0,puerto_rico_excluded
2014,400010,1.0,puerto_rico_excluded
2014,400011,1.0,puerto_rico_excluded
2014,400012,1.0,puerto_rico_excluded
2014,400013,1.0,puerto_rico_excluded
2014,400014,1.0,puerto_rico_excluded
2014,400015,1.0,puerto_rico_excluded
2014,400016,1.0,puerto_rico_excluded
2014,400018,1.0,puerto_rico_excluded
2014,400019,1.0,puerto_rico_excluded
2014,400021,1.0,puerto_rico_excluded
2014,400022,1.0,puerto_rico_excluded
2014,400024,1.0,puerto_rico_excluded
2014,400026,1.0,puerto_rico_excluded
2014,400032,1.0,puerto_rico_excluded
2014,400044,1.0,puerto_rico_excluded
2014,400048,1.0,puerto_rico_excluded
2014,400061,1.0,puerto_rico_excluded
2014,400079,1.0,puerto_rico_excluded
2014,400087,1.0,puerto_rico_excluded
2014,400098,1.0,puerto_rico_excluded
2014,400102,1.0,puerto_rico_excluded
2014,400103,1.0,puerto_rico_excluded
2014,400104,1.0,puerto_rico_excluded
2014,400105,1.0,puerto_rico_excluded
2014,400106,1.0,puerto_rico_excluded
2014,400109,1.0,puerto_rico_excluded
2014,400110,1.0,puerto_rico_excluded
2014,400111,1.0,puerto_rico_excluded
2014,400112,1.0,puerto_rico_excluded
2014,400113,1.0,puerto_rico_excluded
2014,400114,1.0,puerto_rico_excluded
2014,400115,1.0,puerto_rico_excluded
2014,400117,1.0,puerto_rico_excluded
2014,400118,1.0,puerto_rico_excluded
2014,400120,1.0,puerto_rico_excluded
2014,400121,1.0,puerto_rico_excluded
2014,400122,1.0,puerto_rico_excluded
2014,400123,1.0,puerto_rico_excluded
2014,400124,1.0,puerto_rico_excluded
2014,400125,1.0,puerto_rico_excluded
2014,400126,1.0,puerto_rico_excluded
2014,400127,1.0,puerto_rico_excluded
2014,400128,1.0,puerto_rico_excluded
2014,400130,1.0,puerto_rico_excluded
2014,400131,1.0,puerto_rico_excluded
2014,410001,0.9896,
2014,410004,0.9995,
2014,410005,0.9909,
2014,410006,1.0,
2014,410007,0.9962,
2014,410008,1.0,
2014,410009,0.9927,
2014,410010,1.0,
2014,410011,0.9941,
2014,410012,0.9958,
2014,410013,1.0,
2014,420002,0.9941,
2014,420004,0.9997,
2014,420005,0.9971,
2014,420007,1.0,
2014,420009,0.9997,
2014,420010,0.9922,
2014,420011,1.0,
2014,420015,0.9922,
2014,420016,0.9966,
2014,420018,1.0,
2014,420019,1.0,
2014,420020,0.9917,
2014,420023,1.0,
2014,420026,0.9989,
2014,420027,1.0,
2014,420030,0.9971,
2014,420033,1.0,
2014,420036,0.9964,
2014,420037,1.0,
2014,420038,0.9987,
2014,420039,0.9954,
2014,420043,0.9928,
2014,420048,0.9939,
2014,420049,0.9986,
2014,420051,0.9976,
2014,420053,1.0,
2014,420054,1.0,
2014,420055,0.993,
2014,420056,0.9975,
2014,420057,1.0,
2014,420062,0.9916,
2014,420064,1.0,
2014,420065,1.0,
2014,420066,0.9991,
2014,420067,0.9947,
2014,420068,0.9951,
2014,420069,0.9992,
2014,420070,0.999,
2014,420071,1.0,
2014,420072,0.9954,
2014,420073,0.9974,
2014,420078,1.0,
2014,420079,0.9986,
2014,420080,0.9953,
2014,420082,1.0,
2014,420083,0.9976,
2014,420085,0.9959,
2014,420086,1.0,
2014,420087,1.0,
2014,420089,1.0,
2014,420091,0.9921,
2014,420098,0.9953,
2014,420101,0.9905,
2014,420102,1.0,no_measure_data
2014,420103,1.0,
2014,420104,1.0,
2014,420105,1.0,
2014,430005,1.0,
2014,430008,0.9992,
2014,430012,0.9982,
2014,430013,1.0,
2014,430014,1.0,
2014,430015,0.9981,
2014,430016,1.0,
2014,430027,1.0,
2014,430048,1.0,
2014,430077,1.0,
2014,430081,1.0,
2014,430083,1.0,
2014,430084,1.0,
2014,430089,1.0,no_measure_data
2014,430090,1.0,no_measure_data
2014,430091,1.0,no_measure_data
2014,430092,1.0,no_measure_data
2014,430093,1.0,no_measure_data
2014,430094,1.0,no_measure_data
2014,430095,1.0,
2014,430096,1.0,
2014,430097,1.0,no_measure_data
2014,440001,0.9954,
2014,440002,0.9985,
2014,440003,0.9898,
2014,440006,0.9977,
2014,440007,0.9987,
2014,440008,0.9947,
2014,440009,0.992,
2014,440010,0.9892,
2014,440011,0.989,
2014,440012,0.9935,
2014,440015,0.9995,
2014,440016,1.0,
2014,440017,0.9936,
2014,440018,0.9892,
2014,440020,1.0,
2014,440025,0.9888,
2014,440029,0.9996,
2014,440030,0.9899,
2014,440031,0.9997,
2014,440032,0.9983,
2014,440033,0.9886,
2014,440034,0.9934,
2014,440035,0.993,
2014,440039,0.9989,
2014,440040,0.98,
2014,440046,0.9967,
2014,440047,0.9987,
2014,440048,1.0,
2014,440049,0.9943,
2014,440050,1.0,
2014,440051,0.9993,
2014,440053,0.988,
2014,440054,1.0,
2014,440056,0.9989,
2014,440057,0.9962,
2014,440058,0.9913,
2014,440059,0.9993,
2014,440060,0.9997,
2014,440061,0.9966,
2014,440063,0.9912,
2014,440064,1.0,
2014,440065,0.9999,
2014,440067,0.9943,
2014,440068,0.9965,
2014,440070,0.9832,
2014,440072,0.9946,
2014,440073,0.9934,
2014,440081,1.0,
2014,440082,0.9957,
2014,440083,0.9871,
2014,440084,0.9946,
2014,440091,1.0,
2014,440102,1.0,
2014,440104,1.0,
2014,440109,0.9973,
2014,440110,0.9988,
2014,440111,1.0,
2014,440115,0.997,
2014,440120,0.9973,
2014,440125,0.998,
2014,440130,0.9957,
2014,440131,1.0,
2014,440132,0.9968,
2014,440133,0.998,
2014,440137,0.9962,
2014,440141,0.9932,
2014,440144,0.9946,
2014,440148,0.9957,
2014,440150,0.9979,
2014,440151,0.9926,
2014,440152,0.9997,
2014,440153,0.9963,
2014,440156,1.0,
2014,440159,0.9962,
2014,440161,0.9993,
2014,440168,0.9988,
2014,440173,0.9991,
2014,440174,0.9949,
2014,440175,0.9869,
2014,440176,0.9972,
2014,440180,0.9813,
2014,440181,0.9976,
2014,440182,0.9982,
2014,440183,0.9992,
2014,440184,1.0,
2014,440185,0.9916,
2014,440186,0.999,
2014,440187,0.98,
2014,440189,0.9964,
2014,440192,0.9921,
2014,440193,0.9947,
2014,440194,0.9973,
2014,440197,0.998,
2014,440200,0.9939,
2014,440218,1.0,no_measure_data
2014,440227,0.9972,
2014,440228,0.9997,
2014,450002,1.0,
2014,450005,1.0,
2014,450007,1.0,
2014,450010,0.9997,
2014,450011,0.9993,
2014,450015,0.9997,
2014,450018,0.9977,
2014,450021,1.0,
2014,450023,1.0,
2014,450024,1.0,
2014,450028,0.9982,
2014,450029,0.9971,
2014,450032,0.988,
2014,450033,0.998,
2014,450034,0.9974,
2014,450035,0.9994,
2014,450037,0.9961,
2014,450039,0.9997,
2014,450040,1.0,
2014,450042,0.9989,
2014,450044,1.0,
2014,450046,0.9995,
2014,450051,0.9964,
2014,450052,0.9984,
2014,450054,0.9994,
2014,450055,1.0,
2014,450056,0.9991,
2014,450058,1.0,
2014,450064,0.9993,
2014,450068,1.0,
2014,450072,1.0,
2014,450073,1.0,
2014,450078,0.9988,
2014,450079,0.9973,
2014,450080,1.0,
2014,450082,0.9999,
2014,450083,0.999,
2014,450085,1.0,
2014,450087,1.0,
2014,450090,1.0,
2014,450092,1.0,
2014,450097,0.9983,
2014,450099,0.999,
2014,450101,1.0,
2014,450102,1.0,
2014,450104,1.0,
2014,450107,0.9999,
2014,450108,0.998,
2014,450119,0.9971,
2014,450123,1.0,
2014,450124,0.9996,
2014,450128,0.9965,
2014,450130,1.0,
2014,450132,1.0,
2014,450133,0.9996,
2014,450135,0.9968,
2014,450137,1.0,
2014,450143,1.0,
2014,450144,0.9975,
2014,450147,0.9985,
2014,450148,1.0,
2014,450152,0.9987,
2014,450154,0.9965,
2014,450155,1.0,
2014,450162,1.0,
2014,450163,0.9997,
2014,450165,0.9982,
2014,450176,0.9915,
2014,450177,0.9909,
2014,450178,1.0,
2014,450184,1.0,
2014,450187,0.9994,
2014,450188,0.9925,
2014,450192,0.9991,
2014,450193,1.0,
2014,450194,0.9898,
2014,450196,0.9986,
2014,450200,0.9923,
2014,450203,0.9997,
2014,450209,1.0,
2014,450210,0.9965,
2014,450211,0.9981,
2014,450213,0.9995,
2014,450214,0.9991,
2014,450219,1.0,
2014,450221,0.9993,
2014,450222,0.9935,
2014,450229,1.0,
2014,450231,1.0,
2014,450235,0.9985,
2014,450236,1.0,
2014,450237,1.0,
2014,450241,0.9967,
2014,450243,1.0,
2014,450253,0.9949,
2014,450270,0.9995,
2014,450271,0.9985,
2014,450272,1.0,
2014,450280,0.9982,
2014,450283,0.9991,
2014,450289,0.9985,
2014,450292,0.9987,
2014,450293,1.0,
2014,450296,0.9902,
2014,450299,1.0,
2014,450306,0.9941,
2014,450324,0.9956,
2014,450330,0.999,
2014,450340,0.9999,
2014,450346,0.9954,
2014,450347,1.0,
2014,450348,0.98,
2014,450351,1.0,
2014,450352,0.9997,
2014,450358,1.0,
2014,450369,0.9973,
2014,450370,0.999,
2014,450372,1.0,
2014,450373,0.9923,
2014,450379,0.9988,
2014,450388,1.0,
2014,450389,0.9966,
2014,450395,0.996,
2014,450399,1.0,
2014,450400,0.982,
2014,450403,0.9979,
2014,450411,1.0,
2014,450419,1.0,
2014,450422,1.0,no_measure_data
2014,450424,0.9995,
2014,450431,1.0,
2014,450438,0.9918,
2014,450446,1.0,
2014,450447,0.9957,
2014,450451,0.9999,
2014,450460,0.9959,
2014,450462,0.9963,
2014,450465,0.9986,
2014,450469,0.9998,
2014,450475,0.98,
2014,450484,1.0,
2014,450488,1.0,
2014,450489,1.0,
2014,450497,0.9939,
2014,450498,1.0,
2014,450508,0.9944,
2014,450518,0.9999,
2014,450537,1.0,
2014,450539,0.9887,
2014,450558,0.9974,
2014,450563,0.9991,
2014,450565,0.9926,
2014,450571,0.9982,
2014,450573,1.0,
2014,450578,1.0,
2014,450580,0.9899,
2014,450584,1.0,
2014,450586,0.9955,
2014,450587,1.0,
2014,450591,1.0,
2014,450596,0.9998,
2014,450597,0.9957,
2014,450604,1.0,
2014,450605,1.0,
2014,450610,1.0,
2014,450615,0.9943,
2014,450617,0.9997,
2014,450620,0.98,
2014,450630,0.9998,
2014,450634,0.9979,
2014,450638,1.0,
2014,450639,0.9984,
2014,450641,1.0,
2014,450643,0.9943,
2014,450644,1.0,
2014,450647,0.9995,
2014,450651,0.9971,
2014,450653,0.9956,
2014,450654,0.9854,
2014,450656,0.9965,
2014,450658,1.0,
2014,450659,1.0,
2014,450661,0.9961,
2014,450662,0.9943,
2014,450668,1.0,
2014,450669,0.9932,
2014,450670,1.0,
2014,450672,0.9988,
2014,450674,1.0,no_measure_data
2014,450675,0.9971,
2014,450677,1.0,
2014,450678,1.0,
2014,450683,0.9995,
2014,450684,0.9961,
2014,450686,0.9975,
2014,450688,0.9943,
2014,450690,1.0,
2014,450694,0.9951,
2014,450697,1.0,
2014,450698,1.0,
2014,450702,0.9994,
2014,450709,0.9968,
2014,450711,0.9982,
2014,450713,0.9946,
2014,450716,1.0,
2014,450718,1.0,
2014,450723,0.9993,
2014,450730,0.9999,
2014,450742,0.9998,
2014,450743,0.9961,
2014,450746,1.0,
2014,450747,0.9981,
2014,450749,0.9893,
2014,450754,0.9978,
2014,450755,1.0,
2014,450766,1.0,
2014,450770,1.0,
2014,450771,0.9979,
2014,450774,1.0,no_measure_data
2014,450775,0.998,
2014,450779,1.0,
2014,450780,1.0,no_measure_data
2014,450788,0.9956,
2014,450795,0.9997,
2014,450796,1.0,no_measure_data
2014,450797,1.0,no_measure_data
2014,450801,0.9994,
2014,450803,1.0,
2014,450804,1.0,no_measure_data
2014,450808,1.0,no_measure_data
2014,450809,1.0,
2014,450813,1.0,
2014,450820,0.9993,
2014,450822,0.9991,
2014,450825,1.0,
2014,450827,1.0,
2014,450828,1.0,
2014,450831,1.0,no_measure_data
2014,450832,0.9977,
2014,450833,0.9982,
2014,450834,1.0,
2014,450839,0.9904,
2014,450840,0.9968,
2014,450841,1.0,
2014,450844,0.9982,
2014,450845,1.0,no_measure_data
2014,450847,0.9997,
2014,450848,0.9986,
2014,450851,1.0,
2014,450853,1.0,
2014,450855,0.9998,
2014,450856,1.0,no_measure_data
2014,450860,1.0,no_measure_data
2014,450862,1.0,
2014,450864,1.0,no_measure_data
2014,450865,0.9949,
2014,450867,0.9989,
2014,450869,0.9989,
2014,450871,1.0,
2014,450872,1.0,
2014,450874,1.0,no_measure_data
2014,450875,1.0,no_measure_data
2014,450876,0.9992,
2014,450877,0.9985,
2014,450880,1.0,no_measure_data
2014,450883,1.0,
2014,450884,1.0,
2014,450885,0.9986,
2014,450886,1.0,no_measure_data
2014,450888,1.0,no_measure_data
2014,450889,1.0,no_measure_data
2014,450890,0.9997,
2014,450891,1.0,no_measure_data
2014,450893,1.0,no_measure_data
2014,450894,1.0,no_measure_data
2014,460001,1.0,
2014,460003,0.9995,
2014,460004,1.0,
2014,460005,1.0,
2014,460006,1.0,
2014,460007,1.0,
2014,460009,1.0,
2014,460010,1.0,
2014,460011,1.0,
2014,460013,1.0,
2014,460014,0.9998,
2014,460015,1.0,
2014,460017,1.0,
2014,460019,0.9971,
2014,460021,1.0,
2014,460023,1.0,
2014,460026,0.9992,
2014,460030,1.0,
2014,460033,1.0,
2014,460035,1.0,
2014,460039,1.0,
2014,460041,1.0,
2014,460042,1.0,
2014,460043,1.0,no_measure_data
2014,460044,1.0,
2014,460047,1.0,
2014,460049,1.0,no_measure_data
2014,460051,0.9998,
2014,460052,0.9997,
2014,460054,1.0,
2014,460057,1.0,
2014,460058,1.0,
2014,470001,1.0,
2014,470003,0.9998,
2014,470005,0.9989,
2014,470011,1.0,
2014,470012,1.0,
2014,470024,1.0,
2014,490001,0.9898,
2014,490002,0.98,
2014,490004,0.9924,
2014,490005,1.0,
2014,490007,1.0,
2014,490009,0.9971,
2014,490011,0.9994,
2014,490012,0.9918,
2014,490013,0.9998,
2014,490017,0.9978,
2014,490018,1.0,
2014,490019,0.9875,
2014,490020,0.9973,
2014,490021,0.993,
2014,490022,0.9928,
2014,490023,0.9894,
2014,490024,0.9995,
2014,490027,0.9948,
2014,490032,0.9964,
2014,490033,0.9973,
2014,490037,0.9968,
2014,490038,0.9987,
2014,490040,1.0,
2014,490041,1.0,
2014,490042,0.9959,
2014,490043,0.9977,
2014,490044,0.999,
2014,490045,1.0,
2014,490046,0.9985,
2014,490048,0.9919,
2014,490050,1.0,
2014,490052,1.0,
2014,490053,0.9892,
2014,490057,0.9978,
2014,490059,0.9959,
2014,490060,0.9867,
2014,490063,0.9999,
2014,490066,0.999,
2014,490067,0.9903,
2014,490069,0.9995,
2014,490075,0.9883,
2014,490077,0.9976,
2014,490079,0.9981,
2014,490084,0.9958,
2014,490088,0.9959,
2014,490089,0.9997,
2014,490090,0.9929,
2014,490092,0.9944,
2014,490093,0.9956,
2014,490094,1.0,
2014,490097,0.983,
2014,490098,0.9999,
2014,490101,0.9978,
2014,490105,1.0,
2014,490106,1.0,no_measure_data
2014,490107,0.9998,
2014,490109,1.0,
2014,490110,0.9962,
2014,490111,0.9986,
2014,490112,0.9996,
2014,490113,1.0,
2014,490114,0.994,
2014,490115,0.9994,
2014,490116,0.9849,
2014,490117,0.9963,
2014,490118,1.0,
2014,490119,1.0,
2014,490120,0.9974,
2014,490122,0.9985,
2014,490123,1.0,
2014,490126,0.9935,
2014,490127,0.996,
2014,490130,0.9987,
2014,490134,1.0,
2014,490135,1.0,
2014,490136,0.9963,
2014,490140,1.0,
2014,490141,0.9967,
2014,500001,1.0,
2014,500002,1.0,
2014,500003,0.9994,
2014,500005,0.9986,
2014,500007,0.9976,
2014,500008,0.9989,
2014,500011,1.0,
2014,500012,0.9996,
2014,500014,0.9988,
2014,500015,0.9925,
2014,500016,1.0,
2014,500019,0.9998,
2014,500021,1.0,
2014,500024,1.0,
2014,500025,1.0,
2014,500026,0.9971,
2014,500027,0.9992,
2014,500030,1.0,
2014,500031,0.9964,
2014,500033,1.0,
2014,500036,1.0,
2014,500037,0.9942,
2014,500039,1.0,
2014,500041,1.0,
2014,500044,0.9988,
2014,500049,1.0,
2014,500050,0.9964,
2014,500051,0.9986,
2014,500052,1.0,no_measure_data
2014,500053,0.9965,
2014,500054,1.0,
2014,500058,1.0,
2014,500060,1.0,
2014,500064,0.9997,
2014,500072,1.0,
2014,500077,1.0,
2014,500079,0.9961,
2014,500084,0.9993,
2014,500088,0.9978,
2014,500108,0.9977,
2014,500119,0.9989,
2014,500124,1.0,
2014,500129,0.9975,
2014,500139,1.0,
2014,500141,0.9986,
2014,500148,1.0,
2014,500150,0.9973,
2014,500151,0.9995,
2014,500152,1.0,
2014,510001,0.9963,
2014,510002,0.9943,
2014,510006,0.9986,
2014,510007,0.9995,
2014,510008,0.9989,
2014,510012,0.9966,
2014,510013,0.9981,
2014,510022,0.9956,
2014,510023,0.9969,
2014,510024,0.9986,
2014,510029,1.0,
2014,510030,0.9913,
2014,510031,0.9992,
2014,510038,0.9854,
2014,510039,0.9969,
2014,510046,0.9915,
2014,510047,0.9973,
2014,510048,0.9852,
2014,510050,0.9895,
2014,510053,0.9996,
2014,510055,0.9991,
2014,510058,0.995,
2014,510062,0.9946,
2014,510070,0.9878,
2014,510071,0.998,
2014,510072,0.9993,
2014,510077,0.9962,
2014,510082,1.0,
2014,510085,1.0,
2014,510086,0.997,
2014,520002,0.995,
2014,520004,0.9987,
2014,520008,0.9974,
2014,520009,0.9996,
2014,520011,1.0,
2014,520013,1.0,
2014,520017,1.0,
2014,520019,1.0,
2014,520021,0.9965,
2014,520027,1.0,
2014,520028,1.0,
2014,520030,1.0,
2014,520033,1.0,
2014,520034,0.9998,
2014,520035,1.0,
2014,520037,0.9977,
2014,520038,1.0,
2014,520041,1.0,
2014,520044,1.0,
2014,520045,0.9991,
2014,520048,1.0,
2014,520049,1.0,
2014,520051,1.0,
2014,520057,1.0,
2014,520059,1.0,
2014,520062,1.0,
2014,520063,0.9941,
2014,520066,1.0,
2014,520070,1.0,
2014,520071,0.9986,
2014,520075,0.9992,
2014,520076,1.0,
2014,520078,0.998,
2014,520083,1.0,
2014,520087,1.0,
2014,520088,1.0,
2014,520089,1.0,
2014,520091,1.0,
2014,520095,1.0,
2014,520096,0.9973,
2014,520097,0.9998,
2014,520098,1.0,
2014,520100,1.0,
2014,520102,1.0,
2014,520103,0.9982,
2014,520107,0.9994,
2014,520109,0.9955,
2014,520113,0.9989,
2014,520116,0.9997,
2014,520136,0.9971,
2014,520138,1.0,
2014,520139,0.9994,
2014,520160,1.0,
2014,520177,0.9991,
2014,520189,1.0,
2014,520193,0.9996,
2014,520194,1.0,no_measure_data
2014,520195,1.0,no_measure_data
2014,520196,1.0,no_measure_data
2014,520198,0.9999,
2014,520202,1.0,
2014,520204,1.0,
2014,520205,1.0,no_measure_data
2014,520206,1.0,
2014,520207,1.0,
2014,520208,1.0,
2014,530002,0.9974,
2014,530006,0.9999,
2014,530008,1.0,
2014,530010,1.0,
2014,530011,1.0,
2014,530012,1.0,
2014,530014,0.9997,
2014,530015,1.0,
2014,530025,0.9997,
2014,530032,1.0,
2014,530033,1.0,
2014,670002,0.9983,
2014,670004,0.9975,
2014,670005,1.0,no_measure_data
2014,670006,1.0,
2014,670008,1.0,no_measure_data
2014,670012,1.0,no_measure_data
2014,670018,1.0,
2014,670019,1.0,
2014,670021,1.0,no_measure_data
2014,670023,0.9981,
2014,670024,1.0,
2014,670025,0.9981,
2014,670029,1.0,
2014,670031,1.0,
2014,670034,1.0,
2014,670041,1.0,
2014,670043,0.9948,
2014,670044,0.998,
2014,670046,1.0,no_measure_data
2014,670047,0.9981,
2014,670049,1.0,no_measure_data
2014,670050,1.0,
2014,670052,0.9961,
2014,670053,0.9995,
2014,670054,1.0,no_measure_data
2014,670055,0.9992,
2014,670056,0.9956,
2014,670058,1.0,
2014,670059,1.0,
2014,670060,0.9974,
2014,670061,1.0,
2014,670062,1.0,no_measure_data
2014,670063,1.0,
2014,670064,1.0,
2014,670066,1.0,
2014,670067,1.0,no_measure_data
2014,670068,0.9966,
2014,670069,1.0,
2014,670071,0.9921,
2014,670072,1.0,no_measure_data
2014,670073,1.0,
2014,670075,1.0,
2014,670076,1.0,no_measure_data
2014,670077,0.9992,
2014,670078,1.0,
2014,670079,1.0,
2014,670080,1.0,no_measure_data
2014,670082,1.0,no_measure_data
2014,670083,1.0,no_measure_data
2015,010001,0.9968,
2015,010005,0.9929,
2015,010006,1.0,
2015,010007,0.9961,
2015,010008,0.999,
2015,010011,0.9965,
2015,010012,0.9927,
2015,010016,0.9918,
2015,010018,1.0,no_measure_data
2015,010019,0.9989,
2015,010021,0.9913,
2015,010022,1.0,
2015,010023,0.9933,
2015,010024,0.9956,
2015,010025,0.9978,
2015,010027,1.0,
2015,010029,0.9927,
2015,010032,0.9903,
2015,010033,0.9939,
2015,010034,0.9992,
2015,010035,0.9909,
2015,010036,1.0,
2015,010038,0.9921,
2015,010039,0.9998,
2015,010040,0.9889,
2015,010043,0.9986,
2015,010044,1.0,
2015,010045,0.9897,
2015,010046,0.9862,
2015,010047,0.9939,
2015,010049,0.9918,
2015,010050,1.0,no_measure_data
2015,010051,0.9976,
2015,010052,0.9943,
2015,010054,0.9932,
2015,010055,0.9981,
2015,010056,0.9841,
2015,010058,0.9961,
2015,010059,0.9966,
2015,010061,0.9924,
2015,010062,1.0,
2015,010065,0.9968,
2015,010066,0.997,
2015,010069,0.9965,
2015,010073,0.9922,
2015,010078,0.9929,
2015,010079,0.9991,
2015,010083,0.991,
2015,010085,0.9965,
2015,010086,0.9972,
2015,010087,1.0,
2015,010089,0.9865,
2015,010090,0.9908,
2015,010091,1.0,
2015,010092,0.9876,
2015,010095,1.0,
2015,010097,0.9982,
2015,010099,0.9915,
2015,010100,0.9966,
2015,010101,0.9979,
2015,010102,1.0,
2015,010103,1.0,
2015,010104,0.995,
2015,010108,0.9857,
2015,010109,0.9955,
2015,010110,1.0,
2015,010112,0.998,
2015,010113,0.9902,
2015,010114,0.996,
2015,010118,0.9904,
2015,010120,1.0,
2015,010125,0.9979,
2015,010126,0.9943,
2015,010128,0.9987,
2015,010129,0.9989,
2015,010130,0.9807,
2015,010131,0.992,
2015,010137,1.0,
2015,010138,1.0,
2015,010139,0.9965,
2015,010144,0.9915,
2015,010146,0.9942,
2015,010148,0.9788,
2015,010149,0.9961,
2015,010150,1.0,
2015,010152,1.0,
2015,010157,0.9962,
2015,010158,0.9855,
2015,010164,0.9987,
2015,010168,0.9997,
2015,010169,0.992,
2015,020001,1.0,
2015,020006,0.9908,
2015,020008,0.9873,
2015,020012,0.9993,
2015,020017,1.0,
2015,020018,1.0,
2015,020024,0.9859,
2015,020026,0.9951,
2015,020027,1.0,
2015,030001,0.9985,
2015,030002,0.998,
2015,030006,0.9986,
2015,030007,1.0,
2015,030010,1.0,
2015,030011,0.9982,
2015,030012,0.9993,
2015,030013,0.9935,
2015,030014,0.9954,
2015,030016,0.9837,
2015,030022,1.0,
2015,030023,1.0,
2015,030024,0.9997,
2015,030030,0.9988,
2015,030033,0.9802,
2015,030036,0.9979,
2015,030037,0.9999,
2015,030038,1.0,
2015,030043,0.9907,
2015,030055,0.9968,
2015,030061,0.998,
2015,030062,0.9982,
2015,030064,0.9957,
2015,030065,0.994,
2015,030068,0.9884,
2015,030069,0.9997,
2015,030071,0.9986,
2015,030073,0.9877,
2015,030074,1.0,
2015,030077,1.0,no_measure_data
2015,030078,0.9997,
2015,030083,0.9983,
2015,030084,0.9989,
2015,030085,0.9991,
2015,030087,1.0,
2015,030088,0.996,
2015,030089,0.9914,
2015,030092,0.9975,
2015,030093,0.9928,
2015,030094,0.9988,
2015,030100,0.9983,
2015,030101,0.9908,
2015,030103,0.9996,
2015,030105,0.9998,
2015,030107,0.97,
2015,030108,0.9946,
2015,030110,0.9949,
2015,030111,0.9999,
2015,030112,0.97,
2015,030113,1.0,
2015,030114,0.9966,
2015,030115,0.9907,
2015,030117,0.9747,
2015,030118,0.9969,
2015,030119,0.9972,
2015,030120,0.9985,
2015,030121,0.987,
2015,030122,0.9989,
2015,030123,1.0,
2015,030126,0.9985,
2015,030130,1.0,
2015,030131,1.0,
2015,030132,1.0,
2015,030134,1.0,no_measure_data
2015,040001,0.9964,
2015,040002,0.9941,
2015,040004,1.0,
2015,040007,0.9937,
2015,040010,1.0,
2015,040011,0.9817,
2015,040014,0.9845,
2015,040015,1.0,
2015,040016,0.9975,
2015,040017,0.9921,
2015,040018,0.9855,
2015,040019,0.9956,
2015,040020,0.9945,
2015,040022,0.9917,
2015,040026,1.0,
2015,040027,0.9837,
2015,040029,0.9958,
2015,040036,0.9912,
2015,040039,0.9833,
2015,040041,0.9974,
2015,040042,0.9922,
2015,040047,0.9893,
2015,040050,1.0,
2015,040051,0.9917,
2015,040055,0.9958,
2015,040062,1.0,
2015,040067,0.9955,
2015,040069,0.9846,
2015,040071,0.9975,
2015,040072,0.9936,
2015,040074,0.9864,
2015,040076,0.9897,
2015,040078,0.9807,
2015,040080,0.9785,
2015,040084,0.9857,
2015,040085,0.9842,
2015,040088,0.996,
2015,040114,0.9919,
2015,040118,0.9889,
2015,040119,0.9747,
2015,040134,0.9999,
2015,040137,0.9959,
2015,040147,1.0,
2015,040152,0.97,
2015,040153,1.0,
2015,050002,0.9894,
2015,050006,1.0,
2015,050007,1.0,
2015,050008,0.9999,
2015,050009,0.9997,
2015,050013,1.0,
2015,050014,0.9978,
2015,050016,1.0,
2015,050017,0.9993,
2015,050018,0.9985,
2015,050022,0.9907,
2015,050024,0.9995,
2015,050025,0.9979,
2015,050026,0.9996,
2015,050028,1.0,
2015,050030,0.9897,
2015,050036,0.9946,
2015,050038,0.999,
2015,050039,0.9795,
2015,050040,0.9962,
2015,050042,1.0,
2015,050043,0.9909,
2015,050045,0.991,
2015,050046,1.0,
2015,050047,0.9999,
2015,050054,0.9979,
2015,050055,0.9978,
2015,050056,0.9967,
2015,050057,1.0,
2015,050058,0.9839,
2015,050060,0.9957,
2015,050063,0.9918,
2015,050067,0.9971,
2015,050069,0.9994,
2015,050070,1.0,
2015,050071,0.9992,
2015,050072,1.0,
2015,050073,1.0,
2015,050075,0.9995,
2015,050076,0.9994,
2015,050077,0.9945,
2015,050078,0.9977,
2015,050079,0.994,
2015,050082,0.9928,
2015,050084,0.9998,
2015,050089,0.9994,
2015,050090,1.0,
2015,050091,0.9882,
2015,050093,0.9938,
2015,050096,1.0,
2015,050099,0.9964,
2015,050100,0.9997,
2015,050101,0.9987,
2015,050102,0.9922,
2015,050103,0.9972,
2015,050104,1.0,
2015,050107,1.0,
2015,050108,0.9995,
2015,050110,0.9999,
2015,050111,1.0,
2015,050112,0.9892,
2015,050113,1.0,
2015,050115,1.0,
2015,050116,0.9968,
2015,050118,0.9901,
2015,050121,0.9945,
2015,050122,0.981,
2015,050124,0.9994,
2015,050125,0.9935,
2015,050126,0.9861,
2015,050127,0.9988,
2015,050128,0.9994,
2015,050129,0.998,
2015,050131,0.9968,
2015,050132,0.9919,
2015,050133,0.9938,
2015,050135,0.9997,
2015,050136,1.0,
2015,050137,1.0,
2015,050138,1.0,
2015,050139,1.0,
2015,050140,0.9989,
2015,050145,1.0,
2015,050149,0.9912,
2015,050150,0.995,
2015,050152,0.9947,
2015,050153,0.9978,
2015,050158,0.9965,
2015,050159,0.9981,
2015,050167,1.0,
2015,050168,0.9993,
2015,050169,1.0,
2015,050174,1.0,
2015,050179,0.9811,
2015,050180,1.0,
2015,050189,0.9981,
2015,050191,0.9979,
2015,050192,0.9991,
2015,050194,0.9964,
2015,050195,0.9876,
2015,050196,1.0,
2015,050197,0.9999,
2015,050204,0.9923,
2015,050205,1.0,
2015,050211,0.9927,
2015,050222,0.996,
2015,050224,1.0,
2015,050225,0.9885,
2015,050226,0.992,
2015,050228,0.9976,
2015,050230,0.9987,
2015,050231,0.9959,
2015,050232,0.9998,
2015,050234,0.9998,
2015,050235,0.9969,
2015,050236,0.9925,
2015,050238,0.9984,
2015,050239,0.9914,
2015,050242,1.0,
2015,050243,0.9944,
2015,050245,0.9996,
2015,050248,0.9967,
2015,050254,0.9974,
2015,050257,0.9998,
2015,050261,0.9925,
2015,050262,0.9976,
2015,050272,1.0,
2015,050276,1.0,
2015,050277,0.9988,
2015,050278,0.9932,
2015,050279,0.9963,
2015,050280,1.0,
2015,050281,1.0,
2015,050283,0.998,
2015,050289,0.9941,
2015,050290,0.998,
2015,050291,0.9999,
2015,050292,0.9984,
2015,050295,0.9961,
2015,050296,0.9945,
2015,050298,0.9963,
2015,050300,0.9944,
2015,050301,0.9981,
2015,050305,0.9997,
2015,050308,0.9957,
2015,050309,0.9954,
2015,050313,0.9982,
2015,050315,1.0,
2015,050320,0.9974,
2015,050324,0.9976,
2015,050327,0.9994,
2015,050329,0.996,
2015,050334,0.9989,
2015,050335,1.0,
2015,050336,0.999,
2015,050342,0.9938,
2015,050348,0.9987,
2015,050349,1.0,
2015,050350,0.9969,
2015,050351,0.9972,
2015,050352,0.9932,
2015,050353,0.9952,
2015,050357,1.0,
2015,050359,0.9994,
2015,050360,0.9978,
2015,050367,0.993,
2015,050373,0.9987,
2015,050376,0.9986,
2015,050378,0.997,
2015,050380,0.9898,
2015,050382,0.9975,
2015,050385,0.9983,
2015,050390,0.9941,
2015,050393,0.9975,
2015,050394,1.0,
2015,050396,0.9987,
2015,050397,0.9955,
2015,050407,0.9784,
2015,050411,1.0,
2015,050414,0.9983,
2015,050417,0.9995,
2015,050423,0.9978,
2015,050424,1.0,
2015,050425,1.0,
2015,050426,0.9971,
2015,050434,0.9921,
2015,050435,0.999,
2015,050438,0.9983,
2015,050441,0.9985,
2015,050444,0.9946,
2015,050454,0.9977,
2015,050455,0.9897,
2015,050457,0.9984,
2015,050464,0.9941,
2015,050468,0.9978,
2015,050471,0.9961,
2015,050481,0.9986,
2015,050485,0.9976,
2015,050488,0.9934,
2015,050492,1.0,
2015,050496,0.9988,
2015,050498,0.9999,
2015,050502,0.999,
2015,050503,1.0,
2015,050506,0.9998,
2015,050510,1.0,
2015,050512,1.0,
2015,050515,1.0,
2015,050516,0.9951,
2015,050517,0.9974,
2015,050523,0.995,
2015,050526,0.9962,
2015,050528,0.9948,
2015,050531,1.0,
2015,050534,0.9893,
2015,050537,0.9973,
2015,050541,1.0,
2015,050543,1.0,
2015,050545,1.0,
2015,050546,0.9839,
2015,050547,1.0,
2015,050548,1.0,
2015,050549,0.9985,
2015,050551,0.9938,
2015,050552,1.0,
2015,050557,0.9982,
2015,050561,1.0,
2015,050567,0.9987,
2015,050568,0.9982,
2015,050570,0.9907,
2015,050573,1.0,
2015,050575,0.9999,
2015,050580,0.998,
2015,050581,0.9968,
2015,050586,0.9998,
2015,050588,0.9954,
2015,050589,0.9961,
2015,050590,0.9959,
2015,050597,0.9989,
2015,050599,0.9964,
2015,050603,1.0,
2015,050604,0.9986,
2015,050608,0.9958,
2015,050609,1.0,
2015,050616,0.9975,
2015,050618,0.9986,
2015,050624,0.9979,
2015,050625,0.9985,
2015,050633,0.9851,
2015,050636,1.0,
2015,050641,0.9987,
2015,050644,0.999,
2015,050663,0.9979,
2015,050668,1.0,
2015,050674,1.0,
2015,050677,1.0,
2015,050678,0.9943,
2015,050684,0.9939,
2015,050686,1.0,
2015,050688,0.9962,
2015,050689,0.9937,
2015,050690,1.0,
2015,050696,0.9981,
2015,050697,1.0,
2015,050701,0.9979,
2015,050704,0.9997,
2015,050708,1.0,
2015,050709,0.9962,
2015,050710,1.0,
2015,050714,1.0,
2015,050717,1.0,
2015,050723,1.0,
2015,050724,0.9974,
2015,050726,0.9932,
2015,050727,0.9997,
2015,050732,1.0,
2015,050735,1.0,
2015,050736,0.9971,
2015,050737,0.9905,
2015,050738,0.9956,
2015,050739,0.9921,
2015,050740,0.9997,
2015,050742,0.995,
2015,050744,0.9984,
2015,050745,0.9984,
2015,050746,0.9988,
2015,050747,0.9987,
2015,050748,1.0,
2015,050749,1.0,
2015,050751,1.0,
2015,050752,0.989,
2015,050754,1.0,no_measure_data
2015,050755,0.9951,
2015,050757,0.9995,
2015,050758,0.998,
2015,050760,1.0,
2015,050761,0.9973,
2015,050763,0.9996,
2015,050764,0.9935,
2015,050765,0.9993,
2015,050766,0.97,
2015,050767,1.0,
2015,050768,0.9995,
2015,050769,1.0,
2015,050770,0.9929,
2015,050771,0.9963,
2015,050772,1.0,
2015,050773,1.0,
2015,050774,1.0,no_measure_data
2015,060001,0.9948,
2015,060003,1.0,
2015,060004,0.9956,
2015,060006,1.0,
2015,060008,0.9965,
2015,060009,1.0,
2015,060010,1.0,
2015,060011,0.9999,
2015,060012,1.0,
2015,060013,1.0,
2015,060014,0.9999,
2015,060015,0.999,
2015,060016,0.9901,
2015,060020,0.9989,
2015,060022,1.0,
2015,060023,0.9994,
2015,060024,0.9913,
2015,060027,0.9959,
2015,060028,0.9995,
2015,060030,0.9991,
2015,060031,1.0,
2015,060032,0.9991,
2015,060034,0.9985,
2015,060036,0.9871,
2015,060043,1.0,
2015,060044,0.9996,
2015,060049,0.9947,
2015,060054,1.0,
2015,060064,0.9998,
2015,060065,0.9948,
2015,060071,0.9996,
2015,060075,1.0,
2015,060076,1.0,
2015,060096,1.0,
2015,060100,0.9944,
2015,060103,1.0,
2015,060104,0.9952,
2015,060107,1.0,
2015,060112,1.0,
2015,060113,1.0,
2015,060114,0.9895,
2015,060116,0.9999,
2015,060117,1.0,
2015,060118,0.9993,
2015,060119,0.9995,
2015,060124,1.0,
2015,060125,1.0,no_measure_data
2015,070002,0.9952,
2015,070003,0.9951,
2015,070004,0.996,
2015,070005,0.9953,
2015,070006,0.9994,
2015,070007,0.994,
2015,070008,0.9921,
2015,070010,0.9958,
2015,070011,0.9929,
2015,070012,0.9915,
2015,070015,1.0,
2015,070016,0.9994,
2015,070017,0.9918,
2015,070018,0.9961,
2015,070019,0.9853,
2015,070020,0.9876,
2015,070021,0.9935,
2015,070022,0.9929,
2015,070024,0.9944,
2015,070025,0.9976,
2015,070027,0.9998,
2015,070028,0.9816,
2015,070029,0.9872,
2015,070031,0.9923,
2015,070033,0.9985,
2015,070034,0.998,
2015,070035,0.9894,
2015,070036,0.9963,
2015,070038,1.0,no_measure_data
2015,070039,0.9883,
2015,070040,1.0,
2015,080001,0.9972,
2015,080003,0.9957,
2015,080004,0.9978,
2015,080006,0.9993,
2015,080007,0.9979,
2015,080009,0.9992,
2015,090001,0.9939,
2015,090003,0.9907,
2015,090004,0.9975,
2015,090005,0.9807,
2015,090006,0.9739,
2015,090008,0.9969,
2015,090011,0.9967,
2015,100001,0.9952,
2015,100002,0.9993,
2015,100006,0.9936,
2015,100007,0.9894,
2015,100008,0.9977,
2015,100009,0.9911,
2015,100012,0.9915,
2015,100014,0.9986,
2015,100017,0.9977,
2015,100018,1.0,
2015,100019,0.9947,
2015,100022,0.9947,
2015,100023,0.9992,
2015,100025,1.0,
2015,100026,0.9967,
2015,100028,1.0,
2015,100029,0.9956,
2015,100030,0.9979,
2015,100032,0.9889,
2015,100034,0.9984,
2015,100035,0.9975,
2015,100038,0.995,
2015,100039,0.9989,
2015,100040,0.9924,
2015,100043,1.0,
2015,100044,0.9985,
2015,100045,0.9938,
2015,100046,0.9967,
2015,100047,0.9941,
2015,100048,1.0,
2015,100049,0.9892,
2015,100050,0.9883,
2015,100051,0.9986,
2015,100052,0.9922,
2015,100053,0.9878,
2015,100054,0.9939,
2015,100055,0.9912,
2015,100057,0.9923,
2015,100062,0.9949,
2015,100063,0.9998,
2015,100067,0.9907,
2015,100068,0.9996,
2015,100069,0.9985,
2015,100070,1.0,
2015,100071,0.9949,
2015,100072,0.994,
2015,100073,0.998,
2015,100075,0.9888,
2015,100076,0.9953,
2015,100077,0.9869,
2015,100080,0.9902,
2015,100081,0.9886,
2015,100084,0.9813,
2015,100086,0.997,
2015,100087,1.0,
2015,100088,0.9998,
2015,100090,1.0,
2015,100092,0.9911,
2015,100093,0.9994,
2015,100099,0.9803,
2015,100102,0.9839,
2015,100105,1.0,
2015,100106,0.9997,
2015,100107,0.99,
2015,100109,0.994,
2015,100110,0.984,
2015,100113,0.9975,
2015,100117,0.9932,
2015,100118,0.9963,
2015,100121,0.9973,
2015,100122,0.9968,
2015,100124,0.9936,
2015,100125,0.9961,
2015,100126,0.9952,
2015,100127,0.9988,
2015,100128,0.9996,
2015,100130,0.9984,
2015,100131,0.9887,
2015,100132,0.9976,
2015,100134,1.0,
2015,100135,1.0,
2015,100137,0.9922,
2015,100139,0.9966,
2015,100140,1.0,
2015,100142,0.997,
2015,100150,0.9891,
2015,100151,0.9979,
2015,100154,1.0,
2015,100156,0.992,
2015,100157,0.9924,
2015,100161,0.9929,
2015,100166,0.9995,
2015,100167,0.9969,
2015,100168,0.9982,
2015,100173,0.9941,
2015,100175,0.9888,
2015,100176,0.9935,
2015,100177,0.9909,
2015,100179,0.9919,
2015,100180,0.9973,
2015,100181,0.9976,
2015,100183,0.9928,
2015,100187,0.9875,
2015,100189,0.9874,
2015,100191,0.9888,
2015,100200,0.9986,
2015,100204,0.9956,
2015,100206,0.9977,
2015,100209,0.9829,
2015,100211,0.9971,
2015,100212,0.9996,
2015,100213,0.9987,
2015,100217,0.9846,
2015,100220,0.9938,
2015,100223,0.9953,
2015,100224,0.9929,
2015,100226,0.999,
2015,100228,0.9952,
2015,100230,0.9973,
2015,100231,0.9994,
2015,100232,0.997,
2015,100234,0.9997,
2015,100236,0.9966,
2015,100238,0.9847,
2015,100239,0.9974,
2015,100240,1.0,no_measure_data
2015,100242,0.9953,
2015,100243,0.9975,
2015,100244,0.9975,
2015,100246,0.9984,
2015,100248,0.9909,
2015,100249,1.0,
2015,100252,0.9906,
2015,100253,1.0,
2015,100254,0.9925,
2015,100255,1.0,
2015,100256,0.9908,
2015,100258,1.0,
2015,100259,0.9878,
2015,100260,0.9764,
2015,100264,0.9897,
2015,100265,0.9991,
2015,100266,0.9995,
2015,100267,0.9991,
2015,100268,0.9978,
2015,100269,0.998,
2015,100275,0.9902,
2015,100276,0.9893,
2015,100277,0.999,
2015,100281,0.9924,
2015,100284,0.9942,
2015,100285,0.9962,
2015,100286,0.993,
2015,100287,0.9998,
2015,100288,0.9973,
2015,100289,0.9928,
2015,100290,0.9964,
2015,100291,0.9899,
2015,100292,1.0,
2015,100296,0.9994,
2015,100299,0.9993,
2015,100302,0.9953,
2015,100307,0.9714,
2015,100313,0.996,
2015,100314,0.9954,
2015,100315,0.9991,
2015,100316,0.998,
2015,100319,0.9999,
2015,100320,1.0,no_measure_data
2015,110001,0.9987,
2015,110002,0.9984,
2015,110003,0.9963,
2015,110004,1.0,
2015,110005,0.999,
2015,110006,1.0,
2015,110007,0.9982,
2015,110008,0.9992,
2015,110010,0.9998,
2015,110011,0.9977,
2015,110015,0.9987,
2015,110016,0.9969,
2015,110018,0.9986,
2015,110023,0.9917,
2015,110024,0.9993,
2015,110025,0.9969,
2015,110026,0.9761,
2015,110027,1.0,
2015,110028,0.997,
2015,110029,0.9981,
2015,110030,0.9977,
2015,110031,0.9905,
2015,110032,0.9941,
2015,110034,0.9983,
2015,110035,0.9923,
2015,110036,0.9927,
2015,110038,0.9929,
2015,110039,0.9878,
2015,110040,0.998,
2015,110041,0.9946,
2015,110042,0.9917,
2015,110043,0.9995,
2015,110044,0.9978,
2015,110045,0.997,
2015,110046,0.9971,
2015,110050,1.0,
2015,110051,0.9996,
2015,110054,0.9998,
2015,110064,0.9993,
2015,110069,0.9787,
2015,110071,0.998,
2015,110073,0.9922,
2015,110074,0.9979,
2015,110075,0.9945,
2015,110076,0.9942,
2015,110078,0.9993,
2015,110079,0.996,
2015,110082,1.0,
2015,110083,0.9954,
2015,110086,0.9958,
2015,110087,0.9996,
2015,110089,0.9888,
2015,110091,0.9899,
2015,110092,0.9936,
2015,110095,0.9991,
2015,110100,0.998,
2015,110101,0.9963,
2015,110104,0.9873,
2015,110105,0.9936,
2015,110107,0.9948,
2015,110109,0.9915,
2015,110111,0.9955,
2015,110112,0.9958,
2015,110113,0.998,
2015,110115,0.9984,
2015,110121,1.0,
2015,110122,0.995,
2015,110124,0.9913,
2015,110125,1.0,
2015,110128,0.9899,
2015,110129,0.9964,
2015,110130,1.0,
2015,110132,0.9959,
2015,110135,0.9998,
2015,110142,0.9942,
2015,110143,0.9996,
2015,110146,1.0,
2015,110150,0.9993,
2015,110153,0.9888,
2015,110161,1.0,
2015,110164,0.9961,
2015,110165,0.9955,
2015,110168,0.9931,
2015,110177,0.9951,
2015,110183,0.9987,
2015,110184,0.9952,
2015,110186,0.9963,
2015,110187,0.9855,
2015,110189,0.97,
2015,110190,0.9982,
2015,110191,0.9925,
2015,110192,0.995,
2015,110194,1.0,
2015,110198,0.9951,
2015,110200,1.0,
2015,110201,1.0,
2015,110203,0.9984,
2015,110205,0.9903,
2015,110209,1.0,no_measure_data
2015,110215,0.9991,
2015,110219,0.9969,
2015,110225,0.9903,
2015,110226,0.9971,
2015,110229,0.9948,
2015,110230,0.995,
2015,110233,1.0,no_measure_data
2015,120001,0.9995,
2015,120002,0.9995,
2015,120004,0.9966,
2015,120005,0.9992,
2015,120006,0.9943,
2015,120007,0.997,
2015,120011,0.9994,
2015,120014,0.9987,
2015,120019,0.9992,
2015,120022,1.0,
2015,120026,0.9962,
2015,120028,1.0,
2015,130002,0.9931,
2015,130003,1.0,
2015,130006,1.0,
2015,130007,1.0,
2015,130013,0.9828,
2015,130014,0.9986,
2015,130018,1.0,
2015,130025,0.9948,
2015,130028,1.0,
2015,130049,0.9995,
2015,130063,1.0,no_measure_data
2015,130065,1.0,
2015,130066,1.0,
2015,130067,1.0,no_measure_data
2015,140001,0.9805,
2015,140002,0.9924,
2015,140007,0.9734,
2015,140008,0.9984,
2015,140010,0.9997,
2015,140011,0.989,
2015,140012,0.9921,
2015,140013,0.9918,
2015,140015,0.9913,
2015,140018,0.9966,
2015,140019,0.9958,
2015,140026,0.9902,
2015,140029,0.9997,
2015,140030,0.9955,
2015,140032,0.9989,
2015,140034,0.9816,
2015,140040,0.9802,
2015,140043,0.9972,
2015,140046,0.9941,
2015,140048,0.9887,
2015,140049,0.9973,
2015,140051,0.9992,
2015,140052,0.9848,
2015,140053,0.9997,
2015,140054,0.9953,
2015,140058,0.9984,
2015,140059,0.9816,
2015,140062,0.9914,
2015,140063,0.9925,
2015,140064,0.9959,
2015,140065,0.9858,
2015,140067,0.9978,
2015,140068,0.9846,
2015,140077,0.9948,
2015,140080,0.9916,
2015,140082,0.9846,
2015,140083,0.9974,
2015,140084,0.9944,
2015,140088,0.9946,
2015,140089,0.9982,
2015,140091,0.9968,
2015,140093,0.9826,
2015,140095,0.9981,
2015,140100,1.0,
2015,140101,0.9934,
2015,140103,0.9857,
2015,140110,0.9813,
2015,140113,0.9862,
2015,140114,0.9946,
2015,140115,0.9981,
2015,140116,0.9924,
2015,140117,1.0,
2015,140118,0.9891,
2015,140119,0.9883,
2015,140120,0.974,
2015,140122,0.9889,
2015,140124,0.9977,
2015,140125,0.9929,
2015,140127,0.9884,
2015,140130,0.9821,
2015,140133,0.9886,
2015,140135,1.0,
2015,140137,0.9992,
2015,140143,0.9976,
2015,140145,0.9987,
2015,140147,0.9779,
2015,140148,0.9988,
2015,140150,0.9982,
2015,140151,0.9919,
2015,140155,0.9861,
2015,140158,0.992,
2015,140160,0.9957,
2015,140161,1.0,
2015,140162,0.9999,
2015,140164,0.9974,
2015,140166,0.9938,
2015,140167,1.0,
2015,140172,0.9841,
2015,140174,0.9983,
2015,140176,0.9861,
2015,140177,0.9926,
2015,140179,0.9841,
2015,140180,0.9923,
2015,140181,0.9948,
2015,140182,0.9898,
2015,140184,0.9891,
2015,140185,0.9956,
2015,140186,1.0,
2015,140187,0.9942,
2015,140189,0.9834,
2015,140191,0.9706,
2015,140197,0.9988,
2015,140200,0.995,
2015,140202,0.9977,
2015,140206,0.9959,
2015,140208,0.9799,
2015,140209,0.9956,
2015,140210,0.992,
2015,140211,0.9996,
2015,140213,0.9856,
2015,140217,0.9935,
2015,140223,0.989,
2015,140224,0.9888,
2015,140228,0.9916,
2015,140231,0.9967,
2015,140233,0.9978,
2015,140234,0.9945,
2015,140239,0.9955,
2015,140240,0.9952,
2015,140242,1.0,
2015,140250,0.9952,
2015,140251,0.999,
2015,140252,0.9961,
2015,140258,0.9956,
2015,140275,0.9918,
2015,140276,0.9984,
2015,140280,0.9991,
2015,140281,0.9802,
2015,140286,0.9928,
2015,140288,0.9948,
2015,140289,0.9995,
2015,140290,0.9973,
2015,140291,0.9998,
2015,140292,0.9996,
2015,140294,0.987,
2015,140300,0.9971,
2015,140304,0.9949,
2015,150001,0.9984,
2015,150002,0.9802,
2015,150003,0.9969,
2015,150004,0.9894,
2015,150005,0.9991,
2015,150006,0.9876,
2015,150007,0.9987,
2015,150008,0.9997,
2015,150009,0.9969,
2015,150010,1.0,
2015,150011,1.0,
2015,150012,1.0,
2015,150015,0.9956,
2015,150017,0.999,
2015,150018,0.9959,
2015,150021,1.0,
2015,150022,0.9825,
2015,150023,0.9919,
2015,150024,0.9958,
2015,150026,0.9938,
2015,150030,0.9946,
2015,150034,0.9865,
2015,150035,0.9924,
2015,150037,1.0,
2015,150038,1.0,
2015,150042,0.9973,
2015,150044,0.9911,
2015,150045,1.0,
2015,150046,0.9894,
2015,150047,0.9979,
2015,150048,0.991,
2015,150051,0.9996,
2015,150056,0.999,
2015,150057,1.0,
2015,150058,0.9999,
2015,150059,1.0,
2015,150061,0.9973,
2015,150064,0.9963,
2015,150065,0.9925,
2015,150069,0.9979,
2015,150072,1.0,
2015,150074,0.9997,
2015,150075,0.9803,
2015,150076,0.9874,
2015,150082,0.996,
2015,150084,0.9998,
2015,150086,0.992,
2015,150088,0.985,
2015,150089,0.9981,
2015,150090,0.9813,
2015,150091,0.9967,
2015,150097,0.9995,
2015,150100,0.9886,
2015,150101,0.9984,
2015,150102,0.9945,
2015,150104,0.9989,
2015,150109,1.0,
2015,150112,0.9975,
2015,150113,0.9862,
2015,150115,1.0,
2015,150125,0.992,
2015,150126,0.9989,
2015,150128,0.9885,
2015,150129,0.999,
2015,150133,0.9856,
2015,150146,0.9946,
2015,150149,1.0,no_measure_data
2015,150150,0.9972,
2015,150153,1.0,
2015,150154,0.9959,
2015,150157,0.9992,
2015,150158,0.9929,
2015,150160,1.0,
2015,150161,0.998,
2015,150162,0.9986,
2015,150163,0.9868,
2015,150164,0.9886,
2015,150165,1.0,
2015,150166,0.9851,
2015,150167,1.0,
2015,150168,1.0,
2015,150169,0.9991,
2015,150172,1.0,
2015,150173,0.9997,
2015,150175,0.9985,
2015,150176,0.9934,
2015,150177,0.985,
2015,150179,1.0,no_measure_data
2015,150180,1.0,
2015,150181,1.0,
2015,150182,1.0,no_measure_data
2015,160001,0.9925,
2015,160005,1.0,
2015,160008,0.9984,
2015,160013,0.9974,
2015,160016,0.999,
2015,160024,0.9996,
2015,160028,0.9999,
2015,160029,1.0,
2015,160030,0.9993,
2015,160032,0.97,
2015,160033,1.0,
2015,160040,0.9994,
2015,160045,0.9986,
2015,160047,0.9977,
2015,160057,0.9813,
2015,160058,0.9996,
2015,160064,1.0,
2015,160067,1.0,
2015,160069,0.9968,
2015,160079,0.993,
2015,160080,0.9942,
2015,160082,1.0,
2015,160083,1.0,
2015,160089,0.9984,
2015,160101,1.0,
2015,160104,0.97,
2015,160110,0.9869,
2015,160112,0.9996,
2015,160117,1.0,
2015,160122,0.9971,
2015,160124,0.9752,
2015,160146,1.0,
2015,160147,0.9995,
2015,160153,1.0,
2015,170001,0.9895,
2015,170006,0.9992,
2015,170009,0.9975,
2015,170010,0.9979,
2015,170012,1.0,
2015,170013,1.0,
2015,170014,0.9975,
2015,170016,0.9906,
2015,170017,0.9839,
2015,170020,1.0,
2015,170023,0.9998,
2015,170027,0.9863,
2015,170039,0.9994,
2015,170040,0.999,
2015,170049,0.9992,
2015,170058,1.0,
2015,170068,0.9981,
2015,170074,0.9999,
2015,170075,1.0,
2015,170086,0.9997,
2015,170094,0.9892,
2015,170103,0.9999,
2015,170104,0.9929,
2015,170105,0.999,
2015,170109,1.0,
2015,170110,0.9986,
2015,170120,0.9999,
2015,170122,1.0,
2015,170123,0.9993,
2015,170133,0.9992,
2015,170137,0.9986,
2015,170142,0.9989,
2015,170145,0.9992,
2015,170146,0.9953,
2015,170150,0.9968,
2015,170166,0.9778,
2015,170175,0.9992,
2015,170176,0.9934,
2015,170182,0.9943,
2015,170183,1.0,
2015,170185,0.9865,
2015,170186,1.0,
2015,170187,1.0,
2015,170188,1.0,
2015,170190,1.0,
2015,170191,1.0,
2015,170194,1.0,
2015,170196,1.0,
2015,170197,1.0,
2015,170198,1.0,
2015,170199,1.0,no_measure_data
2015,170200,0.9935,
2015,170203,1.0,no_measure_data
2015,180001,0.9957,
2015,180002,0.97,
2015,180004,0.9937,
2015,180005,0.9886,
2015,180009,0.9852,
2015,180010,0.9966,
2015,180011,0.9981,
2015,180012,0.9972,
2015,180013,0.9873,
2015,180016,0.9992,
2015,180017,0.9953,
2015,180018,0.9898,
2015,180019,0.9955,
2015,180020,0.9789,
2015,180021,0.97,
2015,180024,0.9949,
2015,180025,0.9778,
2015,180027,0.9947,
2015,180029,0.97,
2015,180035,0.9924,
2015,180036,0.988,
2015,180038,1.0,
2015,180040,0.992,
2015,180043,0.97,
2015,180044,0.9937,
2015,180045,0.986,
2015,180046,0.9947,
2015,180048,0.997,
2015,180049,0.9998,
2015,180050,0.97,
2015,180051,0.9706,
2015,180053,0.9724,
2015,180056,0.9775,
2015,180064,0.9983,
2015,180066,0.9908,
2015,180067,0.9958,
2015,180069,0.97,
2015,180070,0.9831,
2015,180078,0.9945,
2015,180079,0.9863,
2015,180080,0.9984,
2015,180087,0.9916,
2015,180088,0.9982,
2015,180092,0.9994,
2015,180093,0.9952,
2015,180095,0.9848,
2015,180101,0.9995,
2015,180102,0.9983,
2015,180103,0.9986,
2015,180104,0.9969,
2015,180105,0.97,
2015,180106,0.9769,
2015,180115,0.9863,
2015,180116,0.9833,
2015,180117,0.991,
2015,180124,0.9885,
2015,180127,0.9967,
2015,180128,0.97,
2015,180130,1.0,
2015,180132,0.9942,
2015,180138,0.994,
2015,180139,0.9758,
2015,180141,0.9994,
2015,180143,0.9774,
2015,180149,0.97,
2015,190001,0.9966,
2015,190002,0.9966,
2015,190003,1.0,
2015,190004,0.99,
2015,190005,0.9997,
2015,190006,1.0,
2015,190007,0.9947,
2015,190008,0.9978,
2015,190009,0.9986,
2015,190011,0.9989,
2015,190013,1.0,
2015,190014,0.9921,
2015,190015,0.9925,
2015,190017,0.9995,
2015,190019,0.9931,
2015,190020,0.9857,
2015,190025,0.9888,
2015,190026,0.9991,
2015,190027,1.0,
2015,190034,0.9874,
2015,190036,0.9903,
2015,190039,0.9978,
2015,190040,0.9978,
2015,190041,0.9981,
2015,190044,0.9987,
2015,190045,0.995,
2015,190046,0.9999,
2015,190050,0.9955,
2015,190053,0.9864,
2015,190054,0.9984,
2015,190060,0.9938,
2015,190064,1.0,
2015,190065,0.9963,
2015,190079,0.9914,
2015,190081,0.9932,
2015,190086,0.9897,
2015,190088,0.9957,
2015,190090,0.996,
2015,190098,0.9965,
2015,190099,0.979,
2015,190102,0.9987,
2015,190106,0.9993,
2015,190111,0.9995,
2015,190114,0.9965,
2015,190116,0.9974,
2015,190118,0.9768,
2015,190122,1.0,
2015,190125,0.9988,
2015,190128,1.0,no_measure_data
2015,190133,0.9904,
2015,190135,0.999,
2015,190140,0.97,
2015,190144,0.9842,
2015,190145,0.984,
2015,190146,0.9992,
2015,190151,0.9942,
2015,190160,0.9799,
2015,190161,1.0,
2015,190164,0.9792,
2015,190167,0.9879,
2015,190175,0.9947,
2015,190176,0.9978,
2015,190177,0.998,
2015,190183,0.9985,
2015,190184,1.0,
2015,190190,1.0,
2015,190199,1.0,
2015,190201,0.9932,
2015,190202,0.9986,
2015,190204,0.9945,
2015,190205,0.9982,
2015,190208,0.9852,
2015,190218,0.9957,
2015,190236,0.9938,
2015,190241,0.97,
2015,190242,0.9972,
2015,190245,1.0,
2015,190246,1.0,
2015,190250,0.9987,
2015,190251,1.0,
2015,190256,1.0,
2015,190257,0.9901,
2015,190259,1.0,
2015,190261,1.0,
2015,190263,0.9999,
2015,190266,1.0,no_measure_data
2015,190267,1.0,
2015,190268,1.0,
2015,190270,0.9921,
2015,190273,1.0,
2015,190274,0.9979,
2015,190278,0.9879,
2015,190297,0.976,
2015,190298,1.0,
2015,190300,1.0,no_measure_data
2015,190303,0.9961,
2015,190304,1.0,no_measure_data
2015,190307,1.0,
2015,190308,1.0,
2015,190310,1.0,no_measure_data
2015,200001,0.997,
2015,200002,0.9954,
2015,200008,0.9988,
2015,200009,1.0,
2015,200018,0.9965,
2015,200019,1.0,
2015,200020,0.9978,
2015,200021,0.9968,
2015,200024,0.9967,
2015,200025,1.0,
2015,200031,0.9995,
2015,200033,0.9994,
2015,200034,1.0,
2015,200037,0.9977,
2015,200039,1.0,
2015,200040,0.9994,
2015,200041,0.9998,
2015,200050,0.9823,
2015,200052,0.9973,
2015,200063,0.9984,
2015,210001,1.0,maryland_exempt
2015,210002,1.0,maryland_exempt
2015,210003,1.0,maryland_exempt
2015,210004,1.0,maryland_exempt
2015,210005,1.0,maryland_exempt
2015,210006,1.0,maryland_exempt
2015,210007,1.0,maryland_exempt
2015,210008,1.0,maryland_exempt
2015,210009,1.0,maryland_exempt
2015,210011,1.0,maryland_exempt
2015,210012,1.0,maryland_exempt
2015,210013,1.0,maryland_exempt
2015,210015,1.0,maryland_exempt
2015,210016,1.0,maryland_exempt
2015,210017,1.0,maryland_exempt
2015,210018,1.0,maryland_exempt
2015,210019,1.0,maryland_exempt
2015,210022,1.0,maryland_exempt
2015,210023,1.0,maryland_exempt
2015,210024,1.0,maryland_exempt
2015,210027,1.0,maryland_exempt
2015,210028,1.0,maryland_exempt
2015,210029,1.0,maryland_exempt
2015,210030,1.0,maryland_exempt
2015,210032,1.0,maryland_exempt
2015,210033,1.0,maryland_exempt
2015,210034,1.0,maryland_exempt
2015,210035,1.0,maryland_exempt
2015,210037,1.0,maryland_exempt
2015,210038,1.0,maryland_exempt
2015,210039,1.0,maryland_exempt
2015,210040,1.0,maryland_exempt
2015,210043,1.0,maryland_exempt
2015,210044,1.0,maryland_exempt
2015,210045,1.0,maryland_exempt
2015,210048,1.0,maryland_exempt
2015,210049,1.0,maryland_exempt
2015,210051,1.0,maryland_exempt
2015,210054,1.0,maryland_exempt
2015,210055,1.0,maryland_exempt
2015,210056,1.0,maryland_exempt
2015,210057,1.0,maryland_exempt
2015,210058,1.0,maryland_exempt
2015,210060,1.0,maryland_exempt
2015,210061,1.0,maryland_exempt
2015,210062,1.0,maryland_exempt
2015,210063,1.0,maryland_exempt
2015,210064,1.0,maryland_exempt
2015,220001,0.9928,
2015,220002,0.9954,
2015,220008,0.9955,
2015,220010,0.9936,
2015,220011,0.9914,
2015,220012,0.9995,
2015,220015,0.9954,
2015,220016,0.9991,
2015,220017,0.9929,
2015,220019,0.9879,
2015,220020,0.9892,
2015,220024,0.9923,
2015,220029,0.9806,
2015,220030,0.9857,
2015,220031,0.9944,
2015,220033,0.9883,
2015,220035,0.9997,
2015,220036,0.9878,
2015,220046,0.9995,
2015,220049,0.9971,
2015,220050,1.0,
2015,220051,0.9908,
2015,220052,0.9957,
2015,220058,0.9871,
2015,220060,0.9968,
2015,220062,1.0,no_measure_data
2015,220063,0.9958,
2015,220065,0.9963,
2015,220066,0.9969,
2015,220067,0.9856,
2015,220070,0.9872,
2015,220071,0.9976,
2015,220073,0.9819,
2015,220074,0.986,
2015,220075,1.0,
2015,220077,1.0,
2015,220080,0.9871,
2015,220082,0.9817,
2015,220083,0.9929,
2015,220084,0.9999,
2015,220086,0.9936,
2015,220088,1.0,
2015,220090,0.9801,
2015,220095,0.996,
2015,220098,0.9954,
2015,220100,0.9955,
2015,220101,0.9983,
2015,220105,0.9851,
2015,220108,0.9809,
2015,220110,0.9973,
2015,220111,0.9882,
2015,220116,0.9872,
2015,220119,0.9922,
2015,220126,0.9892,
2015,220135,0.999,
2015,220163,0.9943,
2015,220171,0.9909,
2015,220174,0.9965,
2015,220175,0.9986,
2015,220176,0.9951,
2015,220177,1.0,
2015,230002,0.9872,
2015,230003,0.99,
2015,230004,0.9998,
2015,230005,1.0,
2015,230013,0.9989,
2015,230015,0.9973,
2015,230017,1.0,
2015,230019,0.985,
2015,230020,0.9935,
2015,230021,0.9967,
2015,230022,0.9885,
2015,230024,0.9872,
2015,230029,0.9991,
2015,230030,0.9973,
2015,230031,0.9902,
2015,230035,1.0,
2015,230036,1.0,
2015,230037,0.9794,
2015,230038,1.0,
2015,230040,0.9992,
2015,230041,0.9967,
2015,230046,0.9978,
2015,230047,0.996,
2015,230053,0.9926,
2015,230054,1.0,
2015,230055,0.9989,
2015,230058,0.9998,
2015,230059,0.9952,
2015,230066,1.0,
2015,230069,0.9966,
2015,230070,0.9908,
2015,230071,1.0,no_measure_data
2015,230072,1.0,
2015,230075,0.9912,
2015,230077,0.9965,
2015,230078,0.9951,
2015,230080,0.9944,
2015,230081,0.9854,
2015,230085,1.0,
2015,230089,0.9883,
2015,230092,0.9983,
2015,230093,0.999,
2015,230095,1.0,
2015,230096,0.9962,
2015,230097,0.9984,
2015,230099,0.9979,
2015,230100,1.0,
2015,230104,0.9918,
2015,230105,1.0,
2015,230106,0.9997,
2015,230108,1.0,
2015,230110,1.0,
2015,230117,0.9987,
2015,230118,0.998,
2015,230121,1.0,
2015,230130,0.9832,
2015,230132,0.9961,
2015,230133,1.0,
2015,230141,0.9965,
2015,230142,0.9778,
2015,230144,1.0,no_measure_data
2015,230146,0.9939,
2015,230151,0.99,
2015,230156,0.9959,
2015,230165,0.9874,
2015,230167,0.9989,
2015,230174,1.0,
2015,230176,0.997,
2015,230180,0.9978,
2015,230193,0.9943,
2015,230195,0.9871,
2015,230197,0.9989,
2015,230207,0.9968,
2015,230208,0.983,
2015,230216,0.9883,
2015,230217,0.9956,
2015,230222,0.9993,
2015,230227,0.994,
2015,230230,0.994,
2015,230236,0.9999,
2015,230239,0.9982,
2015,230241,0.9989,
2015,230244,0.9818,
2015,230254,0.9849,
2015,230259,0.9993,
2015,230264,1.0,
2015,230269,0.9864,
2015,230270,0.9948,
2015,230273,0.9927,
2015,230275,1.0,no_measure_data
2015,230277,0.9838,
2015,230279,1.0,no_measure_data
2015,230297,1.0,
2015,230301,1.0,
2015,230302,0.9979,
2015,240001,1.0,
2015,240002,0.9987,
2015,240004,0.9983,
2015,240006,1.0,
2015,240010,0.9995,
2015,240014,0.9997,
2015,240018,0.9861,
2015,240019,1.0,
2015,240020,0.9918,
2015,240022,0.9989,
2015,240030,0.9966,
2015,240036,0.9995,
2015,240038,0.9981,
2015,240040,0.9975,
2015,240043,1.0,
2015,240044,0.9978,
2015,240047,1.0,
2015,240050,0.9992,
2015,240052,1.0,
2015,240053,0.9987,
2015,240056,0.9971,
2015,240057,0.9989,
2015,240059,0.9875,
2015,240061,1.0,
2015,240063,0.9997,
2015,240064,0.9972,
2015,240066,0.9997,
2015,240069,0.9813,
2015,240071,0.9935,
2015,240075,0.9989,
2015,240076,0.9967,
2015,240078,1.0,
2015,240080,0.9986,
2015,240084,1.0,
2015,240088,1.0,
2015,240093,1.0,
2015,240100,0.9983,
2015,240101,0.9998,
2015,240104,0.9911,
2015,240106,1.0,
2015,240115,0.9958,
2015,240117,0.9961,
2015,240132,0.9924,
2015,240141,1.0,
2015,240166,0.9838,
2015,240187,0.995,
2015,240196,1.0,no_measure_data
2015,240206,1.0,
2015,240207,0.993,
2015,240210,0.9985,
2015,240213,0.9998,
2015,240214,0.998,
2015,250001,0.996,
2015,250002,1.0,
2015,250004,0.9988,
2015,250006,0.9908,
2015,250007,0.9959,
2015,250009,0.9891,
2015,250010,0.9897,
2015,250012,0.9933,
2015,250015,0.998,
2015,250017,0.9948,
2015,250018,1.0,
2015,250019,0.9992,
2015,250020,0.9932,
2015,250025,0.9927,
2015,250027,1.0,
2015,250031,0.9906,
2015,250034,0.9986,
2015,250036,0.9952,
2015,250038,0.9919,
2015,250040,0.9825,
2015,250042,0.9873,
2015,250043,0.9932,
2015,250044,0.9975,
2015,250048,0.9954,
2015,250049,0.9957,
2015,250050,0.9916,
2015,250051,0.9989,
2015,250057,0.9973,
2015,250058,0.997,
2015,250059,1.0,no_measure_data
2015,250060,1.0,
2015,250061,0.9932,
2015,250067,0.993,
2015,250069,0.9918,
2015,250072,0.9962,
2015,250077,0.9859,
2015,250078,0.9904,
2015,250079,0.9957,
2015,250081,0.9969,
2015,250082,0.9974,
2015,250084,0.9987,
2015,250085,0.9919,
2015,250093,0.9848,
2015,250094,0.9874,
2015,250095,0.9915,
2015,250096,0.9974,
2015,250097,0.9843,
2015,250099,0.9974,
2015,250100,0.9995,
2015,250102,0.9964,
2015,250104,0.996,
2015,250117,0.9875,
2015,250122,0.9895,
2015,250123,0.9909,
2015,250124,0.998,
2015,250126,0.9922,
2015,250127,1.0,
2015,250128,0.9971,
2015,250134,1.0,
2015,250136,1.0,no_measure_data
2015,250138,0.97,
2015,250141,0.9832,
2015,250151,1.0,no_measure_data
2015,250152,1.0,no_measure_data
2015,250162,0.9981,
2015,260001,0.9922,
2015,260004,1.0,
2015,260005,0.9937,
2015,260006,0.999,
2015,260009,0.9981,
2015,260011,0.9837,
2015,260015,0.9899,
2015,260017,1.0,
2015,260020,0.9893,
2015,260022,0.9989,
2015,260023,0.9792,
2015,260024,0.9965,
2015,260025,0.9979,
2015,260027,0.9974,
2015,260032,0.9961,
2015,260034,0.9984,
2015,260040,0.9993,
2015,260047,0.9975,
2015,260048,0.9992,
2015,260050,0.9946,
2015,260052,0.9928,
2015,260057,0.997,
2015,260059,0.9947,
2015,260061,0.9967,
2015,260062,0.9946,
2015,260064,1.0,
2015,260065,0.9979,
2015,260068,1.0,
2015,260070,0.9775,
2015,260074,0.9887,
2015,260077,0.9834,
2015,260078,0.997,
2015,260080,0.9977,
2015,260081,0.999,
2015,260085,0.9938,
2015,260091,0.9941,
2015,260094,0.9986,
2015,260095,0.993,
2015,260096,0.9994,
2015,260097,0.97,
2015,260102,0.9997,
2015,260104,0.9953,
2015,260105,0.9984,
2015,260108,0.998,
2015,260110,0.9961,
2015,260113,0.9927,
2015,260116,0.9919,
2015,260119,0.9889,
2015,260137,1.0,
2015,260138,0.9962,
2015,260141,0.9996,
2015,260142,0.9916,
2015,260147,0.9954,
2015,260160,0.9946,
2015,260162,1.0,
2015,260163,1.0,
2015,260175,0.9906,
2015,260176,0.981,
2015,260177,0.9826,
2015,260179,0.9954,
2015,260180,0.9934,
2015,260183,0.999,
2015,260186,0.9886,
2015,260190,0.9948,
2015,260191,0.9901,
2015,260193,0.9887,
2015,260195,0.9984,
2015,260200,0.9894,
2015,260207,0.9993,
2015,260209,1.0,
2015,260210,0.9978,
2015,260211,1.0,
2015,260214,1.0,
2015,260216,0.9792,
2015,260219,0.9862,
2015,260227,1.0,
2015,260228,0.9951,
2015,260229,1.0,no_measure_data
2015,270003,0.9909,
2015,270004,1.0,
2015,270012,1.0,
2015,270014,1.0,
2015,270017,0.9975,
2015,270023,0.9999,
2015,270032,0.9951,
2015,270049,0.9948,
2015,270051,1.0,
2015,270057,1.0,
2015,270074,1.0,
2015,270086,1.0,
2015,270087,1.0,
2015,280003,1.0,
2015,280009,1.0,
2015,280013,0.9996,
2015,280020,1.0,
2015,280023,0.9992,
2015,280030,0.9989,
2015,280032,0.9998,
2015,280040,0.9963,
2015,280060,0.9999,
2015,280061,0.992,
2015,280065,0.9992,
2015,280077,1.0,
2015,280081,0.9979,
2015,280105,0.9996,
2015,280111,0.981,
2015,280119,1.0,
2015,280125,1.0,
2015,280127,1.0,
2015,280128,1.0,
2015,280129,1.0,
2015,280130,0.9994,
2015,280131,1.0,
2015,280132,0.9945,
2015,280133,1.0,no_measure_data
2015,290001,0.9973,
2015,290002,1.0,
2015,290003,0.9923,
2015,290005,0.9937,
2015,290006,0.9895,
2015,290007,0.9973,
2015,290008,0.9957,
2015,290009,0.9995,
2015,290012,0.9941,
2015,290019,1.0,
2015,290020,1.0,
2015,290021,0.9898,
2015,290022,0.9892,
2015,290032,0.9789,
2015,290039,0.9912,
2015,290041,0.9995,
2015,290042,1.0,
2015,290045,0.9998,
2015,290046,0.9951,
2015,290047,0.9979,
2015,290049,0.9988,
2015,290051,0.983,
2015,290053,0.996,
2015,290054,0.97,
2015,300001,0.9988,
2015,300003,1.0,
2015,300005,0.9978,
2015,300011,0.988,
2015,300012,0.9943,
2015,300014,0.9933,
2015,300017,0.9952,
2015,300018,0.9998,
2015,300019,1.0,
2015,300020,0.9996,
2015,300023,1.0,
2015,300029,0.9961,
2015,300034,1.0,
2015,310001,0.9929,
2015,310002,0.9892,
2015,310003,0.9735,
2015,310005,0.9969,
2015,310006,0.9945,
2015,310008,0.9895,
2015,310009,0.9952,
2015,310010,0.9987,
2015,310011,0.9995,
2015,310012,0.9869,
2015,310014,0.9914,
2015,310015,0.9973,
2015,310016,0.9807,
2015,310017,0.9939,
2015,310019,0.9776,
2015,310021,0.9927,
2015,310022,0.9888,
2015,310024,0.9912,
2015,310025,0.9945,
2015,310027,0.9923,
2015,310028,0.995,
2015,310029,0.9952,
2015,310031,0.9931,
2015,310032,0.999,
2015,310034,0.9965,
2015,310038,0.993,
2015,310039,0.9887,
2015,310040,0.9875,
2015,310041,0.9936,
2015,310044,0.9826,
2015,310045,0.9881,
2015,310047,0.9958,
2015,310048,0.9952,
2015,310050,0.9893,
2015,310051,0.9925,
2015,310052,0.9971,
2015,310054,0.9922,
2015,310057,0.9946,
2015,310058,0.9997,
2015,310060,0.9923,
2015,310061,0.9961,
2015,310064,0.9939,
2015,310069,0.9991,
2015,310070,0.9866,
2015,310073,0.9987,
2015,310074,0.9846,
2015,310075,0.9954,
2015,310076,0.9992,
2015,310081,0.9889,
2015,310083,0.988,
2015,310084,0.9897,
2015,310086,0.9822,
2015,310091,0.9876,
2015,310092,0.9933,
2015,310096,0.9829,
2015,310108,0.9909,
2015,310110,0.9912,
2015,310111,0.991,
2015,310112,0.991,
2015,310113,0.9993,
2015,310115,0.9934,
2015,310118,0.9872,
2015,310119,0.9971,
2015,310130,1.0,no_measure_data
2015,320001,1.0,
2015,320002,1.0,
2015,320003,0.9975,
2015,320004,1.0,
2015,320005,0.9965,
2015,320006,0.9976,
2015,320009,0.9977,
2015,320011,0.9939,
2015,320013,0.9976,
2015,320016,1.0,
2015,320017,0.9949,
2015,320018,0.9994,
2015,320021,0.9998,
2015,320022,0.9995,
2015,320030,0.9978,
2015,320033,0.9982,
2015,320038,0.9967,
2015,320057,1.0,
2015,320058,1.0,
2015,320059,1.0,
2015,320060,1.0,
2015,320061,0.9947,
2015,320062,1.0,
2015,320063,1.0,
2015,320065,0.9862,
2015,320067,1.0,
2015,320070,1.0,
2015,320074,0.9995,
2015,320084,0.9979,
2015,320085,0.9894,
2015,320086,0.9989,
2015,320089,1.0,
2015,330003,0.991,
2015,330004,0.9856,
2015,330005,0.997,
2015,330006,0.9926,
2015,330008,0.9965,
2015,330009,0.994,
2015,330011,0.9823,
2015,330013,0.9971,
2015,330014,0.9867,
2015,330019,0.9884,
2015,330023,0.9884,
2015,330024,0.9941,
2015,330027,0.9914,
2015,330028,0.9959,
2015,330030,0.9923,
2015,330033,0.9897,
2015,330037,0.9969,
2015,330043,0.9955,
2015,330044,0.9945,
2015,330045,0.986,
2015,330046,0.9877,
2015,330047,0.9985,
2015,330049,0.9997,
2015,330053,0.9968,
2015,330055,0.9893,
2015,330056,0.9952,
2015,330057,0.9997,
2015,330058,0.9998,
2015,330059,0.9919,
2015,330061,0.9914,
2015,330064,0.9897,
2015,330065,0.9954,
2015,330067,0.9955,
2015,330073,0.9913,
2015,330074,0.9974,
2015,330078,0.999,
2015,330079,0.997,
2015,330080,0.9952,
2015,330084,0.9924,
2015,330085,0.9877,
2015,330086,0.9946,
2015,330088,0.9999,
2015,330090,0.9945,
2015,330094,0.9861,
2015,330096,0.9981,
2015,330100,1.0,no_measure_data
2015,330101,0.995,
2015,330102,0.9993,
2015,330103,0.9939,
2015,330104,0.9875,
2015,330106,0.9945,
2015,330107,0.9998,
2015,330108,0.9876,
2015,330111,0.9789,
2015,330115,0.9983,
2015,330119,0.9957,
2015,330125,0.9935,
2015,330126,0.9766,
2015,330127,0.9973,
2015,330128,0.9927,
2015,330132,0.9993,
2015,330135,0.9972,
2015,330136,0.9909,
2015,330140,0.9928,
2015,330141,0.9844,
2015,330144,0.9946,
2015,330151,0.9995,
2015,330153,0.9993,
2015,330157,0.9983,
2015,330158,0.9867,
2015,330160,0.9948,
2015,330162,0.9894,
2015,330163,0.9802,
2015,330164,0.9975,
2015,330166,1.0,
2015,330167,0.9972,
2015,330169,0.9821,
2015,330175,0.9866,
2015,330180,0.9995,
2015,330181,0.9857,
2015,330182,1.0,
2015,330184,0.9773,
2015,330185,0.9928,
2015,330188,0.9984,
2015,330191,0.9994,
2015,330193,0.991,
2015,330194,0.9942,
2015,330195,0.9946,
2015,330196,0.9851,
2015,330197,0.9962,
2015,330198,0.9902,
2015,330199,0.997,
2015,330201,0.9944,
2015,330202,0.9961,
2015,330203,0.9964,
2015,330204,0.9948,
2015,330205,0.9965,
2015,330208,0.9814,
2015,330211,0.9991,
2015,330213,0.9977,
2015,330214,0.9958,
2015,330215,0.9901,
2015,330218,0.9792,
2015,330219,0.999,
2015,330221,0.985,
2015,330222,0.9939,
2015,330223,0.9933,
2015,330224,1.0,
2015,330225,0.9927,
2015,330226,0.9971,
2015,330229,0.9964,
2015,330231,0.9915,
2015,330232,0.9981,
2015,330233,0.9945,
2015,330234,0.9949,
2015,330235,0.9955,
2015,330236,0.9837,
2015,330238,0.998,
2015,330239,0.9968,
2015,330240,0.9988,
2015,330241,0.9951,
2015,330245,0.9928,
2015,330246,0.9726,
2015,330249,0.9995,
2015,330250,0.9942,
2015,330259,0.991,
2015,330261,0.9986,
2015,330263,0.9982,
2015,330264,0.9887,
2015,330265,0.9985,
2015,330267,0.9935,
2015,330268,1.0,
2015,330270,1.0,
2015,330273,0.9926,
2015,330276,0.9808,
2015,330277,0.9898,
2015,330279,0.9999,
2015,330285,0.9986,
2015,330286,0.9917,
2015,330304,0.9883,
2015,330306,0.9898,
2015,330307,0.9954,
2015,330316,0.9914,
2015,330331,0.9951,
2015,330332,0.9973,
2015,330340,0.9974,
2015,330350,0.981,
2015,330353,0.9816,
2015,330372,0.9943,
2015,330385,0.9947,
2015,330386,0.9919,
2015,330393,0.9807,
2015,330394,0.9994,
2015,330395,0.9914,
2015,330396,0.9894,
2015,330397,0.9938,
2015,330399,0.9988,
2015,330401,0.9789,
2015,330403,1.0,
2015,330404,1.0,no_measure_data
2015,330405,1.0,no_measure_data
2015,330406,1.0,no_measure_data
2015,330409,1.0,no_measure_data
2015,340001,0.9956,
2015,340002,1.0,
2015,340003,0.9932,
2015,340004,0.9987,
2015,340008,0.9963,
2015,340010,0.9959,
2015,340011,0.997,
2015,340013,0.9998,
2015,340014,0.9989,
2015,340015,0.9977,
2015,340016,1.0,
2015,340017,1.0,
2015,340020,0.9968,
2015,340021,0.9969,
2015,340023,0.9906,
2015,340024,0.998,
2015,340027,0.9995,
2015,340028,0.9922,
2015,340030,0.9998,
2015,340032,1.0,
2015,340036,1.0,
2015,340037,0.9971,
2015,340039,0.9935,
2015,340040,0.9882,
2015,340041,0.9995,
2015,340042,0.9852,
2015,340047,0.9938,
2015,340049,1.0,
2015,340050,0.9883,
2015,340051,0.9933,
2015,340053,0.997,
2015,340055,0.991,
2015,340060,0.9891,
2015,340061,0.9983,
2015,340064,0.9876,
2015,340068,0.9948,
2015,340069,0.9962,
2015,340070,0.9989,
2015,340071,0.995,
2015,340073,0.9857,
2015,340075,0.9987,
2015,340084,0.9957,
2015,340085,0.9969,
2015,340087,0.9961,
2015,340090,0.9945,
2015,340091,1.0,
2015,340096,0.9974,
2015,340097,0.9898,
2015,340098,1.0,
2015,340099,0.9901,
2015,340106,0.997,
2015,340107,0.9881,
2015,340109,0.9979,
2015,340113,0.9982,
2015,340114,0.9996,
2015,340115,0.9967,
2015,340116,0.9998,
2015,340119,0.9977,
2015,340120,0.9966,
2015,340123,0.9959,
2015,340126,0.9985,
2015,340127,0.9971,
2015,340129,0.9973,
2015,340130,0.9976,
2015,340131,1.0,
2015,340132,0.9925,
2015,340133,0.9893,
2015,340141,0.9933,
2015,340142,1.0,
2015,340143,0.999,
2015,340144,0.9934,
2015,340145,0.9982,
2015,340147,0.9974,
2015,340148,1.0,no_measure_data
2015,340151,0.9765,
2015,340153,1.0,
2015,340155,0.9989,
2015,340156,0.9996,
2015,340158,0.9991,
2015,340159,0.9907,
2015,340160,0.9967,
2015,340166,0.9982,
2015,340168,1.0,no_measure_data
2015,340171,0.9947,
2015,340173,0.9945,
2015,340183,0.9981,
2015,340184,0.9994,
2015,340186,0.996,
2015,350002,1.0,
2015,350006,0.9977,
2015,350011,1.0,
2015,350015,1.0,
2015,350019,1.0,
2015,350063,1.0,
2015,350070,0.9987,
2015,360001,0.9778,
2015,360002,1.0,
2015,360003,0.9968,
2015,360006,0.9941,
2015,360008,0.9895,
2015,360009,0.9977,
2015,360010,0.9896,
2015,360011,0.9896,
2015,360012,0.9941,
2015,360013,1.0,
2015,360014,0.9945,
2015,360016,0.992,
2015,360017,0.9848,
2015,360019,0.9919,
2015,360020,0.9965,
2015,360025,0.9994,
2015,360026,0.9945,
2015,360027,0.9923,
2015,360029,0.9959,
2015,360032,0.9987,
2015,360035,0.9963,
2015,360036,0.9911,
2015,360037,0.989,
2015,360039,0.9979,
2015,360040,0.9992,
2015,360041,0.9916,
2015,360044,0.9959,
2015,360046,0.9925,
2015,360048,0.9959,
2015,360051,0.9965,
2015,360052,0.9874,
2015,360054,0.9714,
2015,360055,0.9867,
2015,360056,0.9934,
2015,360058,0.9988,
2015,360059,0.9917,
2015,360064,0.9939,
2015,360065,0.9949,
2015,360066,0.9999,
2015,360068,1.0,
2015,360070,1.0,
2015,360071,1.0,
2015,360072,0.9921,
2015,360074,0.9988,
2015,360075,0.9944,
2015,360076,0.9951,
2015,360077,0.9906,
2015,360078,0.9919,
2015,360079,0.9965,
2015,360080,0.9902,
2015,360081,0.9951,
2015,360082,0.9942,
2015,360084,0.9898,
2015,360085,0.9966,
2015,360086,0.9941,
2015,360087,0.9987,
2015,360089,0.9969,
2015,360090,0.9914,
2015,360091,0.9923,
2015,360092,0.9977,
2015,360095,1.0,
2015,360096,0.984,
2015,360098,0.9874,
2015,360107,1.0,
2015,360109,0.9917,
2015,360112,0.9982,
2015,360113,0.9948,
2015,360116,1.0,
2015,360118,0.9952,
2015,360121,0.9943,
2015,360123,0.9872,
2015,360125,0.9992,
2015,360131,0.9982,
2015,360132,0.9923,
2015,360133,0.9927,
2015,360134,0.9993,
2015,360137,0.9941,
2015,360141,0.9828,
2015,360143,0.9839,
2015,360144,0.9945,
2015,360145,0.988,
2015,360147,0.9991,
2015,360148,0.9992,
2015,360150,0.9985,
2015,360151,0.9978,
2015,360152,0.9921,
2015,360153,0.9995,
2015,360155,0.9989,
2015,360156,1.0,
2015,360159,0.9912,
2015,360161,0.9974,
2015,360163,1.0,
2015,360170,0.999,
2015,360172,0.9903,
2015,360174,0.9719,
2015,360175,0.9992,
2015,360179,0.9877,
2015,360180,0.9962,
2015,360185,1.0,
2015,360189,0.9972,
2015,360192,0.9976,
2015,360195,0.9952,
2015,360197,1.0,
2015,360203,0.9827,
2015,360210,0.994,
2015,360211,0.99,
2015,360212,1.0,
2015,360218,0.9927,
2015,360230,0.9965,
2015,360234,0.9765,
2015,360236,0.9943,
2015,360239,0.9965,
2015,360245,1.0,no_measure_data
2015,360247,1.0,no_measure_data
2015,360259,0.9987,
2015,360261,1.0,no_measure_data
2015,360262,0.9853,
2015,360263,1.0,
2015,360266,1.0,
2015,360270,0.9945,
2015,360271,1.0,no_measure_data
2015,360274,1.0,
2015,360276,0.9943,
2015,360347,1.0,
2015,360348,1.0,
2015,360350,0.9861,
2015,360351,0.971,
2015,360352,0.97,
2015,360354,0.9943,
2015,360355,1.0,
2015,360358,1.0,
2015,360359,0.994,
2015,360360,0.9958,
2015,360361,1.0,no_measure_data
2015,360362,1.0,no_measure_data
2015,370001,0.9967,
2015,370002,0.9958,
2015,370004,0.9974,
2015,370006,0.9917,
2015,370007,0.998,
2015,370008,0.999,
2015,370011,0.9988,
2015,370013,0.9982,
2015,370014,0.976,
2015,370015,0.9885,
2015,370016,0.9982,
2015,370018,1.0,
2015,370019,1.0,
2015,370020,0.9998,
2015,370022,0.97,
2015,370023,0.9999,
2015,370025,0.9892,
2015,370026,1.0,
2015,370028,0.9973,
2015,370029,0.9926,
2015,370030,0.9991,
2015,370032,1.0,
2015,370034,0.9994,
2015,370036,0.9839,
2015,370037,0.9986,
2015,370039,0.9895,
2015,370040,0.9849,
2015,370041,0.9953,
2015,370047,0.9764,
2015,370048,0.9996,
2015,370049,1.0,
2015,370051,0.9975,
2015,370054,0.9959,
2015,370056,0.9944,
2015,370057,0.9958,
2015,370065,0.9935,
2015,370072,1.0,
2015,370078,0.9949,
2015,370080,1.0,
2015,370083,0.9965,
2015,370089,0.9968,
2015,370091,0.9918,
2015,370093,0.9989,
2015,370094,0.9863,
2015,370097,0.9984,
2015,370099,0.9988,
2015,370100,0.9869,
2015,370103,0.9985,
2015,370106,0.9993,
2015,370112,0.9999,
2015,370113,0.9932,
2015,370114,0.9958,
2015,370138,0.9941,
2015,370139,0.9975,
2015,370149,0.9978,
2015,370153,0.9969,
2015,370156,0.9954,
2015,370158,0.9923,
2015,370166,0.9991,
2015,370169,0.9856,
2015,370170,1.0,
2015,370171,0.9999,
2015,370172,0.9987,
2015,370173,0.9975,
2015,370178,0.9909,
2015,370180,0.9998,
2015,370183,1.0,
2015,370190,1.0,
2015,370192,1.0,
2015,370199,1.0,no_measure_data
2015,370201,1.0,
2015,370202,0.9992,
2015,370203,1.0,
2015,370206,1.0,
2015,370210,1.0,
2015,370211,1.0,
2015,370212,1.0,
2015,370214,1.0,
2015,370215,1.0,
2015,370216,1.0,
2015,370218,0.9949,
2015,370220,1.0,
2015,370222,1.0,
2015,370225,1.0,
2015,370227,0.997,
2015,370228,0.9983,
2015,370229,0.9998,
2015,370233,1.0,no_measure_data
2015,370234,0.9986,
2015,370235,0.97,
2015,370236,0.9968,
2015,380001,0.9956,
2015,380002,0.9997,
2015,380004,1.0,
2015,380005,1.0,
2015,380007,0.9981,
2015,380009,0.9982,
2015,380014,0.9998,
2015,380017,0.9965,
2015,380018,1.0,
2015,380020,0.998,
2015,380021,0.9999,
2015,380022,1.0,
2015,380025,0.9998,
2015,380027,0.9998,
2015,380029,1.0,
2015,380033,0.9997,
2015,380037,0.9989,
2015,380038,1.0,
2015,380040,1.0,
2015,380047,1.0,
2015,380050,1.0,
2015,380051,1.0,
2015,380052,1.0,
2015,380056,0.9989,
2015,380060,0.9984,
2015,380061,1.0,
2015,380071,0.999,
2015,380075,0.9994,
2015,380082,1.0,
2015,380089,0.9997,
2015,380090,0.995,
2015,380091,1.0,
2015,380102,1.0,
2015,390001,0.9829,
2015,390002,0.9954,
2015,390003,0.9968,
2015,390004,0.9975,
2015,390006,0.9965,
2015,390008,0.9989,
2015,390009,0.9994,
2015,390012,0.9927,
2015,390013,0.9957,
2015,390016,0.9908,
2015,390019,0.987,
2015,390025,1.0,no_measure_data
2015,390026,0.9924,
2015,390027,0.9938,
2015,390028,0.9917,
2015,390030,0.9864,
2015,390031,0.9883,
2015,390032,0.9899,
2015,390035,1.0,
2015,390036,0.9917,
2015,390037,0.9993,
2015,390039,1.0,
2015,390041,0.997,
2015,390042,0.993,
2015,390043,0.993,
2015,390044,1.0,
2015,390045,1.0,
2015,390046,0.998,
2015,390048,0.9963,
2015,390049,0.9968,
2015,390050,0.9964,
2015,390052,0.9941,
2015,390056,0.9979,
2015,390057,0.9998,
2015,390058,0.9924,
2015,390061,0.9995,
2015,390062,1.0,
2015,390063,0.9984,
2015,390065,0.9959,
2015,390066,1.0,
2015,390067,0.9987,
2015,390068,1.0,
2015,390070,0.9912,
2015,390071,1.0,
2015,390072,0.9925,
2015,390073,0.9957,
2015,390076,0.9925,
2015,390079,0.9948,
2015,390080,0.9948,
2015,390081,0.987,
2015,390084,0.9864,
2015,390086,1.0,
2015,390090,0.9994,
2015,390091,0.9908,
2015,390093,0.9937,
2015,390096,1.0,
2015,390097,0.9984,
2015,390100,0.9972,
2015,390101,0.9947,
2015,390102,0.9872,
2015,390104,1.0,
2015,390107,0.9954,
2015,390110,0.9914,
2015,390111,0.9995,
2015,390112,0.9983,
2015,390113,1.0,
2015,390114,0.9993,
2015,390115,0.9971,
2015,390116,0.998,
2015,390117,1.0,
2015,390118,0.9998,
2015,390119,0.9936,
2015,390122,0.9945,
2015,390123,0.9827,
2015,390125,0.9973,
2015,390127,0.9939,
2015,390130,0.9989,
2015,390132,0.987,
2015,390133,0.995,
2015,390137,0.9987,
2015,390138,0.998,
2015,390139,0.9952,
2015,390142,0.9979,
2015,390145,0.994,
2015,390146,0.9989,
2015,390147,0.9929,
2015,390150,0.9962,
2015,390151,0.9966,
2015,390153,0.9923,
2015,390154,0.9999,
2015,390156,0.9888,
2015,390157,1.0,
2015,390160,0.9923,
2015,390162,0.9879,
2015,390163,0.9985,
2015,390164,0.9976,
2015,390168,0.9982,
2015,390173,0.9969,
2015,390174,0.9775,
2015,390178,0.9994,
2015,390179,0.9889,
2015,390180,0.9898,
2015,390183,0.9971,
2015,390184,0.9938,
2015,390185,0.9809,
2015,390192,0.9952,
2015,390194,0.9891,
2015,390195,0.9968,
2015,390197,1.0,
2015,390198,0.995,
2015,390199,0.997,
2015,390201,0.9974,
2015,390203,0.9964,
2015,390204,0.9877,
2015,390211,0.9954,
2015,390217,0.9919,
2015,390219,0.9921,
2015,390220,0.9886,
2015,390222,0.9967,
2015,390223,0.9915,
2015,390225,0.9918,
2015,390226,0.97,
2015,390228,0.993,
2015,390231,0.9851,
2015,390233,0.9996,
2015,390236,0.9946,
2015,390237,0.9943,
2015,390256,0.999,
2015,390258,0.9976,
2015,390263,0.9942,
2015,390265,0.9928,
2015,390266,1.0,
2015,390267,0.9954,
2015,390268,0.9966,
2015,390270,1.0,
2015,390272,1.0,
2015,390278,1.0,no_measure_data
2015,390290,0.9973,
2015,390302,1.0,
2015,390304,0.9948,
2015,390307,0.9977,
2015,390312,1.0,
2015,390314,0.97,
2015,390316,1.0,
2015,390318,1.0,
2015,390321,1.0,
2015,390322,1.0,
2015,390323,0.9863,
2015,390324,0.97,
2015,390325,1.0,
2015,390326,0.9992,
2015,390327,1.0,
2015,390328,0.9972,
2015,390329,0.9949,
2015,400001,1.0,puerto_rico_excluded
2015,400003,1.0,puerto_rico_excluded
2015,400004,1.0,puerto_rico_excluded
2015,400005,1.0,puerto_rico_excluded
2015,400006,1.0,puerto_rico_excluded
2015,400007,1.0,puerto_rico_excluded
2015,400009,1.0,puerto_rico_excluded
2015,400010,1.0,puerto_rico_excluded
2015,400011,1.0,puerto_rico_excluded
2015,400012,1.0,puerto_rico_excluded
2015,400013,1.0,puerto_rico_excluded
2015,400014,1.0,puerto_rico_excluded
2015,400015,1.0,puerto_rico_excluded
2015,400016,1.0,puerto_rico_excluded
2015,400018,1.0,puerto_rico_excluded
2015,400019,1.0,puerto_rico_excluded
2015,400021,1.0,puerto_rico_excluded
2015,400022,1.0,puerto_rico_excluded
2015,400024,1.0,puerto_rico_excluded
2015,400026,1.0,puerto_rico_excluded
2015,400032,1.0,puerto_rico_excluded
2015,400044,1.0,puerto_rico_excluded
2015,400048,1.0,puerto_rico_excluded
2015,400061,1.0,puerto_rico_excluded
2015,400079,1.0,puerto_rico_excluded
2015,400087,1.0,puerto_rico_excluded
2015,400098,1.0,puerto_rico_excluded
2015,400102,1.0,puerto_rico_excluded
2015,400103,1.0,puerto_rico_excluded
2015,400104,1.0,puerto_rico_excluded
2015,400105,1.0,puerto_rico_excluded
2015,400106,1.0,puerto_rico_excluded
2015,400109,1.0,puerto_rico_excluded
2015,400110,1.0,puerto_rico_excluded
2015,400111,1.0,puerto_rico_excluded
2015,400112,1.0,puerto_rico_excluded
2015,400113,1.0,puerto_rico_excluded
2015,400114,1.0,puerto_rico_excluded
2015,400115,1.0,puerto_rico_excluded
2015,400117,1.0,puerto_rico_excluded
2015,400118,1.0,puerto_rico_excluded
2015,400120,1.0,puerto_rico_excluded
2015,400121,1.0,puerto_rico_excluded
2015,400122,1.0,puerto_rico_excluded
2015,400123,1.0,puerto_rico_excluded
2015,400124,1.0,puerto_rico_excluded
2015,400125,1.0,puerto_rico_excluded
2015,400126,1.0,puerto_rico_excluded
2015,400127,1.0,puerto_rico_excluded
2015,400128,1.0,puerto_rico_excluded
2015,400130,1.0,puerto_rico_excluded
2015,400131,1.0,puerto_rico_excluded
2015,410001,0.9951,
2015,410004,0.999,
2015,410005,0.983,
2015,410006,1.0,
2015,410007,0.996,
2015,410008,1.0,
2015,410009,0.9955,
2015,410010,1.0,
2015,410011,0.9884,
2015,410012,0.9913,
2015,410013,0.998,
2015,420002,0.9942,
2015,420004,0.9966,
2015,420005,0.9977,
2015,420007,1.0,
2015,420009,0.9909,
2015,420010,0.9918,
2015,420011,0.9988,
2015,420015,0.993,
2015,420016,0.9909,
2015,420018,0.9997,
2015,420019,0.9987,
2015,420020,0.9855,
2015,420023,1.0,
2015,420026,0.9989,
2015,420027,0.9983,
2015,420030,0.9924,
2015,420033,1.0,
2015,420036,0.9963,
2015,420037,0.9994,
2015,420038,0.9976,
2015,420039,0.992,
2015,420043,0.9919,
2015,420048,0.9938,
2015,420049,0.9989,
2015,420051,0.9993,
2015,420053,0.9999,
2015,420054,1.0,
2015,420055,0.9895,
2015,420057,1.0,
2015,420062,0.9911,
2015,420065,1.0,
2015,420066,0.9993,
2015,420067,0.97,
2015,420068,0.9955,
2015,420069,0.9908,
2015,420070,0.9955,
2015,420071,0.9964,
2015,420072,0.9922,
2015,420073,0.9993,
2015,420078,1.0,
2015,420079,0.9886,
2015,420080,0.9917,
2015,420082,0.998,
2015,420083,0.9952,
2015,420085,0.9918,
2015,420086,0.9996,
2015,420087,1.0,
2015,420089,0.9935,
2015,420091,0.9904,
2015,420098,0.984,
2015,420101,0.9909,
2015,420102,1.0,
2015,420103,1.0,
2015,420104,1.0,
2015,420105,0.9911,
2015,430005,1.0,
2015,430008,0.9995,
2015,430012,0.9983,
2015,430013,0.9908,
2015,430014,1.0,
2015,430015,0.9998,
2015,430016,1.0,
2015,430027,1.0,
2015,430048,1.0,
2015,430077,0.9984,
2015,430081,1.0,
2015,430082,1.0,no_measure_data
2015,430083,1.0,
2015,430084,1.0,
2015,430089,1.0,
2015,430090,1.0,
2015,430091,1.0,
2015,430092,1.0,
2015,430093,1.0,no_measure_data
2015,430094,0.9957,
2015,430095,1.0,
2015,430096,0.996,
2015,430097,0.9998,
2015,440001,0.993,
2015,440002,0.9985,
2015,440003,0.9791,
2015,440006,0.9953,
2015,440007,0.9997,
2015,440008,0.991,
2015,440009,0.9969,
2015,440010,0.9845,
2015,440011,0.9877,
2015,440012,0.9913,
2015,440015,1.0,
2015,440016,1.0,
2015,440017,0.9851,
2015,440018,0.9919,
2015,440020,1.0,
2015,440025,0.9919,
2015,440029,0.9978,
2015,440030,0.9764,
2015,440031,0.9981,
2015,440032,0.9985,
2015,440033,0.9912,
2015,440034,0.9939,
2015,440035,0.9868,
2015,440039,0.999,
2015,440040,0.9896,
2015,440046,0.9909,
2015,440047,0.9999,
2015,440048,1.0,
2015,440049,0.9959,
2015,440050,0.9989,
2015,440051,0.9985,
2015,440053,0.9846,
2015,440054,1.0,
2015,440056,0.9985,
2015,440057,0.996,
2015,440058,0.9854,
2015,440059,0.9936,
2015,440060,1.0,
2015,440061,0.9938,
2015,440063,0.9875,
2015,440064,1.0,
2015,440065,0.9993,
2015,440067,0.9895,
2015,440068,0.9949,
2015,440070,0.9916,
2015,440072,0.99,
2015,440073,0.9931,
2015,440081,1.0,
2015,440082,0.9988,
2015,440083,0.9869,
2015,440084,0.9978,
2015,440091,1.0,
2015,440102,0.9881,
2015,440104,1.0,
2015,440109,0.9997,
2015,440110,0.9961,
2015,440111,1.0,
2015,440115,0.9913,
2015,440120,0.9982,
2015,440125,0.9953,
2015,440130,0.9969,
2015,440131,0.9949,
2015,440132,0.9804,
2015,440133,0.9971,
2015,440137,0.9941,
2015,440141,0.9859,
2015,440144,0.9902,
2015,440148,0.9959,
2015,440150,0.9935,
2015,440151,0.9924,
2015,440152,0.9999,
2015,440153,0.995,
2015,440156,1.0,
2015,440159,0.9905,
2015,440161,0.9981,
2015,440168,0.9966,
2015,440173,0.9918,
2015,440174,0.9916,
2015,440175,0.9925,
2015,440176,0.9925,
2015,440180,0.9838,
2015,440181,0.9961,
2015,440182,0.998,
2015,440183,0.9955,
2015,440184,0.9997,
2015,440185,0.9887,
2015,440187,0.97,
2015,440189,0.97,
2015,440192,0.9772,
2015,440193,0.9983,
2015,440194,0.995,
2015,440197,0.9952,
2015,440200,0.9953,
2015,440218,1.0,no_measure_data
2015,440227,0.9966,
2015,440228,0.999,
2015,440231,1.0,no_measure_data
2015,440232,1.0,no_measure_data
2015,450002,0.9988,
2015,450005,1.0,
2015,450007,0.9753,
2015,450010,1.0,
2015,450011,0.9892,
2015,450015,0.9995,
2015,450018,0.9881,
2015,450021,1.0,
2015,450023,1.0,
2015,450024,0.9998,
2015,450028,0.9993,
2015,450029,0.9993,
2015,450032,0.9892,
2015,450033,0.9996,
2015,450034,0.9969,
2015,450035,0.9972,
2015,450037,0.9922,
2015,450039,0.9997,
2015,450040,1.0,
2015,450042,0.9936,
2015,450044,0.9957,
2015,450046,0.998,
2015,450051,0.9954,
2015,450052,0.9991,
2015,450054,0.9974,
2015,450055,0.9961,
2015,450056,0.9904,
2015,450058,0.9948,
2015,450064,0.9983,
2015,450068,0.9998,
2015,450072,0.9786,
2015,450073,0.9956,
2015,450078,1.0,
2015,450079,0.9998,
2015,450080,0.9971,
2015,450082,0.9947,
2015,450083,0.9992,
2015,450085,1.0,
2015,450087,0.9998,
2015,450090,0.9981,
2015,450092,1.0,
2015,450097,0.9972,
2015,450099,0.9986,
2015,450101,1.0,
2015,450102,0.998,
2015,450104,0.9836,
2015,450107,0.9997,
2015,450108,0.9976,
2015,450119,0.9975,
2015,450124,0.9983,
2015,450128,0.9946,
2015,450130,1.0,
2015,450132,0.9962,
2015,450133,1.0,
2015,450135,0.9981,
2015,450137,1.0,
2015,450143,1.0,
2015,450144,1.0,
2015,450147,0.9999,
2015,450148,0.9967,
2015,450152,0.9839,
2015,450154,0.9969,
2015,450155,1.0,
2015,450162,1.0,
2015,450163,1.0,
2015,450165,1.0,
2015,450176,0.9941,
2015,450177,0.9978,
2015,450178,0.9846,
2015,450184,1.0,
2015,450187,0.9981,
2015,450188,0.9988,
2015,450192,0.9958,
2015,450193,1.0,
2015,450194,0.9943,
2015,450196,0.9962,
2015,450200,0.9866,
2015,450203,0.9992,
2015,450209,0.9972,
2015,450210,0.9957,
2015,450211,0.9998,
2015,450213,0.9999,
2015,450214,0.9989,
2015,450219,0.9993,
2015,450221,1.0,
2015,450222,0.9943,
2015,450229,0.9859,
2015,450231,1.0,
2015,450235,1.0,
2015,450236,1.0,
2015,450237,1.0,
2015,450241,0.9991,
2015,450243,1.0,
2015,450253,0.9929,
2015,450270,0.9962,
2015,450271,0.9952,
2015,450272,0.9986,
2015,450280,0.9987,
2015,450283,0.9977,
2015,450289,0.9987,
2015,450292,0.9971,
2015,450293,1.0,
2015,450296,0.9904,
2015,450299,0.9999,
2015,450306,0.9971,
2015,450324,0.9905,
2015,450330,0.9956,
2015,450340,0.9989,
2015,450346,0.992,
2015,450347,0.9959,
2015,450348,0.9879,
2015,450351,0.9999,
2015,450352,0.9986,
2015,450358,0.9959,
2015,450369,0.9991,
2015,450370,0.9967,
2015,450372,0.9932,
2015,450373,0.9963,
2015,450379,0.9957,
2015,450388,0.9997,
2015,450389,0.9837,
2015,450395,0.9907,
2015,450399,1.0,
2015,450400,0.9967,
2015,450403,0.9945,
2015,450411,0.9979,
2015,450419,1.0,
2015,450422,1.0,
2015,450424,0.9996,
2015,450431,0.9999,
2015,450446,1.0,no_measure_data
2015,450447,0.995,
2015,450451,0.9974,
2015,450460,0.9981,
2015,450462,0.999,
2015,450465,0.9993,
2015,450469,0.9967,
2015,450475,0.9919,
2015,450484,0.9778,
2015,450488,1.0,
2015,450489,1.0,
2015,450497,0.9927,
2015,450498,0.9998,
2015,450508,0.9963,
2015,450518,0.9983,
2015,450537,0.9917,
2015,450539,0.989,
2015,450558,0.9988,
2015,450563,1.0,
2015,450565,0.9874,
2015,450571,0.9919,
2015,450573,1.0,
2015,450578,1.0,
2015,450580,0.9849,
2015,450584,1.0,
2015,450586,0.9957,
2015,450587,0.9922,
2015,450591,1.0,
2015,450596,0.9992,
2015,450597,0.9915,
2015,450604,1.0,
2015,450605,1.0,
2015,450610,0.9999,
2015,450615,0.996,
2015,450617,1.0,
2015,450620,0.9765,
2015,450634,0.9955,
2015,450638,0.996,
2015,450639,0.998,
2015,450641,0.9994,
2015,450643,0.9941,
2015,450644,0.9984,
2015,450647,0.9977,
2015,450651,0.9983,
2015,450653,0.9892,
2015,450654,0.9837,
2015,450656,0.9916,
2015,450658,1.0,
2015,450659,0.9999,
2015,450661,1.0,
2015,450662,0.9955,
2015,450668,0.9994,
2015,450669,0.9919,
2015,450670,0.9939,
2015,450672,1.0,
2015,450674,1.0,no_measure_data
2015,450675,0.9963,
2015,450677,1.0,
2015,450678,0.9909,
2015,450683,0.9957,
2015,450684,0.992,
2015,450686,0.9922,
2015,450688,0.9957,
2015,450690,0.9999,
2015,450694,0.9947,
2015,450697,0.9991,
2015,450698,1.0,
2015,450702,0.9998,
2015,450709,0.9953,
2015,450711,0.9979,
2015,450713,0.9858,
2015,450716,0.9989,
2015,450718,0.9977,
2015,450723,0.9999,
2015,450730,0.9996,
2015,450742,0.9963,
2015,450743,0.9976,
2015,450746,1.0,
2015,450747,0.9969,
2015,450749,0.9845,
2015,450754,0.9887,
2015,450755,0.9986,
2015,450766,1.0,
2015,450770,0.9975,
2015,450771,0.9995,
2015,450774,1.0,
2015,450775,0.9951,
2015,450779,0.9999,
2015,450780,1.0,
2015,450788,0.9967,
2015,450795,0.9993,
2015,450796,0.97,
2015,450797,1.0,no_measure_data
2015,450801,0.9846,
2015,450803,0.9995,
2015,450804,1.0,
2015,450808,1.0,
2015,450809,0.9988,
2015,450813,0.9984,
2015,450820,0.9975,
2015,450822,0.9963,
2015,450825,1.0,
2015,450827,1.0,
2015,450828,1.0,
2015,450831,1.0,
2015,450832,0.9912,
2015,450833,0.999,
2015,450834,1.0,
2015,450839,0.9839,
2015,450840,0.995,
2015,450841,0.9981,
2015,450844,0.9942,
2015,450845,0.9867,
2015,450847,0.9969,
2015,450848,0.9868,
2015,450851,1.0,
2015,450853,1.0,
2015,450855,1.0,
2015,450856,1.0,
2015,450860,1.0,
2015,450862,0.9921,
2015,450864,1.0,
2015,450865,1.0,
2015,450867,0.9985,
2015,450869,0.9996,
2015,450871,1.0,
2015,450872,1.0,
2015,450874,0.9937,
2015,450875,1.0,
2015,450876,1.0,
2015,450877,0.997,
2015,450880,0.9724,
2015,450883,1.0,
2015,450884,1.0,
2015,450885,0.9958,
2015,450886,1.0,
2015,450888,0.9814,
2015,450889,1.0,
2015,450890,0.9923,
2015,450891,1.0,no_measure_data
2015,450893,0.9981,
2015,450894,0.989,
2015,460001,1.0,
2015,460003,0.9978,
2015,460004,1.0,
2015,460005,1.0,
2015,460006,0.9798,
2015,460007,1.0,
2015,460009,0.9971,
2015,460010,1.0,
2015,460011,0.9997,
2015,460013,0.9909,
2015,460014,0.9979,
2015,460015,1.0,
2015,460017,1.0,
2015,460019,0.9967,
2015,460021,0.9847,
2015,460023,1.0,
2015,460026,1.0,
2015,460030,1.0,
2015,460033,1.0,
2015,460035,1.0,
2015,460039,1.0,
2015,460041,0.9987,
2015,460042,1.0,
2015,460043,1.0,no_measure_data
2015,460044,0.9942,
2015,460047,0.9895,
2015,460049,1.0,
2015,460051,0.9936,
2015,460052,0.9917,
2015,460054,1.0,
2015,460057,1.0,
2015,460058,0.9953,
2015,460059,1.0,no_measure_data
2015,470001,1.0,
2015,470003,0.9999,
2015,470005,0.9987,
2015,470011,1.0,
2015,470012,0.9999,
2015,470024,0.9975,
2015,490001,0.9898,
2015,490002,0.97,
2015,490004,0.9953,
2015,490005,0.9853,
2015,490007,1.0,
2015,490009,0.995,
2015,490011,0.9962,
2015,490012,0.9933,
2015,490013,0.9996,
2015,490017,0.9968,
2015,490018,1.0,
2015,490019,0.9713,
2015,490020,0.9972,
2015,490021,0.989,
2015,490022,0.9978,
2015,490023,0.97,
2015,490024,0.9947,
2015,490032,0.9931,
2015,490033,0.9898,
2015,490037,0.9981,
2015,490038,0.9947,
2015,490040,0.9925,
2015,490041,0.9987,
2015,490042,0.9936,
2015,490043,0.9957,
2015,490044,0.9935,
2015,490045,0.9956,
2015,490046,0.9998,
2015,490048,0.9866,
2015,490050,0.9976,
2015,490052,0.9988,
2015,490053,0.97,
2015,490057,0.9905,
2015,490059,0.9975,
2015,490060,0.9811,
2015,490063,0.9997,
2015,490066,0.997,
2015,490067,0.983,
2015,490069,0.9966,
2015,490075,0.9868,
2015,490077,0.9804,
2015,490079,0.9957,
2015,490084,0.9853,
2015,490088,0.9987,
2015,490089,0.9974,
2015,490090,0.9856,
2015,490092,0.9926,
2015,490093,0.9976,
2015,490094,0.9999,
2015,490097,0.97,
2015,490098,0.9946,
2015,490101,0.9807,
2015,490104,1.0,no_measure_data
2015,490105,1.0,
2015,490106,1.0,no_measure_data
2015,490107,0.97,
2015,490109,1.0,
2015,490110,0.9773,
2015,490111,0.9993,
2015,490112,0.9874,
2015,490113,0.9879,
2015,490114,0.9939,
2015,490115,1.0,
2015,490116,0.9815,
2015,490117,0.994,
2015,490118,1.0,
2015,490119,0.9964,
2015,490120,0.9849,
2015,490122,0.9971,
2015,490123,1.0,
2015,490126,0.9715,
2015,490127,0.992,
2015,490130,0.9911,
2015,490134,1.0,
2015,490135,1.0,
2015,490136,0.993,
2015,490140,0.9879,
2015,490141,0.9953,
2015,490143,1.0,
2015,500001,0.9996,
2015,500002,1.0,
2015,500003,0.9935,
2015,500005,0.9996,
2015,500007,0.9926,
2015,500008,0.9981,
2015,500011,1.0,
2015,500012,0.9945,
2015,500014,1.0,
2015,500015,0.9972,
2015,500016,1.0,
2015,500019,0.9974,
2015,500021,0.9881,
2015,500024,1.0,
2015,500025,1.0,
2015,500026,0.9983,
2015,500027,0.9988,
2015,500030,1.0,
2015,500031,0.9962,
2015,500033,0.979,
2015,500036,0.9994,
2015,500037,0.9912,
2015,500039,0.9998,
2015,500041,0.9993,
2015,500044,1.0,
2015,500049,0.9959,
2015,500050,0.9917,
2015,500051,0.9986,
2015,500052,1.0,no_measure_data
2015,500053,0.9944,
2015,500054,1.0,
2015,500058,1.0,
2015,500060,0.9984,
2015,500064,0.9998,
2015,500072,1.0,
2015,500077,0.9933,
2015,500079,0.9918,
2015,500084,1.0,
2015,500088,0.9983,
2015,500108,0.9902,
2015,500119,0.98,
2015,500124,1.0,
2015,500129,0.9977,
2015,500139,0.9993,
2015,500141,0.989,
2015,500148,1.0,
2015,500150,0.9949,
2015,500151,0.9994,
2015,500152,0.9931,
2015,510001,0.9924,
2015,510002,0.9883,
2015,510006,0.9965,
2015,510007,0.996,
2015,510008,0.9922,
2015,510012,0.9965,
2015,510013,0.9934,
2015,510022,0.9962,
2015,510023,0.9977,
2015,510024,0.992,
2015,510029,0.9957,
2015,510030,0.97,
2015,510031,0.9974,
2015,510038,0.9702,
2015,510039,0.9906,
2015,510046,0.9813,
2015,510047,0.9951,
2015,510048,0.9764,
2015,510050,0.9864,
2015,510053,0.9979,
2015,510055,0.9976,
2015,510058,0.9882,
2015,510062,0.9876,
2015,510070,0.9878,
2015,510071,0.9935,
2015,510072,0.9996,
2015,510077,0.97,
2015,510082,0.9976,
2015,510085,0.9962,
2015,510086,0.992,
2015,520002,0.9841,
2015,520004,1.0,
2015,520008,0.9915,
2015,520009,0.9933,
2015,520011,0.9996,
2015,520013,1.0,
2015,520017,1.0,
2015,520019,0.9948,
2015,520021,0.9913,
2015,520027,0.9952,
2015,520028,1.0,
2015,520030,1.0,
2015,520033,0.9985,
2015,520034,0.9877,
2015,520035,1.0,
2015,520037,0.998,
2015,520038,0.9876,
2015,520041,0.9948,
2015,520044,0.9989,
2015,520045,0.9999,
2015,520048,0.9989,
2015,520049,0.9997,
2015,520051,0.9977,
2015,520057,0.9998,
2015,520059,0.9987,
2015,520062,0.9988,
2015,520063,0.9934,
2015,520066,0.9978,
2015,520070,1.0,
2015,520071,0.9982,
2015,520075,0.9995,
2015,520076,0.9998,
2015,520078,0.9949,
2015,520083,0.9897,
2015,520087,1.0,
2015,520088,0.9988,
2015,520089,0.9952,
2015,520091,1.0,
2015,520095,1.0,
2015,520096,0.9959,
2015,520097,0.998,
2015,520098,0.9998,
2015,520100,0.9998,
2015,520102,0.998,
2015,520103,0.998,
2015,520107,0.9942,
2015,520109,0.9986,
2015,520113,1.0,
2015,520116,0.9999,
2015,520136,0.9974,
2015,520138,0.9941,
2015,520139,0.9931,
2015,520160,1.0,
2015,520177,0.989,
2015,520189,0.9878,
2015,520193,0.9986,
2015,520194,1.0,
2015,520196,1.0,
2015,520198,1.0,
2015,520202,1.0,
2015,520204,0.9978,
2015,520205,1.0,
2015,520206,1.0,
2015,520207,0.9922,
2015,520208,0.9909,
2015,530002,0.9944,
2015,530006,1.0,
2015,530008,0.9968,
2015,530010,0.9968,
2015,530011,0.9987,
2015,530012,0.9919,
2015,530014,0.9983,
2015,530015,0.9919,
2015,530025,0.9983,
2015,530032,0.9984,
2015,530033,1.0,
2015,670002,1.0,
2015,670004,0.998,
2015,670005,1.0,
2015,670006,1.0,
2015,670008,1.0,
2015,670012,0.9742,
2015,670018,1.0,
2015,670019,1.0,
2015,670023,0.9987,
2015,670024,0.998,
2015,670025,0.9992,
2015,670029,1.0,
2015,670031,0.9911,
2015,670034,0.9987,
2015,670041,1.0,
2015,670043,0.9903,
2015,670044,0.9888,
2015,670046,0.9933,
2015,670047,0.9965,
2015,670049,1.0,
2015,670050,1.0,
2015,670052,0.999,
2015,670053,0.9998,
2015,670054,1.0,
2015,670055,0.9992,
2015,670056,0.9963,
2015,670058,1.0,
2015,670059,1.0,
2015,670060,0.9977,
2015,670061,1.0,
2015,670062,1.0,no_measure_data
2015,670064,1.0,
2015,670066,1.0,
2015,670067,0.97,
2015,670068,0.9964,
2015,670069,1.0,
2015,670071,1.0,
2015,670072,1.0,no_measure_data
2015,670073,1.0,
2015,670075,0.999,
2015,670076,1.0,
2015,670077,0.9989,
2015,670078,1.0,
2015,670079,0.9984,
2015,670080,0.9979,
2015,670081,1.0,no_measure_data
2015,670082,0.992,
2015,670083,1.0,
2015,670085,1.0,
2015,670087,1.0,no_measure_data
2015,670088,1.0,no_measure_data
2015,670089,1.0,no_measure_data
2016,010001,0.9953,
2016,010005,0.9906,
2016,010006,0.9991,
2016,010007,0.9963,
2016,010008,0.9999,
2016,010009,1.0,
2016,010010,1.0,
2016,010011,0.993,
2016,010012,0.9903,
2016,010015,1.0,no_measure_data
2016,010016,0.9946,
2016,010018,1.0,no_measure_data
2016,010019,0.9967,
2016,010021,0.9929,
2016,010022,1.0,
2016,010023,0.9956,
2016,010024,0.9943,
2016,010025,0.9992,
2016,010027,1.0,
2016,010029,0.9875,
2016,010032,1.0,
2016,010033,0.9928,
2016,010034,1.0,
2016,010035,0.9943,
2016,010036,0.9986,
2016,010038,0.9869,
2016,010039,0.993,
2016,010040,0.9877,
2016,010043,1.0,
2016,010044,1.0,
2016,010045,0.9863,
2016,010046,0.9881,
2016,010047,0.9959,
2016,010049,0.9942,
2016,010050,1.0,no_measure_data
2016,010051,0.998,
2016,010052,0.9951,
2016,010054,0.9959,
2016,010055,0.9979,
2016,010056,0.9764,
2016,010058,0.9952,
2016,010059,0.9984,
2016,010061,0.9969,
2016,010062,1.0,
2016,010065,0.9951,
2016,010066,0.9959,
2016,010069,0.9974,
2016,010073,0.9969,
2016,010078,0.9853,
2016,010079,0.9946,
2016,010083,0.9877,
2016,010085,0.9999,
2016,010086,0.9973,
2016,010087,1.0,
2016,010089,0.9841,
2016,010090,0.9854,
2016,010091,1.0,
2016,010092,0.9875,
2016,010095,1.0,
2016,010097,0.9988,
2016,010099,0.9961,
2016,010100,0.9967,
2016,010101,0.9982,
2016,010102,1.0,
2016,010103,0.9976,
2016,010104,0.9948,
2016,010108,0.9902,
2016,010109,0.9958,
2016,010110,0.9981,
2016,010112,0.9963,
2016,010113,0.99,
2016,010114,0.997,
2016,010118,0.9897,
2016,010120,0.9954,
2016,010125,0.9988,
2016,010126,0.9908,
2016,010128,0.9999,
2016,010129,0.9979,
2016,010130,0.987,
2016,010131,0.9965,
2016,010137,1.0,
2016,010138,1.0,
2016,010139,0.9938,
2016,010144,0.9911,
2016,010146,0.9969,
2016,010148,0.9922,
2016,010149,0.997,
2016,010150,1.0,
2016,010152,1.0,
2016,010157,0.9959,
2016,010158,0.9848,
2016,010164,0.9947,
2016,010168,0.9997,
2016,010169,0.9975,
2016,010171,1.0,no_measure_data
2016,020001,0.9988,
2016,020006,0.9952,
2016,020008,0.9955,
2016,020012,0.9987,
2016,020017,0.9943,
2016,020018,1.0,
2016,020024,0.9898,
2016,020026,0.9966,
2016,020027,1.0,
2016,030001,0.9983,
2016,030002,0.9993,
2016,030006,1.0,
2016,030007,0.9978,
2016,030010,1.0,
2016,030011,0.9975,
2016,030012,0.999,
2016,030013,0.9941,
2016,030014,0.9942,
2016,030016,0.9923,
2016,030022,0.9997,
2016,030023,1.0,
2016,030024,0.9999,
2016,030030,0.9995,
2016,030033,0.9918,
2016,030036,1.0,
2016,030037,0.9987,
2016,030038,0.9954,
2016,030043,0.9933,
2016,030055,0.9921,
2016,030061,0.9978,
2016,030062,1.0,
2016,030064,0.9974,
2016,030065,0.9969,
2016,030067,1.0,no_measure_data
2016,030068,0.9777,
2016,030069,0.9989,
2016,030071,0.991,
2016,030073,0.987,
2016,030074,1.0,
2016,030077,1.0,
2016,030078,1.0,
2016,030083,0.9981,
2016,030084,0.9958,
2016,030085,0.9993,
2016,030087,0.9991,
2016,030088,0.9973,
2016,030089,0.9964,
2016,030092,0.9961,
2016,030093,0.9907,
2016,030094,0.9998,
2016,030100,0.9969,
2016,030101,0.9873,
2016,030103,0.9997,
2016,030105,0.9999,
2016,030107,1.0,
2016,030108,0.9955,
2016,030110,0.997,
2016,030111,0.9996,
2016,030112,0.97,
2016,030113,1.0,
2016,030114,0.9988,
2016,030115,0.9966,
2016,030117,0.9824,
2016,030118,0.9996,
2016,030119,0.9975,
2016,030120,0.9988,
2016,030121,0.9864,
2016,030122,0.9935,
2016,030123,0.9991,
2016,030126,0.9994,
2016,030128,1.0,
2016,030129,1.0,
2016,030130,1.0,
2016,030131,1.0,
2016,030132,0.9994,
2016,030134,1.0,
2016,040001,0.9963,
2016,040002,0.9974,
2016,040004,1.0,
2016,040007,0.9983,
2016,040010,0.9953,
2016,040011,0.9797,
2016,040014,0.9902,
2016,040015,0.9992,
2016,040016,0.9966,
2016,040017,0.9999,
2016,040018,0.9926,
2016,040019,0.9905,
2016,040020,0.9957,
2016,040022,0.9892,
2016,040026,0.9993,
2016,040027,0.9927,
2016,040029,0.9905,
2016,040036,0.9889,
2016,040039,0.9854,
2016,040041,0.9959,
2016,040042,0.9863,
2016,040047,0.9943,
2016,040050,1.0,
2016,040051,0.9863,
2016,040055,0.9958,
2016,040062,0.9995,
2016,040067,0.9977,
2016,040069,0.9896,
2016,040071,0.9951,
2016,040072,0.998,
2016,040074,0.9939,
2016,040076,0.9899,
2016,040078,0.9784,
2016,040080,0.988,
2016,040084,0.9844,
2016,040085,0.9832,
2016,040088,0.991,
2016,040091,0.9926,
2016,040114,0.992,
2016,040118,0.9982,
2016,040119,0.97,
2016,040134,0.9989,
2016,040137,0.9978,
2016,040147,1.0,
2016,040152,0.97,
2016,040153,0.9961,
2016,050002,0.9877,
2016,050006,1.0,
2016,050007,0.9998,
2016,050008,1.0,
2016,050009,0.9925,
2016,050013,1.0,
2016,050014,0.9999,
2016,050016,0.9995,
2016,050017,0.999,
2016,050018,0.9997,
2016,050022,0.9915,
2016,050024,0.9995,
2016,050025,0.9977,
2016,050026,0.9995,
2016,050028,0.9991,
2016,050030,0.9902,
2016,050036,0.9952,
2016,050038,0.999,
2016,050039,0.9875,
2016,050040,0.9983,
2016,050042,1.0,
2016,050043,0.9858,
2016,050045,0.9955,
2016,050046,1.0,no_measure_data
2016,050047,0.9983,
2016,050054,0.9974,
2016,050055,0.9963,
2016,050056,0.995,
2016,050057,0.9992,
2016,050058,0.9922,
2016,050060,0.9939,
2016,050063,0.9914,
2016,050067,0.9978,
2016,050069,0.9996,
2016,050070,1.0,
2016,050071,1.0,
2016,050072,1.0,
2016,050073,0.9998,
2016,050075,0.9996,
2016,050076,1.0,
2016,050077,0.9916,
2016,050078,0.9953,
2016,050079,0.9914,
2016,050082,0.9946,
2016,050084,0.9979,
2016,050089,0.9992,
2016,050090,1.0,
2016,050091,0.9898,
2016,050093,0.9921,
2016,050096,1.0,
2016,050099,0.9993,
2016,050100,0.9998,
2016,050101,0.9855,
2016,050102,0.9957,
2016,050103,0.9967,
2016,050104,1.0,
2016,050107,1.0,
2016,050108,0.9992,
2016,050110,0.9993,
2016,050111,0.9992,
2016,050112,0.9866,
2016,050113,1.0,
2016,050115,1.0,
2016,050116,0.9964,
2016,050118,0.9872,
2016,050121,0.9918,
2016,050122,0.9983,
2016,050124,0.9985,
2016,050125,0.9882,
2016,050126,0.9986,
2016,050127,0.9966,
2016,050128,0.9956,
2016,050129,0.9968,
2016,050131,0.9841,
2016,050132,0.9883,
2016,050133,0.9925,
2016,050135,0.9986,
2016,050136,0.9998,
2016,050137,1.0,
2016,050138,1.0,
2016,050139,1.0,
2016,050140,0.9991,
2016,050145,1.0,
2016,050149,0.993,
2016,050150,0.9977,
2016,050152,0.9978,
2016,050153,0.9986,
2016,050158,0.9985,
2016,050159,0.9999,
2016,050167,0.9998,
2016,050168,0.999,
2016,050169,1.0,
2016,050174,1.0,
2016,050179,0.9853,
2016,050180,0.9995,
2016,050189,0.9973,
2016,050191,0.9987,
2016,050192,1.0,
2016,050194,0.9967,
2016,050195,0.9925,
2016,050196,1.0,no_measure_data
2016,050197,0.9992,
2016,050204,0.9983,
2016,050205,1.0,
2016,050211,0.9952,
2016,050219,1.0,
2016,050222,0.9956,
2016,050224,0.9996,
2016,050225,0.9924,
2016,050226,0.9915,
2016,050228,0.9966,
2016,050230,0.9999,
2016,050231,0.999,
2016,050232,1.0,
2016,050234,0.9985,
2016,050235,0.9964,
2016,050236,0.996,
2016,050238,0.9985,
2016,050239,0.9913,
2016,050242,1.0,
2016,050243,0.9931,
2016,050245,0.9996,
2016,050248,0.9976,
2016,050254,0.9986,
2016,050257,0.9987,
2016,050261,0.9932,
2016,050262,0.9987,
2016,050272,0.9995,
2016,050276,1.0,
2016,050277,0.9998,
2016,050278,0.9944,
2016,050279,0.9974,
2016,050280,1.0,
2016,050281,0.9999,
2016,050283,0.9976,
2016,050289,0.9964,
2016,050290,0.9998,
2016,050291,0.9998,
2016,050292,0.9992,
2016,050295,0.9948,
2016,050296,0.9961,
2016,050298,0.9993,
2016,050300,0.992,
2016,050301,0.9991,
2016,050305,0.9984,
2016,050308,0.9925,
2016,050309,1.0,
2016,050313,0.9966,
2016,050315,1.0,
2016,050320,0.9989,
2016,050324,0.999,
2016,050327,0.9983,
2016,050329,0.9974,
2016,050334,0.9976,
2016,050335,1.0,
2016,050336,0.9965,
2016,050342,0.9922,
2016,050348,0.9993,
2016,050349,1.0,
2016,050350,0.9974,
2016,050351,0.9975,
2016,050352,1.0,
2016,050353,0.9911,
2016,050357,1.0,
2016,050359,0.9984,
2016,050360,0.999,
2016,050367,0.9948,
2016,050373,0.9978,
2016,050376,0.9972,
2016,050378,0.9976,
2016,050380,0.9927,
2016,050382,0.9994,
2016,050385,1.0,
2016,050390,0.988,
2016,050393,0.9975,
2016,050394,0.9983,
2016,050396,0.9989,
2016,050397,0.9938,
2016,050407,0.9788,
2016,050411,1.0,
2016,050414,0.9978,
2016,050417,0.9976,
2016,050423,0.9987,
2016,050424,1.0,
2016,050425,1.0,
2016,050426,0.9975,
2016,050434,0.9991,
2016,050435,0.9995,
2016,050438,0.9994,
2016,050441,0.9994,
2016,050444,0.9951,
2016,050448,1.0,no_measure_data
2016,050454,0.9966,
2016,050455,0.9928,
2016,050457,0.9975,
2016,050464,0.9944,
2016,050468,0.9965,
2016,050471,0.9923,
2016,050481,0.997,
2016,050485,0.9991,
2016,050488,0.9933,
2016,050492,1.0,
2016,050496,0.9997,
2016,050498,1.0,
2016,050502,0.997,
2016,050503,1.0,
2016,050506,0.9998,
2016,050510,1.0,
2016,050512,1.0,
2016,050515,1.0,
2016,050516,0.9922,
2016,050517,0.9968,
2016,050523,0.9936,
2016,050526,0.9969,
2016,050528,0.9951,
2016,050531,1.0,
2016,050534,0.9963,
2016,050537,0.9885,
2016,050541,1.0,
2016,050543,1.0,no_measure_data
2016,050545,1.0,
2016,050546,0.9916,
2016,050547,1.0,
2016,050548,1.0,
2016,050549,0.9981,
2016,050551,0.9935,
2016,050552,1.0,
2016,050557,0.9977,
2016,050561,1.0,
2016,050567,0.9978,
2016,050568,0.9965,
2016,050570,0.9981,
2016,050573,1.0,
2016,050575,1.0,
2016,050580,0.9981,
2016,050581,0.9936,
2016,050586,0.9996,
2016,050588,0.9983,
2016,050589,0.9993,
2016,050590,0.9979,
2016,050597,0.9995,
2016,050599,0.9974,
2016,050603,0.9992,
2016,050604,1.0,
2016,050608,0.9956,
2016,050609,1.0,
2016,050616,0.9993,
2016,050618,1.0,
2016,050624,0.9932,
2016,050625,1.0,
2016,050633,0.9913,
2016,050636,0.9938,
2016,050641,0.999,
2016,050644,1.0,
2016,050663,0.9974,
2016,050668,0.9963,
2016,050674,0.9998,
2016,050677,1.0,
2016,050678,0.9911,
2016,050684,0.9951,
2016,050686,1.0,
2016,050688,0.9987,
2016,050689,0.9915,
2016,050690,1.0,
2016,050696,0.9988,
2016,050697,1.0,
2016,050701,0.9978,
2016,050704,1.0,
2016,050708,1.0,
2016,050709,0.9962,
2016,050710,1.0,
2016,050714,1.0,
2016,050717,1.0,
2016,050723,1.0,
2016,050724,0.9933,
2016,050726,1.0,
2016,050727,0.9993,
2016,050732,1.0,
2016,050735,1.0,
2016,050736,0.997,
2016,050737,0.9919,
2016,050738,0.9984,
2016,050739,0.9872,
2016,050740,0.998,
2016,050742,0.9961,
2016,050744,0.9999,
2016,050745,0.9984,
2016,050746,0.9984,
2016,050747,0.9992,
2016,050748,1.0,
2016,050749,1.0,
2016,050751,1.0,
2016,050752,0.9922,
2016,050754,1.0,no_measure_data
2016,050755,0.9952,
2016,050757,0.9989,
2016,050758,0.9996,
2016,050760,1.0,
2016,050761,0.9994,
2016,050763,0.9998,
2016,050764,0.9851,
2016,050765,1.0,
2016,050766,0.97,
2016,050767,1.0,
2016,050768,0.9999,
2016,050769,1.0,
2016,050770,0.9904,
2016,050771,0.9972,
2016,050772,1.0,
2016,050773,0.9994,
2016,050774,1.0,no_measure_data
2016,050775,0.9978,
2016,050776,1.0,
2016,060001,0.9966,
2016,060003,0.9997,
2016,060004,0.9976,
2016,060006,1.0,
2016,060008,1.0,
2016,060009,1.0,
2016,060010,1.0,
2016,060011,0.9997,
2016,060012,1.0,
2016,060013,1.0,
2016,060014,0.9997,
2016,060015,0.9987,
2016,060016,1.0,
2016,060020,1.0,
2016,060022,1.0,
2016,060023,0.9995,
2016,060024,0.9927,
2016,060027,0.9904,
2016,060028,0.9997,
2016,060030,0.9992,
2016,060031,1.0,
2016,060032,0.996,
2016,060034,0.9992,
2016,060036,0.998,
2016,060043,1.0,
2016,060044,1.0,
2016,060049,0.9997,
2016,060054,1.0,
2016,060064,1.0,
2016,060065,0.9998,
2016,060071,1.0,
2016,060075,1.0,
2016,060076,1.0,
2016,060096,1.0,
2016,060100,0.9951,
2016,060103,0.9917,
2016,060104,0.9957,
2016,060107,1.0,
2016,060112,1.0,
2016,060113,0.9968,
2016,060114,0.9995,
2016,060116,1.0,
2016,060117,0.9957,
2016,060118,0.9918,
2016,060119,0.999,
2016,060124,1.0,
2016,060125,0.9957,
2016,070001,0.9724,
2016,070002,0.9964,
2016,070003,0.9963,
2016,070004,0.9966,
2016,070005,0.9927,
2016,070006,0.9985,
2016,070007,0.9989,
2016,070008,0.9873,
2016,070010,0.9939,
2016,070011,0.9881,
2016,070012,0.991,
2016,070015,0.998,
2016,070016,0.9995,
2016,070017,0.9965,
2016,070018,0.9958,
2016,070019,0.983,
2016,070020,0.9862,
2016,070021,0.9952,
2016,070022,0.9897,
2016,070024,0.9925,
2016,070025,0.9934,
2016,070027,0.9896,
2016,070028,0.9891,
2016,070029,0.9918,
2016,070031,0.9944,
2016,070033,0.9962,
2016,070034,0.9944,
2016,070035,0.9916,
2016,070036,0.9983,
2016,070038,1.0,no_measure_data
2016,070039,0.997,
2016,070040,1.0,
2016,080001,1.0,
2016,080003,0.9949,
2016,080004,0.9933,
2016,080006,0.9993,
2016,080007,0.9988,
2016,080009,0.996,
2016,090001,0.995,
2016,090003,0.9929,
2016,090004,0.9957,
2016,090005,0.9953,
2016,090006,0.9741,
2016,090008,0.9954,
2016,090011,0.9974,
2016,100001,0.9937,
2016,100002,0.9989,
2016,100006,0.9952,
2016,100007,0.9882,
2016,100008,0.9972,
2016,100009,0.9941,
2016,100012,0.9839,
2016,100014,0.9968,
2016,100017,0.9985,
2016,100018,0.9986,
2016,100019,0.9914,
2016,100022,0.9931,
2016,100023,0.9994,
2016,100025,1.0,
2016,100026,0.9951,
2016,100028,1.0,
2016,100029,0.9946,
2016,100030,0.9958,
2016,100032,0.9917,
2016,100034,0.9971,
2016,100035,0.9985,
2016,100038,0.9979,
2016,100039,0.9993,
2016,100040,0.9927,
2016,100043,0.9991,
2016,100044,0.9955,
2016,100045,0.9927,
2016,100046,0.9982,
2016,100047,0.997,
2016,100048,0.9932,
2016,100049,0.9943,
2016,100050,0.9871,
2016,100051,0.9983,
2016,100052,0.99,
2016,100053,0.986,
2016,100054,0.9953,
2016,100055,0.9952,
2016,100057,0.9888,
2016,100062,0.9987,
2016,100063,0.9967,
2016,100067,0.9929,
2016,100068,0.9972,
2016,100069,0.9915,
2016,100070,1.0,
2016,100071,0.9951,
2016,100072,0.9947,
2016,100073,0.9989,
2016,100075,0.9923,
2016,100076,0.9979,
2016,100077,0.9873,
2016,100080,0.9865,
2016,100081,0.9931,
2016,100084,0.9839,
2016,100086,0.9975,
2016,100087,1.0,
2016,100088,0.9998,
2016,100090,0.9991,
2016,100092,0.9895,
2016,100093,0.9986,
2016,100099,0.9824,
2016,100102,0.9886,
2016,100105,0.9997,
2016,100106,0.9979,
2016,100107,0.9875,
2016,100109,0.9957,
2016,100110,0.9795,
2016,100113,0.9948,
2016,100117,0.9941,
2016,100118,0.9959,
2016,100121,0.9967,
2016,100122,0.9953,
2016,100124,0.9888,
2016,100125,0.9997,
2016,100126,0.9829,
2016,100127,0.9988,
2016,100128,0.9996,
2016,100130,0.9935,
2016,100131,0.9862,
2016,100132,0.9989,
2016,100134,1.0,
2016,100135,0.9998,
2016,100137,0.9942,
2016,100139,0.9976,
2016,100140,0.999,
2016,100142,0.9977,
2016,100150,0.9908,
2016,100151,0.9985,
2016,100154,1.0,
2016,100156,0.9943,
2016,100157,0.9859,
2016,100161,0.9904,
2016,100166,1.0,
2016,100167,0.9953,
2016,100168,0.992,
2016,100173,0.9939,
2016,100175,0.9912,
2016,100176,0.995,
2016,100177,0.9994,
2016,100179,0.9904,
2016,100180,0.9966,
2016,100181,0.9972,
2016,100183,0.9891,
2016,100187,0.9869,
2016,100189,0.9872,
2016,100191,0.9971,
2016,100200,0.9972,
2016,100204,0.9937,
2016,100206,0.9965,
2016,100209,0.9809,
2016,100211,0.9974,
2016,100212,0.9975,
2016,100213,0.9947,
2016,100217,0.97,
2016,100220,0.9929,
2016,100223,0.9887,
2016,100224,0.988,
2016,100226,0.9961,
2016,100228,0.9952,
2016,100230,0.9988,
2016,100231,0.9946,
2016,100232,0.9978,
2016,100234,0.999,
2016,100236,0.9949,
2016,100238,0.9872,
2016,100239,0.9953,
2016,100240,1.0,no_measure_data
2016,100242,0.9985,
2016,100243,0.996,
2016,100244,0.9936,
2016,100246,0.9925,
2016,100248,0.996,
2016,100249,1.0,
2016,100252,0.9896,
2016,100253,0.9893,
2016,100254,0.9953,
2016,100255,0.9988,
2016,100256,0.9893,
2016,100258,0.998,
2016,100259,0.9815,
2016,100260,0.97,
2016,100264,0.9895,
2016,100265,0.9988,
2016,100266,1.0,
2016,100267,0.9981,
2016,100268,0.995,
2016,100269,0.9963,
2016,100275,0.9873,
2016,100276,0.9889,
2016,100277,1.0,
2016,100281,0.9982,
2016,100284,0.9963,
2016,100285,0.9969,
2016,100286,0.972,
2016,100287,0.9991,
2016,100288,0.9951,
2016,100289,0.9962,
2016,100290,0.9933,
2016,100291,0.9879,
2016,100292,1.0,
2016,100296,0.997,
2016,100299,0.9986,
2016,100302,0.9998,
2016,100307,0.97,
2016,100313,0.9995,
2016,100314,0.9968,
2016,100315,0.997,
2016,100316,0.9846,
2016,100317,1.0,no_measure_data
2016,100319,1.0,
2016,100320,1.0,
2016,100321,0.9835,
2016,100322,1.0,
2016,110001,0.9982,
2016,110002,0.9941,
2016,110003,0.9945,
2016,110004,1.0,
2016,110005,0.9992,
2016,110006,1.0,
2016,110007,0.9961,
2016,110008,0.9999,
2016,110010,0.9999,
2016,110011,0.9994,
2016,110015,0.9993,
2016,110016,0.9974,
2016,110018,0.9948,
2016,110023,0.9998,
2016,110024,0.9999,
2016,110025,0.9964,
2016,110026,0.9847,
2016,110027,0.9985,
2016,110028,0.994,
2016,110029,0.9965,
2016,110030,0.999,
2016,110031,0.9887,
2016,110032,0.9958,
2016,110034,0.9973,
2016,110035,0.9958,
2016,110036,0.9925,
2016,110038,0.9912,
2016,110039,0.9969,
2016,110040,0.9968,
2016,110041,0.9893,
2016,110042,0.9975,
2016,110043,0.9994,
2016,110044,0.9972,
2016,110045,0.9984,
2016,110046,0.9987,
2016,110050,1.0,
2016,110051,1.0,
2016,110054,0.997,
2016,110059,0.9991,
2016,110064,0.998,
2016,110069,0.9805,
2016,110071,0.9989,
2016,110073,0.9917,
2016,110074,0.9979,
2016,110075,0.9982,
2016,110076,0.9969,
2016,110078,0.9983,
2016,110079,0.9965,
2016,110082,1.0,
2016,110083,0.9965,
2016,110086,1.0,
2016,110087,1.0,
2016,110089,0.9915,
2016,110091,0.9931,
2016,110092,0.9962,
2016,110095,0.9971,
2016,110100,0.9954,
2016,110101,0.9999,
2016,110104,0.9923,
2016,110105,0.9896,
2016,110107,0.996,
2016,110109,0.995,
2016,110111,0.988,
2016,110112,1.0,
2016,110113,0.9951,
2016,110115,0.9978,
2016,110121,1.0,
2016,110122,0.9946,
2016,110124,0.9915,
2016,110125,1.0,
2016,110128,0.9936,
2016,110129,0.9961,
2016,110130,0.9991,
2016,110132,0.9982,
2016,110135,1.0,
2016,110142,0.9997,
2016,110143,0.9997,
2016,110146,0.9996,
2016,110150,0.9992,
2016,110153,0.9925,
2016,110161,1.0,
2016,110163,0.9932,
2016,110164,0.9983,
2016,110165,0.9924,
2016,110168,0.9898,
2016,110177,0.9914,
2016,110183,0.9987,
2016,110184,0.9989,
2016,110186,0.9988,
2016,110187,0.9863,
2016,110189,0.987,
2016,110190,0.9976,
2016,110191,0.9741,
2016,110192,0.9914,
2016,110194,0.9991,
2016,110198,0.9937,
2016,110200,0.9982,
2016,110201,0.9987,
2016,110203,1.0,
2016,110205,0.9922,
2016,110209,1.0,no_measure_data
2016,110212,1.0,
2016,110215,0.9933,
2016,110219,0.9991,
2016,110225,0.9917,
2016,110226,0.9987,
2016,110229,0.9968,
2016,110230,0.9966,
2016,110233,1.0,
2016,110234,1.0,
2016,120001,0.9996,
2016,120002,0.997,
2016,120004,0.9956,
2016,120005,0.9976,
2016,120006,0.9899,
2016,120007,0.9992,
2016,120010,1.0,
2016,120011,0.9983,
2016,120014,0.9983,
2016,120019,0.9987,
2016,120022,1.0,
2016,120026,0.9932,
2016,120027,1.0,
2016,120028,1.0,
2016,130002,0.9969,
2016,130003,1.0,
2016,130006,1.0,
2016,130007,1.0,
2016,130013,0.9854,
2016,130014,1.0,
2016,130018,1.0,
2016,130025,0.9946,
2016,130028,1.0,
2016,130049,0.9998,
2016,130063,1.0,
2016,130065,1.0,
2016,130066,1.0,
2016,130067,1.0,no_measure_data
2016,140001,0.9921,
2016,140002,0.9916,
2016,140007,0.9721,
2016,140008,0.9978,
2016,140010,0.9992,
2016,140011,0.9863,
2016,140012,0.9983,
2016,140013,0.9924,
2016,140015,0.9927,
2016,140018,0.9943,
2016,140019,1.0,
2016,140026,0.9968,
2016,140029,0.9991,
2016,140030,0.999,
2016,140032,0.9994,
2016,140033,1.0,no_measure_data
2016,140034,0.9865,
2016,140040,0.9892,
2016,140043,1.0,
2016,140046,0.9936,
2016,140048,0.988,
2016,140049,0.998,
2016,140051,0.9987,
2016,140052,0.9826,
2016,140053,0.9999,
2016,140054,0.993,
2016,140058,0.9929,
2016,140059,0.9881,
2016,140062,0.9971,
2016,140063,0.9937,
2016,140064,0.9945,
2016,140065,0.9817,
2016,140067,0.9962,
2016,140068,0.9881,
2016,140077,0.9985,
2016,140080,0.9941,
2016,140082,0.9848,
2016,140083,0.9982,
2016,140084,0.9947,
2016,140088,0.9962,
2016,140089,0.9984,
2016,140091,0.9938,
2016,140093,0.9883,
2016,140095,0.9936,
2016,140100,1.0,
2016,140101,0.995,
2016,140103,0.9864,
2016,140110,0.988,
2016,140113,0.9815,
2016,140114,0.9949,
2016,140115,0.9986,
2016,140116,0.9947,
2016,140117,0.9967,
2016,140118,0.9897,
2016,140119,0.9894,
2016,140120,0.97,
2016,140122,0.9957,
2016,140124,0.9968,
2016,140125,0.9924,
2016,140127,0.9969,
2016,140130,0.9935,
2016,140133,0.9891,
2016,140135,0.9978,
2016,140137,1.0,
2016,140143,0.9987,
2016,140145,0.9977,
2016,140147,0.9802,
2016,140148,1.0,
2016,140150,0.9973,
2016,140151,0.9923,
2016,140155,0.9961,
2016,140158,0.9946,
2016,140160,0.9908,
2016,140161,1.0,
2016,140162,1.0,
2016,140164,0.9962,
2016,140166,0.9934,
2016,140167,1.0,
2016,140172,0.9787,
2016,140174,0.9947,
2016,140176,1.0,
2016,140177,0.9931,
2016,140179,0.9865,
2016,140180,0.9954,
2016,140181,0.9951,
2016,140182,0.9922,
2016,140184,0.9883,
2016,140185,0.9966,
2016,140186,0.9988,
2016,140187,0.9941,
2016,140189,0.9865,
2016,140191,0.9746,
2016,140197,0.9998,
2016,140200,0.9912,
2016,140202,0.9993,
2016,140206,0.9966,
2016,140208,0.9759,
2016,140209,0.997,
2016,140210,0.987,
2016,140211,1.0,
2016,140213,0.9827,
2016,140217,0.9973,
2016,140223,0.9971,
2016,140224,0.9888,
2016,140228,0.9907,
2016,140231,0.9934,
2016,140233,0.9959,
2016,140234,0.9823,
2016,140239,0.9922,
2016,140240,0.9956,
2016,140242,0.9971,
2016,140250,0.9979,
2016,140251,1.0,
2016,140252,0.9997,
2016,140258,0.9955,
2016,140275,0.9984,
2016,140276,0.9972,
2016,140280,0.9972,
2016,140281,0.9897,
2016,140286,0.9972,
2016,140288,0.9964,
2016,140289,0.9983,
2016,140290,0.9986,
2016,140291,1.0,
2016,140292,0.9995,
2016,140294,0.9895,
2016,140300,0.9984,
2016,140304,0.9944,
2016,140306,1.0,no_measure_data
2016,150001,0.9988,
2016,150002,0.979,
2016,150003,0.9981,
2016,150004,0.9883,
2016,150005,0.9993,
2016,150006,0.9895,
2016,150007,0.9966,
2016,150008,0.9987,
2016,150009,0.9966,
2016,150010,1.0,
2016,150011,1.0,
2016,150012,1.0,
2016,150015,0.9946,
2016,150017,0.9993,
2016,150018,0.9938,
2016,150021,1.0,
2016,150022,0.989,
2016,150023,0.9945,
2016,150024,0.9971,
2016,150026,0.9935,
2016,150030,0.9957,
2016,150033,0.9984,
2016,150034,0.9849,
2016,150035,0.9929,
2016,150037,0.9998,
2016,150038,1.0,
2016,150042,0.9989,
2016,150044,0.997,
2016,150045,0.9982,
2016,150046,0.9914,
2016,150047,0.9965,
2016,150048,0.9942,
2016,150051,1.0,
2016,150056,0.998,
2016,150057,1.0,
2016,150058,0.999,
2016,150059,1.0,
2016,150061,0.9993,
2016,150064,0.994,
2016,150065,1.0,
2016,150069,0.9913,
2016,150072,1.0,
2016,150074,0.9987,
2016,150075,0.9817,
2016,150076,0.9944,
2016,150082,0.9929,
2016,150084,0.9991,
2016,150086,0.9929,
2016,150088,0.9767,
2016,150089,0.999,
2016,150090,0.98,
2016,150091,0.9989,
2016,150097,0.9979,
2016,150100,0.9876,
2016,150101,0.9974,
2016,150102,1.0,
2016,150104,0.9992,
2016,150109,1.0,
2016,150112,0.9992,
2016,150113,0.9815,
2016,150115,1.0,
2016,150125,0.9925,
2016,150126,0.9993,
2016,150128,0.9885,
2016,150129,0.9991,
2016,150133,0.9954,
2016,150146,1.0,
2016,150149,1.0,no_measure_data
2016,150150,0.9991,
2016,150153,1.0,
2016,150154,0.9952,
2016,150157,0.9995,
2016,150158,0.9986,
2016,150160,1.0,
2016,150161,1.0,
2016,150162,0.9972,
2016,150163,0.9884,
2016,150164,0.9969,
2016,150165,0.9987,
2016,150166,0.9963,
2016,150167,1.0,
2016,150168,1.0,
2016,150169,0.9993,
2016,150172,1.0,
2016,150173,1.0,
2016,150175,0.9961,
2016,150176,0.9912,
2016,150177,0.9929,
2016,150179,1.0,no_measure_data
2016,150180,1.0,
2016,150181,1.0,
2016,150182,0.9745,
2016,160001,0.9938,
2016,160005,1.0,
2016,160008,0.9896,
2016,160013,0.9949,
2016,160016,0.9969,
2016,160024,0.9987,
2016,160028,0.9988,
2016,160029,1.0,
2016,160030,0.9989,
2016,160032,0.9774,
2016,160033,1.0,
2016,160040,0.9995,
2016,160045,0.9964,
2016,160047,0.9971,
2016,160057,0.9927,
2016,160058,0.9996,
2016,160064,1.0,
2016,160067,0.9996,
2016,160069,0.9963,
2016,160079,0.9974,
2016,160080,0.99,
2016,160082,1.0,
2016,160083,1.0,
2016,160089,0.9973,
2016,160101,1.0,
2016,160104,0.97,
2016,160110,0.9852,
2016,160112,0.9983,
2016,160117,0.9975,
2016,160122,0.9989,
2016,160124,0.981,
2016,160146,1.0,
2016,160147,0.9999,
2016,160153,1.0,
2016,160157,1.0,no_measure_data
2016,170001,1.0,no_measure_data
2016,170006,1.0,
2016,170009,0.9989,
2016,170010,1.0,
2016,170012,0.9998,
2016,170013,0.9988,
2016,170014,0.9951,
2016,170016,0.9942,
2016,170017,0.986,
2016,170020,0.9993,
2016,170023,0.999,
2016,170027,0.97,
2016,170039,1.0,
2016,170040,0.9989,
2016,170049,0.9981,
2016,170058,0.9954,
2016,170068,0.9969,
2016,170074,0.9941,
2016,170075,0.9987,
2016,170086,0.9993,
2016,170094,0.9928,
2016,170103,1.0,
2016,170104,0.9902,
2016,170105,0.9998,
2016,170109,1.0,
2016,170110,1.0,
2016,170120,1.0,
2016,170122,0.9978,
2016,170123,0.9987,
2016,170133,0.9979,
2016,170137,0.9993,
2016,170142,0.9969,
2016,170145,0.993,
2016,170146,0.9953,
2016,170150,1.0,
2016,170166,0.9988,
2016,170175,1.0,
2016,170176,0.9878,
2016,170182,0.9974,
2016,170183,1.0,
2016,170185,0.9931,
2016,170186,1.0,
2016,170187,1.0,
2016,170188,1.0,
2016,170190,1.0,
2016,170191,0.9992,
2016,170192,0.9961,
2016,170194,1.0,
2016,170195,0.9956,
2016,170196,1.0,
2016,170197,1.0,
2016,170198,1.0,
2016,170199,1.0,no_measure_data
2016,170200,0.9988,
2016,170201,1.0,no_measure_data
2016,170202,1.0,
2016,170203,1.0,
2016,180001,0.9975,
2016,180002,0.97,
2016,180004,0.9945,
2016,180005,0.9905,
2016,180009,0.9815,
2016,180010,0.9914,
2016,180011,0.9976,
2016,180012,0.9952,
2016,180013,0.9841,
2016,180016,0.9902,
2016,180017,0.9894,
2016,180018,0.9947,
2016,180019,1.0,
2016,180020,0.97,
2016,180021,0.973,
2016,180024,0.9971,
2016,180025,0.9882,
2016,180027,0.9959,
2016,180029,0.97,
2016,180035,0.9923,
2016,180036,0.9915,
2016,180038,0.9988,
2016,180040,0.9953,
2016,180043,0.97,
2016,180044,0.9965,
2016,180045,0.9914,
2016,180046,1.0,
2016,180048,0.9992,
2016,180049,0.999,
2016,180050,0.97,
2016,180051,0.97,
2016,180053,0.9792,
2016,180056,0.9748,
2016,180064,0.996,
2016,180066,0.9957,
2016,180067,0.9957,
2016,180069,0.97,
2016,180070,0.9802,
2016,180078,0.9964,
2016,180079,0.9842,
2016,180080,0.9985,
2016,180087,0.9955,
2016,180088,0.9983,
2016,180092,0.9999,
2016,180093,0.9871,
2016,180095,0.9836,
2016,180101,0.9965,
2016,180102,0.998,
2016,180103,0.9981,
2016,180104,0.9978,
2016,180105,0.97,
2016,180106,0.9802,
2016,180115,0.9911,
2016,180116,0.9757,
2016,180117,0.9916,
2016,180124,0.9924,
2016,180127,0.9929,
2016,180128,0.9724,
2016,180130,1.0,
2016,180132,0.9921,
2016,180138,0.994,
2016,180139,0.9792,
2016,180141,0.9998,
2016,180143,0.9758,
2016,180149,0.9855,
2016,190001,0.9891,
2016,190002,0.9944,
2016,190003,1.0,
2016,190004,0.9869,
2016,190005,1.0,
2016,190006,0.9991,
2016,190007,0.993,
2016,190008,0.9954,
2016,190009,1.0,
2016,190011,0.9952,
2016,190013,0.996,
2016,190014,0.9949,
2016,190015,0.9936,
2016,190017,1.0,
2016,190019,0.9992,
2016,190020,0.9787,
2016,190025,0.9933,
2016,190026,0.9974,
2016,190027,0.9976,
2016,190034,0.9892,
2016,190036,0.9915,
2016,190039,0.9981,
2016,190040,0.9973,
2016,190041,0.9988,
2016,190044,1.0,
2016,190045,0.9948,
2016,190046,1.0,
2016,190050,0.9988,
2016,190053,0.9887,
2016,190054,0.9967,
2016,190060,0.9928,
2016,190064,1.0,
2016,190065,0.9969,
2016,190079,0.9903,
2016,190081,0.9948,
2016,190086,0.9902,
2016,190088,0.9959,
2016,190090,0.9978,
2016,190098,0.9935,
2016,190099,0.9807,
2016,190102,0.9982,
2016,190106,0.9997,
2016,190111,1.0,
2016,190114,0.9992,
2016,190116,0.996,
2016,190118,0.9813,
2016,190122,1.0,
2016,190125,0.9984,
2016,190128,1.0,no_measure_data
2016,190133,1.0,
2016,190135,0.9976,
2016,190140,0.97,
2016,190144,0.9888,
2016,190145,0.9896,
2016,190146,0.9985,
2016,190151,0.9982,
2016,190160,0.981,
2016,190161,1.0,
2016,190164,0.9774,
2016,190167,0.9827,
2016,190175,0.9978,
2016,190176,0.9982,
2016,190177,0.9965,
2016,190183,0.9997,
2016,190184,1.0,
2016,190190,1.0,
2016,190199,1.0,
2016,190201,0.9861,
2016,190202,0.9997,
2016,190204,0.9935,
2016,190205,0.9982,
2016,190208,0.9918,
2016,190218,0.9966,
2016,190236,0.996,
2016,190241,0.9755,
2016,190242,0.9952,
2016,190245,1.0,
2016,190246,1.0,
2016,190250,0.9993,
2016,190251,1.0,
2016,190255,1.0,no_measure_data
2016,190256,1.0,
2016,190257,0.9869,
2016,190259,1.0,
2016,190261,1.0,
2016,190263,1.0,
2016,190266,1.0,no_measure_data
2016,190267,1.0,
2016,190268,0.9994,
2016,190270,0.9828,
2016,190273,1.0,
2016,190274,0.998,
2016,190278,1.0,
2016,190297,0.9992,
2016,190298,1.0,
2016,190300,1.0,no_measure_data
2016,190303,1.0,
2016,190304,1.0,no_measure_data
2016,190307,1.0,
2016,190308,0.9998,
2016,190310,1.0,no_measure_data
2016,190312,1.0,no_measure_data
2016,200001,1.0,
2016,200002,0.9927,
2016,200008,1.0,
2016,200009,1.0,
2016,200018,0.9944,
2016,200019,1.0,
2016,200020,0.9957,
2016,200021,0.9985,
2016,200024,0.9969,
2016,200025,0.999,
2016,200031,0.9965,
2016,200033,0.9973,
2016,200034,1.0,
2016,200037,1.0,
2016,200039,1.0,
2016,200040,0.9994,
2016,200041,0.9998,
2016,200050,0.9799,
2016,200052,0.9996,
2016,200063,0.9983,
2016,220001,0.9898,
2016,220002,0.9985,
2016,220008,0.9952,
2016,220010,0.9938,
2016,220011,0.9941,
2016,220012,0.9998,
2016,220015,0.996,
2016,220016,0.9982,
2016,220017,0.9946,
2016,220019,0.9899,
2016,220020,0.9932,
2016,220024,0.9939,
2016,220029,0.9739,
2016,220030,0.986,
2016,220031,0.9968,
2016,220033,0.9915,
2016,220035,1.0,
2016,220036,0.9863,
2016,220046,0.9994,
2016,220049,0.9997,
2016,220050,1.0,
2016,220051,0.9973,
2016,220052,0.9936,
2016,220058,0.9882,
2016,220060,0.9999,
2016,220062,1.0,no_measure_data
2016,220063,0.9923,
2016,220065,0.9988,
2016,220066,0.9975,
2016,220067,0.9817,
2016,220070,0.9871,
2016,220071,0.9971,
2016,220073,0.9896,
2016,220074,0.9912,
2016,220075,1.0,
2016,220077,1.0,
2016,220080,0.9924,
2016,220082,0.9804,
2016,220083,0.9888,
2016,220084,0.9994,
2016,220086,0.9943,
2016,220088,0.9999,
2016,220090,0.9752,
2016,220095,0.992,
2016,220098,0.9925,
2016,220100,0.9987,
2016,220101,0.997,
2016,220105,0.9845,
2016,220108,0.9805,
2016,220110,0.9996,
2016,220111,0.9905,
2016,220116,0.9894,
2016,220119,0.9931,
2016,220126,0.9902,
2016,220135,0.9972,
2016,220163,0.9965,
2016,220171,0.9884,
2016,220174,0.9942,
2016,220175,0.9998,
2016,220176,0.9966,
2016,220177,1.0,
2016,230002,0.9898,
2016,230003,0.9924,
2016,230004,1.0,
2016,230005,1.0,
2016,230013,0.999,
2016,230015,0.9957,
2016,230017,0.9989,
2016,230019,0.9917,
2016,230020,0.9911,
2016,230021,0.9963,
2016,230022,0.9929,
2016,230024,0.9908,
2016,230029,0.9988,
2016,230030,1.0,
2016,230031,0.9995,
2016,230035,1.0,
2016,230036,1.0,
2016,230037,0.9933,
2016,230038,1.0,
2016,230040,1.0,
2016,230041,0.9988,
2016,230046,0.9982,
2016,230047,0.997,
2016,230053,0.9924,
2016,230054,1.0,
2016,230055,0.996,
2016,230058,0.9998,
2016,230059,0.9998,
2016,230066,1.0,
2016,230069,0.9941,
2016,230070,0.9894,
2016,230071,1.0,no_measure_data
2016,230072,0.9985,
2016,230075,1.0,
2016,230077,0.9945,
2016,230078,0.997,
2016,230080,0.9986,
2016,230081,0.973,
2016,230085,0.9998,
2016,230089,0.992,
2016,230092,0.9988,
2016,230093,0.9998,
2016,230095,0.9984,
2016,230096,1.0,
2016,230097,0.9996,
2016,230099,0.9997,
2016,230100,0.9997,
2016,230101,1.0,no_measure_data
2016,230104,0.9913,
2016,230105,1.0,
2016,230106,0.9922,
2016,230108,1.0,
2016,230110,1.0,
2016,230117,0.9966,
2016,230118,0.9991,
2016,230121,1.0,
2016,230130,0.9885,
2016,230132,0.9898,
2016,230133,1.0,
2016,230141,0.9921,
2016,230142,0.9797,
2016,230144,1.0,no_measure_data
2016,230146,0.9954,
2016,230151,0.9891,
2016,230156,0.9953,
2016,230165,0.9918,
2016,230167,0.9972,
2016,230174,1.0,
2016,230176,0.9986,
2016,230180,0.9959,
2016,230193,0.9904,
2016,230195,0.9893,
2016,230197,0.9971,
2016,230207,0.9961,
2016,230208,0.9794,
2016,230216,0.9773,
2016,230217,0.9874,
2016,230222,1.0,
2016,230227,0.9889,
2016,230230,0.9948,
2016,230236,0.9995,
2016,230239,0.9961,
2016,230241,0.9998,
2016,230244,0.9843,
2016,230254,0.9853,
2016,230259,0.9999,
2016,230264,1.0,no_measure_data
2016,230269,0.9872,
2016,230270,0.993,
2016,230273,0.9915,
2016,230275,1.0,no_measure_data
2016,230277,0.9812,
2016,230279,1.0,no_measure_data
2016,230297,1.0,
2016,230301,1.0,
2016,230302,0.9956,
2016,230303,1.0,
2016,230304,1.0,no_measure_data
2016,240001,1.0,
2016,240002,0.9979,
2016,240004,0.9976,
2016,240006,1.0,
2016,240010,1.0,
2016,240014,0.9994,
2016,240018,0.9931,
2016,240019,0.9998,
2016,240020,0.9896,
2016,240022,0.9987,
2016,240030,0.9874,
2016,240036,0.999,
2016,240038,0.9974,
2016,240040,0.9977,
2016,240043,0.998,
2016,240044,0.9948,
2016,240047,1.0,
2016,240050,0.998,
2016,240052,1.0,
2016,240053,0.9989,
2016,240056,0.9996,
2016,240057,0.9989,
2016,240059,0.9806,
2016,240061,1.0,
2016,240063,0.9996,
2016,240064,1.0,
2016,240066,1.0,
2016,240069,0.9875,
2016,240071,0.9959,
2016,240075,0.9988,
2016,240076,0.997,
2016,240078,1.0,
2016,240080,0.9983,
2016,240084,0.9982,
2016,240088,0.9969,
2016,240093,0.9993,
2016,240100,0.9999,
2016,240101,0.9999,
2016,240104,0.9919,
2016,240106,0.9999,
2016,240115,0.9978,
2016,240117,0.9959,
2016,240132,0.9888,
2016,240141,1.0,
2016,240166,0.9923,
2016,240187,0.999,
2016,240196,1.0,no_measure_data
2016,240206,1.0,
2016,240207,0.9942,
2016,240210,0.9991,
2016,240213,0.9992,
2016,240214,0.9941,
2016,250001,0.9966,
2016,250002,1.0,
2016,250004,0.9939,
2016,250006,0.9871,
2016,250007,0.9964,
2016,250009,0.9806,
2016,250010,0.9971,
2016,250012,0.9971,
2016,250015,0.9988,
2016,250017,0.9959,
2016,250018,1.0,
2016,250019,0.9981,
2016,250020,0.9987,
2016,250025,0.9953,
2016,250027,1.0,
2016,250031,0.9888,
2016,250034,0.9984,
2016,250036,0.9941,
2016,250038,0.9917,
2016,250040,0.9903,
2016,250042,0.9912,
2016,250043,0.9922,
2016,250044,0.9999,
2016,250048,0.9939,
2016,250049,0.9995,
2016,250050,0.9922,
2016,250051,1.0,
2016,250057,0.9995,
2016,250058,0.9981,
2016,250059,1.0,no_measure_data
2016,250060,1.0,
2016,250061,0.9969,
2016,250067,0.9933,
2016,250069,0.9942,
2016,250072,0.9969,
2016,250077,0.9899,
2016,250078,0.9855,
2016,250079,0.994,
2016,250081,1.0,
2016,250082,0.9989,
2016,250084,0.9987,
2016,250085,0.9884,
2016,250093,0.989,
2016,250094,0.9793,
2016,250095,0.9906,
2016,250096,0.9984,
2016,250097,0.9913,
2016,250099,0.9999,
2016,250100,0.9953,
2016,250102,0.9979,
2016,250104,0.9982,
2016,250117,0.9877,
2016,250122,0.9959,
2016,250123,0.9856,
2016,250124,0.995,
2016,250126,0.994,
2016,250127,1.0,
2016,250128,0.9966,
2016,250134,1.0,
2016,250136,1.0,no_measure_data
2016,250138,0.9979,
2016,250141,0.9868,
2016,250151,1.0,no_measure_data
2016,250152,1.0,no_measure_data
2016,250162,0.9951,
2016,250165,1.0,
2016,250166,1.0,no_measure_data
2016,250167,0.9972,
2016,250168,0.9964,
2016,260001,0.998,
2016,260004,1.0,
2016,260005,0.9948,
2016,260006,1.0,
2016,260009,0.9907,
2016,260011,0.9843,
2016,260015,0.9879,
2016,260017,1.0,
2016,260020,0.9958,
2016,260022,0.9977,
2016,260023,0.9803,
2016,260024,0.9956,
2016,260025,0.9943,
2016,260027,0.9974,
2016,260032,0.9976,
2016,260034,0.9886,
2016,260040,1.0,
2016,260047,0.9946,
2016,260048,0.9989,
2016,260050,0.9879,
2016,260052,0.9977,
2016,260057,0.9977,
2016,260059,0.9913,
2016,260061,0.9992,
2016,260062,0.9917,
2016,260064,0.9988,
2016,260065,0.9946,
2016,260068,0.9991,
2016,260070,0.9765,
2016,260074,0.987,
2016,260077,0.9798,
2016,260078,0.9987,
2016,260080,0.9993,
2016,260081,0.9998,
2016,260085,0.9903,
2016,260091,0.9962,
2016,260094,0.9995,
2016,260095,0.9826,
2016,260096,0.9995,
2016,260097,0.9716,
2016,260102,0.9999,
2016,260104,0.9948,
2016,260105,0.9988,
2016,260108,0.9986,
2016,260110,0.9913,
2016,260113,0.9936,
2016,260115,0.9981,
2016,260116,0.993,
2016,260119,0.995,
2016,260137,1.0,
2016,260138,0.9961,
2016,260141,0.9933,
2016,260142,0.9866,
2016,260147,0.9952,
2016,260160,0.9973,
2016,260162,0.9993,
2016,260163,0.9981,
2016,260175,1.0,
2016,260176,0.9816,
2016,260177,0.9865,
2016,260179,1.0,
2016,260180,0.9918,
2016,260183,0.9984,
2016,260186,0.9918,
2016,260190,0.9918,
2016,260191,0.9901,
2016,260193,0.9898,
2016,260195,0.9992,
2016,260200,0.994,
2016,260207,1.0,
2016,260209,0.996,
2016,260210,0.9971,
2016,260211,1.0,
2016,260214,0.9995,
2016,260216,0.9777,
2016,260219,0.9872,
2016,260227,0.9976,
2016,260228,0.9827,
2016,260229,1.0,
2016,260230,1.0,no_measure_data
2016,270003,0.9851,
2016,270004,1.0,
2016,270012,0.9998,
2016,270014,1.0,
2016,270017,0.9971,
2016,270023,1.0,
2016,270032,0.9916,
2016,270049,0.9912,
2016,270051,1.0,
2016,270057,1.0,
2016,270074,1.0,
2016,270086,1.0,
2016,270087,1.0,
2016,280003,1.0,
2016,280009,1.0,
2016,280013,0.9983,
2016,280020,1.0,
2016,280023,0.9997,
2016,280030,0.9993,
2016,280032,1.0,
2016,280040,0.9986,
2016,280060,0.9999,
2016,280061,0.9924,
2016,280065,0.9992,
2016,280077,0.9922,
2016,280081,0.9985,
2016,280105,0.9962,
2016,280111,0.9871,
2016,280119,1.0,
2016,280125,1.0,
2016,280127,1.0,
2016,280128,1.0,
2016,280129,1.0,
2016,280130,0.9987,
2016,280131,0.9894,
2016,280132,0.9954,
2016,280133,1.0,no_measure_data
2016,280134,1.0,
2016,290001,0.9998,
2016,290002,1.0,
2016,290003,0.9918,
2016,290005,0.9951,
2016,290006,0.992,
2016,290007,0.9981,
2016,290008,0.9966,
2016,290009,0.996,
2016,290012,0.996,
2016,290019,0.999,
2016,290020,1.0,
2016,290021,0.9913,
2016,290022,0.9866,
2016,290027,1.0,no_measure_data
2016,290032,0.9858,
2016,290039,0.9911,
2016,290041,0.9963,
2016,290042,1.0,
2016,290045,0.9983,
2016,290046,0.9961,
2016,290047,0.9978,
2016,290049,0.999,
2016,290051,1.0,
2016,290053,0.9957,
2016,290054,0.9846,
2016,300001,0.9987,
2016,300003,1.0,
2016,300005,0.9961,
2016,300011,0.9859,
2016,300012,0.9968,
2016,300014,0.9918,
2016,300017,0.991,
2016,300018,0.9984,
2016,300019,1.0,
2016,300020,0.9987,
2016,300023,0.9984,
2016,300029,0.9975,
2016,300034,0.9975,
2016,310001,0.9957,
2016,310002,0.9908,
2016,310003,0.9751,
2016,310005,0.9996,
2016,310006,0.9925,
2016,310008,0.9996,
2016,310009,0.9992,
2016,310010,0.9964,
2016,310011,0.9988,
2016,310012,0.9899,
2016,310014,0.9892,
2016,310015,0.9998,
2016,310016,0.9846,
2016,310017,0.9912,
2016,310019,0.9785,
2016,310021,0.9974,
2016,310022,0.9833,
2016,310024,0.9941,
2016,310025,0.9906,
2016,310027,0.9904,
2016,310028,0.9991,
2016,310029,0.9977,
2016,310031,0.9893,
2016,310032,0.997,
2016,310034,0.9996,
2016,310038,0.9926,
2016,310039,0.9919,
2016,310040,0.9906,
2016,310041,0.9957,
2016,310044,0.9823,
2016,310045,0.9931,
2016,310047,0.9979,
2016,310048,0.9889,
2016,310050,0.9858,
2016,310051,0.9959,
2016,310052,0.9988,
2016,310054,0.9909,
2016,310057,0.9909,
2016,310058,1.0,
2016,310060,0.9968,
2016,310061,0.9946,
2016,310064,0.9935,
2016,310069,0.9996,
2016,310070,0.9799,
2016,310073,0.9991,
2016,310074,0.9902,
2016,310075,0.992,
2016,310076,0.9999,
2016,310081,0.9889,
2016,310083,0.9925,
2016,310084,0.9948,
2016,310086,0.9785,
2016,310091,0.9901,
2016,310092,0.9946,
2016,310096,0.9854,
2016,310108,0.9849,
2016,310110,0.9943,
2016,310111,0.9979,
2016,310112,0.991,
2016,310113,0.9988,
2016,310115,0.9964,
2016,310118,0.9927,
2016,310119,0.9976,
2016,310120,0.9929,
2016,310130,0.9994,
2016,320001,1.0,
2016,320002,0.9992,
2016,320003,0.9969,
2016,320004,1.0,
2016,320005,0.9993,
2016,320006,0.9944,
2016,320009,0.9968,
2016,320011,0.9884,
2016,320013,0.997,
2016,320014,1.0,no_measure_data
2016,320016,0.9999,
2016,320017,0.9965,
2016,320018,1.0,
2016,320021,1.0,
2016,320022,0.9958,
2016,320030,0.9975,
2016,320033,0.9996,
2016,320037,1.0,no_measure_data
2016,320038,1.0,
2016,320057,1.0,
2016,320058,1.0,
2016,320059,1.0,
2016,320060,1.0,
2016,320061,0.9948,
2016,320062,1.0,
2016,320063,0.999,
2016,320065,0.9944,
2016,320067,1.0,
2016,320070,1.0,
2016,320074,0.9994,
2016,320083,1.0,
2016,320084,0.9972,
2016,320085,0.9872,
2016,320086,1.0,
2016,320087,1.0,
2016,320089,1.0,
2016,330002,0.9961,
2016,330003,0.9991,
2016,330004,0.9793,
2016,330005,0.9994,
2016,330006,0.9948,
2016,330008,0.9942,
2016,330009,0.9945,
2016,330011,0.9811,
2016,330013,0.9964,
2016,330014,0.9887,
2016,330019,0.9891,
2016,330023,0.9888,
2016,330024,0.9944,
2016,330027,0.994,
2016,330028,0.994,
2016,330029,1.0,no_measure_data
2016,330030,0.9914,
2016,330033,0.9873,
2016,330037,0.9936,
2016,330043,0.9938,
2016,330044,0.9962,
2016,330045,0.986,
2016,330046,0.9888,
2016,330047,0.9964,
2016,330049,0.9998,
2016,330053,0.9993,
2016,330055,0.994,
2016,330056,0.9941,
2016,330057,0.999,
2016,330058,0.9954,
2016,330059,0.99,
2016,330061,0.9864,
2016,330064,0.9885,
2016,330065,0.9974,
2016,330067,0.9981,
2016,330073,0.9911,
2016,330074,0.9901,
2016,330078,0.9997,
2016,330079,0.9959,
2016,330080,0.9943,
2016,330084,0.9931,
2016,330085,0.9901,
2016,330086,0.9941,
2016,330088,0.9997,
2016,330090,0.9873,
2016,330094,0.9895,
2016,330096,1.0,
2016,330100,1.0,no_measure_data
2016,330101,0.9971,
2016,330102,0.9989,
2016,330103,0.9957,
2016,330104,0.99,
2016,330106,0.9961,
2016,330107,0.9994,
2016,330108,0.9895,
2016,330111,0.9921,
2016,330115,1.0,
2016,330119,0.9952,
2016,330125,0.9927,
2016,330126,0.9804,
2016,330127,0.9956,
2016,330128,0.9954,
2016,330132,0.9955,
2016,330135,0.9951,
2016,330136,0.9929,
2016,330140,0.9944,
2016,330141,0.9849,
2016,330144,0.9931,
2016,330151,1.0,
2016,330153,1.0,
2016,330157,0.9989,
2016,330158,0.9902,
2016,330159,1.0,
2016,330160,0.9954,
2016,330162,0.9941,
2016,330163,0.9855,
2016,330164,0.9993,
2016,330166,1.0,
2016,330167,0.9977,
2016,330169,0.9806,
2016,330175,0.9861,
2016,330177,1.0,no_measure_data
2016,330180,0.9952,
2016,330181,0.9849,
2016,330182,0.9987,
2016,330184,0.977,
2016,330185,0.9919,
2016,330188,0.9958,
2016,330191,1.0,
2016,330193,0.9932,
2016,330194,0.9936,
2016,330195,0.99,
2016,330196,0.986,
2016,330197,0.9918,
2016,330198,0.9921,
2016,330199,0.9974,
2016,330201,0.9907,
2016,330202,0.9947,
2016,330203,0.9955,
2016,330204,0.9955,
2016,330205,0.9916,
2016,330208,0.9797,
2016,330211,0.9999,
2016,330213,1.0,no_measure_data
2016,330214,0.9991,
2016,330215,0.9897,
2016,330218,0.9807,
2016,330219,0.9987,
2016,330221,0.9841,
2016,330222,0.9999,
2016,330223,0.9926,
2016,330224,0.9998,
2016,330225,0.9962,
2016,330226,0.9975,
2016,330229,0.9949,
2016,330231,0.9933,
2016,330232,0.9966,
2016,330233,0.9907,
2016,330234,0.9972,
2016,330235,0.9895,
2016,330236,0.9834,
2016,330238,0.9992,
2016,330239,0.9966,
2016,330240,0.9981,
2016,330241,0.9939,
2016,330245,0.9963,
2016,330246,0.9754,
2016,330249,1.0,no_measure_data
2016,330250,0.9946,
2016,330259,0.9915,
2016,330261,0.9984,
2016,330263,0.9938,
2016,330264,0.9944,
2016,330265,0.9983,
2016,330267,0.986,
2016,330268,0.9984,
2016,330270,1.0,
2016,330273,0.9943,
2016,330276,0.9821,
2016,330277,0.9869,
2016,330279,1.0,
2016,330285,0.9994,
2016,330286,0.9894,
2016,330304,0.9882,
2016,330306,0.9924,
2016,330307,1.0,
2016,330316,0.9935,
2016,330331,0.9942,
2016,330332,0.9979,
2016,330340,0.9958,
2016,330350,0.9825,
2016,330353,0.9784,
2016,330372,0.9943,
2016,330385,0.998,
2016,330386,0.99,
2016,330393,0.9837,
2016,330394,0.9958,
2016,330395,0.9911,
2016,330396,0.9919,
2016,330397,0.9949,
2016,330399,0.9981,
2016,330401,0.9782,
2016,330403,1.0,
2016,330404,1.0,no_measure_data
2016,330405,1.0,no_measure_data
2016,330406,1.0,no_measure_data
2016,330409,1.0,no_measure_data
2016,340001,0.9986,
2016,340002,1.0,
2016,340003,0.9804,
2016,340004,0.9992,
2016,340008,0.9968,
2016,340010,0.9941,
2016,340011,0.9992,
2016,340013,1.0,
2016,340014,0.9995,
2016,340015,0.9978,
2016,340016,0.9986,
2016,340017,1.0,
2016,340020,0.9933,
2016,340021,0.9983,
2016,340023,0.9857,
2016,340024,0.9925,
2016,340027,0.998,
2016,340028,0.9946,
2016,340030,0.9997,
2016,340032,0.9984,
2016,340036,0.9971,
2016,340037,0.9977,
2016,340038,1.0,
2016,340039,0.9983,
2016,340040,0.9882,
2016,340041,1.0,
2016,340042,0.9821,
2016,340047,0.9937,
2016,340049,1.0,
2016,340050,0.9853,
2016,340051,0.9871,
2016,340053,0.9978,
2016,340055,0.9975,
2016,340060,0.9952,
2016,340061,0.9986,
2016,340064,0.9829,
2016,340068,0.9954,
2016,340069,1.0,
2016,340070,0.9994,
2016,340071,0.9909,
2016,340073,0.989,
2016,340075,0.9978,
2016,340084,0.9975,
2016,340085,0.9975,
2016,340087,0.9965,
2016,340090,0.996,
2016,340091,1.0,
2016,340096,0.9994,
2016,340097,0.9931,
2016,340098,0.9885,
2016,340099,0.9917,
2016,340106,0.996,
2016,340107,0.9905,
2016,340109,0.9991,
2016,340113,0.9997,
2016,340114,0.9993,
2016,340115,0.9982,
2016,340116,0.999,
2016,340119,0.9968,
2016,340120,0.9956,
2016,340123,0.9997,
2016,340126,0.9986,
2016,340127,0.9897,
2016,340129,0.995,
2016,340130,0.9994,
2016,340131,0.9984,
2016,340132,0.9928,
2016,340133,0.992,
2016,340141,0.9914,
2016,340142,0.9985,
2016,340143,0.9893,
2016,340144,0.9986,
2016,340145,0.9989,
2016,340147,0.9912,
2016,340148,1.0,no_measure_data
2016,340151,0.97,
2016,340153,1.0,
2016,340155,0.9984,
2016,340156,1.0,
2016,340158,0.9865,
2016,340159,0.9827,
2016,340160,0.9974,
2016,340166,0.9969,
2016,340168,1.0,no_measure_data
2016,340171,0.9955,
2016,340173,0.9966,
2016,340183,0.9928,
2016,340184,0.9979,
2016,340186,0.9897,
2016,350002,1.0,
2016,350006,0.9997,
2016,350011,1.0,
2016,350015,0.9968,
2016,350019,1.0,
2016,350063,1.0,
2016,350070,0.9993,
2016,360001,0.9785,
2016,360002,0.9995,
2016,360003,0.9969,
2016,360006,0.9911,
2016,360008,0.9905,
2016,360009,0.9943,
2016,360010,0.9971,
2016,360011,0.9851,
2016,360012,0.9954,
2016,360013,1.0,
2016,360014,0.9974,
2016,360016,0.9969,
2016,360017,0.9976,
2016,360019,0.9927,
2016,360020,0.9953,
2016,360025,0.9964,
2016,360026,0.9969,
2016,360027,0.9968,
2016,360029,0.9913,
2016,360032,1.0,
2016,360035,0.9967,
2016,360036,0.9929,
2016,360037,0.9845,
2016,360039,0.9917,
2016,360040,0.9994,
2016,360041,0.9936,
2016,360044,0.9945,
2016,360046,0.9873,
2016,360048,0.9975,
2016,360051,0.9981,
2016,360052,0.9913,
2016,360054,0.9879,
2016,360055,0.9897,
2016,360056,0.9953,
2016,360058,1.0,
2016,360059,0.9897,
2016,360064,0.9951,
2016,360065,0.992,
2016,360066,0.9996,
2016,360068,0.9994,
2016,360070,1.0,
2016,360071,1.0,
2016,360072,0.9921,
2016,360074,0.9989,
2016,360075,0.9954,
2016,360076,0.9969,
2016,360077,0.9951,
2016,360078,0.9893,
2016,360079,0.9977,
2016,360080,0.9854,
2016,360081,0.9935,
2016,360082,0.9966,
2016,360084,0.9934,
2016,360085,0.9974,
2016,360086,0.9931,
2016,360087,0.9952,
2016,360089,0.9994,
2016,360090,0.9872,
2016,360091,0.9939,
2016,360092,0.9913,
2016,360095,1.0,
2016,360096,0.9863,
2016,360098,0.9922,
2016,360101,1.0,
2016,360107,0.9983,
2016,360109,0.992,
2016,360112,0.9958,
2016,360113,0.9952,
2016,360115,1.0,
2016,360116,0.9985,
2016,360118,0.9945,
2016,360121,0.9923,
2016,360123,0.9881,
2016,360125,0.9943,
2016,360131,0.9957,
2016,360132,0.995,
2016,360133,0.993,
2016,360134,0.9993,
2016,360137,0.9928,
2016,360141,0.9822,
2016,360143,0.9918,
2016,360144,0.9932,
2016,360145,0.985,
2016,360147,0.9999,
2016,360148,1.0,
2016,360150,0.9915,
2016,360151,0.9973,
2016,360152,0.9958,
2016,360153,0.9991,
2016,360155,0.9986,
2016,360156,0.9949,
2016,360159,0.9954,
2016,360161,0.9981,
2016,360163,1.0,
2016,360170,0.9977,
2016,360172,0.9951,
2016,360174,0.9811,
2016,360175,0.9987,
2016,360179,1.0,
2016,360180,0.9971,
2016,360185,1.0,
2016,360189,0.9971,
2016,360192,0.9891,
2016,360195,0.988,
2016,360197,1.0,
2016,360203,0.9788,
2016,360210,0.9969,
2016,360211,0.9921,
2016,360212,0.9971,
2016,360218,0.989,
2016,360230,0.9964,
2016,360234,0.9751,
2016,360236,0.9963,
2016,360239,0.9964,
2016,360245,1.0,no_measure_data
2016,360247,1.0,no_measure_data
2016,360258,1.0,no_measure_data
2016,360259,1.0,
2016,360261,1.0,no_measure_data
2016,360262,0.9964,
2016,360263,1.0,
2016,360266,1.0,
2016,360269,1.0,
2016,360270,0.9938,
2016,360271,1.0,no_measure_data
2016,360274,1.0,
2016,360276,0.9827,
2016,360347,1.0,
2016,360348,1.0,
2016,360350,0.9941,
2016,360351,0.9787,
2016,360352,0.97,
2016,360354,0.9915,
2016,360355,1.0,
2016,360356,1.0,
2016,360358,1.0,
2016,360359,0.997,
2016,360360,0.992,
2016,360361,0.97,
2016,360362,1.0,
2016,370001,0.9984,
2016,370002,0.9991,
2016,370004,0.9966,
2016,370006,0.9938,
2016,370007,0.9958,
2016,370008,1.0,
2016,370011,0.9986,
2016,370013,0.9989,
2016,370014,0.9716,
2016,370015,0.9899,
2016,370016,0.9983,
2016,370018,1.0,
2016,370019,1.0,
2016,370020,0.9976,
2016,370022,0.9795,
2016,370023,0.9993,
2016,370025,0.9986,
2016,370026,1.0,
2016,370028,0.9995,
2016,370029,0.9909,
2016,370030,1.0,
2016,370032,1.0,
2016,370034,1.0,
2016,370036,0.9922,
2016,370037,0.995,
2016,370039,0.9858,
2016,370040,0.986,
2016,370041,0.985,
2016,370047,0.9824,
2016,370048,0.9972,
2016,370049,0.9981,
2016,370051,1.0,
2016,370054,0.9987,
2016,370056,0.9931,
2016,370057,0.9876,
2016,370065,0.996,
2016,370072,1.0,
2016,370078,0.9968,
2016,370080,1.0,
2016,370083,0.996,
2016,370089,0.9991,
2016,370091,0.9924,
2016,370093,0.9983,
2016,370094,0.9893,
2016,370097,0.997,
2016,370099,0.9987,
2016,370100,0.9888,
2016,370103,0.998,
2016,370106,0.9981,
2016,370112,1.0,
2016,370113,0.9917,
2016,370114,0.9953,
2016,370138,0.9994,
2016,370139,0.9956,
2016,370149,0.9955,
2016,370153,0.9957,
2016,370156,0.9997,
2016,370158,0.992,
2016,370166,0.9987,
2016,370169,0.9916,
2016,370170,1.0,
2016,370171,1.0,
2016,370172,0.9993,
2016,370173,0.9992,
2016,370178,0.9989,
2016,370180,0.9997,
2016,370183,0.9992,
2016,370190,1.0,
2016,370192,1.0,
2016,370199,1.0,no_measure_data
2016,370201,1.0,
2016,370202,0.9984,
2016,370203,1.0,
2016,370206,1.0,
2016,370210,1.0,
2016,370211,1.0,
2016,370212,0.9946,
2016,370214,1.0,
2016,370215,1.0,
2016,370216,1.0,
2016,370218,0.9916,
2016,370220,1.0,
2016,370222,1.0,
2016,370225,1.0,
2016,370227,0.9947,
2016,370228,0.9984,
2016,370229,0.9998,
2016,370232,1.0,
2016,370233,1.0,no_measure_data
2016,370234,0.9998,
2016,370235,0.97,
2016,370236,0.9959,
2016,380001,0.9921,
2016,380002,0.9991,
2016,380004,0.9997,
2016,380005,1.0,
2016,380007,0.9979,
2016,380009,0.999,
2016,380014,1.0,
2016,380017,0.9969,
2016,380018,0.9963,
2016,380020,0.99,
2016,380021,0.9994,
2016,380022,1.0,
2016,380025,0.9978,
2016,380027,1.0,
2016,380029,0.9938,
2016,380033,0.9976,
2016,380037,0.9991,
2016,380038,0.9929,
2016,380040,1.0,
2016,380047,1.0,
2016,380050,1.0,
2016,380051,0.9997,
2016,380052,1.0,
2016,380056,0.9994,
2016,380060,1.0,
2016,380061,1.0,
2016,380071,0.9983,
2016,380075,0.9939,
2016,380082,0.9959,
2016,380089,0.9999,
2016,380090,0.994,
2016,380091,1.0,
2016,380102,1.0,
2016,380103,1.0,
2016,390001,0.9823,
2016,390002,0.9925,
2016,390003,0.9972,
2016,390004,0.9985,
2016,390006,0.9975,
2016,390008,0.9933,
2016,390009,0.9988,
2016,390012,0.9989,
2016,390013,0.9986,
2016,390016,0.9947,
2016,390019,0.9891,
2016,390025,1.0,no_measure_data
2016,390026,0.9943,
2016,390027,0.991,
2016,390028,0.9911,
2016,390030,0.9828,
2016,390031,0.9932,
2016,390032,0.9938,
2016,390035,1.0,
2016,390036,0.994,
2016,390037,0.9984,
2016,390039,0.9963,
2016,390041,0.9994,
2016,390042,0.9951,
2016,390043,0.9897,
2016,390044,0.9995,
2016,390045,1.0,
2016,390046,0.9981,
2016,390048,0.9982,
2016,390049,0.9993,
2016,390050,0.9971,
2016,390052,0.9948,
2016,390056,0.999,
2016,390057,1.0,
2016,390058,0.996,
2016,390061,0.9998,
2016,390062,0.9982,
2016,390063,1.0,
2016,390065,0.9969,
2016,390066,0.9937,
2016,390067,0.9923,
2016,390068,1.0,
2016,390070,0.9964,
2016,390071,0.9981,
2016,390072,0.9946,
2016,390073,0.999,
2016,390076,0.995,
2016,390079,0.99,
2016,390080,0.9933,
2016,390081,0.9884,
2016,390084,0.9965,
2016,390086,0.9999,
2016,390090,1.0,
2016,390091,0.9972,
2016,390093,0.9955,
2016,390095,0.9954,
2016,390096,1.0,
2016,390097,0.9964,
2016,390100,0.9965,
2016,390101,0.9947,
2016,390102,0.9969,
2016,390104,0.9989,
2016,390107,0.9944,
2016,390108,0.9936,
2016,390110,0.9912,
2016,390111,0.9988,
2016,390112,1.0,
2016,390113,0.9971,
2016,390114,0.9996,
2016,390115,0.9953,
2016,390116,0.9991,
2016,390117,0.9998,
2016,390118,0.9999,
2016,390119,0.9993,
2016,390122,0.9973,
2016,390123,0.9857,
2016,390125,0.9899,
2016,390127,0.9942,
2016,390130,0.9974,
2016,390132,0.9914,
2016,390133,0.9945,
2016,390137,0.9957,
2016,390138,0.9996,
2016,390139,0.9987,
2016,390142,0.9973,
2016,390145,0.9939,
2016,390146,0.9998,
2016,390147,0.9943,
2016,390150,1.0,
2016,390151,0.9883,
2016,390153,0.9982,
2016,390154,1.0,
2016,390156,0.9906,
2016,390157,1.0,
2016,390160,0.9941,
2016,390162,0.9889,
2016,390163,0.9993,
2016,390164,0.9962,
2016,390168,0.9976,
2016,390173,0.9953,
2016,390174,0.981,
2016,390178,0.9967,
2016,390179,0.9948,
2016,390180,0.9908,
2016,390183,0.9944,
2016,390184,0.9955,
2016,390185,0.9786,
2016,390189,0.9993,
2016,390192,0.9945,
2016,390194,0.9946,
2016,390195,0.9991,
2016,390197,0.9995,
2016,390198,0.9957,
2016,390199,0.9968,
2016,390201,0.9984,
2016,390203,0.9935,
2016,390204,0.9893,
2016,390211,0.9877,
2016,390217,0.9961,
2016,390219,0.9924,
2016,390220,0.9829,
2016,390222,0.9985,
2016,390223,0.987,
2016,390225,0.9938,
2016,390226,0.975,
2016,390228,0.9957,
2016,390231,0.978,
2016,390233,0.9942,
2016,390236,0.9836,
2016,390237,0.9948,
2016,390256,0.9986,
2016,390258,0.9945,
2016,390263,0.9933,
2016,390265,0.9894,
2016,390266,1.0,
2016,390267,0.9963,
2016,390268,0.9721,
2016,390270,1.0,
2016,390272,1.0,
2016,390278,1.0,no_measure_data
2016,390290,0.9985,
2016,390302,1.0,
2016,390304,0.9969,
2016,390307,0.9825,
2016,390312,1.0,
2016,390313,0.9972,
2016,390314,0.97,
2016,390316,1.0,
2016,390318,1.0,
2016,390321,1.0,
2016,390322,1.0,
2016,390323,1.0,
2016,390324,0.97,
2016,390325,1.0,
2016,390326,0.9988,
2016,390327,1.0,
2016,390328,0.9967,
2016,390329,0.9963,
2016,410001,0.9971,
2016,410004,0.9985,
2016,410005,0.9842,
2016,410006,1.0,
2016,410007,0.9962,
2016,410008,0.9931,
2016,410009,0.9977,
2016,410010,1.0,
2016,410011,0.9885,
2016,410012,0.9901,
2016,410013,0.9977,
2016,420002,0.9929,
2016,420004,0.994,
2016,420005,0.9983,
2016,420007,1.0,
2016,420009,0.9973,
2016,420010,0.9957,
2016,420011,1.0,
2016,420015,0.9895,
2016,420016,0.9889,
2016,420018,0.9997,
2016,420019,0.9981,
2016,420020,0.9859,
2016,420023,1.0,
2016,420026,0.9991,
2016,420027,0.9946,
2016,420030,0.9909,
2016,420033,0.9982,
2016,420036,0.9914,
2016,420037,0.9996,
2016,420038,0.9997,
2016,420039,0.9906,
2016,420043,0.9956,
2016,420048,0.9941,
2016,420049,0.9962,
2016,420051,0.9988,
2016,420053,0.999,
2016,420054,0.9981,
2016,420055,0.9884,
2016,420056,1.0,
2016,420057,1.0,
2016,420062,0.9961,
2016,420064,1.0,
2016,420065,0.9999,
2016,420066,0.9996,
2016,420067,0.97,
2016,420068,0.9966,
2016,420069,0.9967,
2016,420070,0.9941,
2016,420071,0.9977,
2016,420072,0.9943,
2016,420073,0.9994,
2016,420078,1.0,
2016,420079,0.9903,
2016,420080,0.9926,
2016,420082,0.995,
2016,420083,0.9942,
2016,420085,0.9834,
2016,420086,0.9998,
2016,420087,1.0,
2016,420089,0.9941,
2016,420091,0.9901,
2016,420098,0.9879,
2016,420101,0.994,
2016,420102,1.0,
2016,420103,0.9999,
2016,420104,1.0,
2016,420105,0.9931,
2016,420106,1.0,
2016,430005,0.9998,
2016,430008,1.0,
2016,430012,0.9943,
2016,430013,0.9931,
2016,430014,1.0,
2016,430015,1.0,
2016,430016,1.0,
2016,430027,0.9999,
2016,430048,1.0,
2016,430077,0.9976,
2016,430081,0.9987,
2016,430082,1.0,no_measure_data
2016,430083,1.0,
2016,430084,0.9942,
2016,430089,1.0,
2016,430090,1.0,
2016,430091,1.0,
2016,430092,1.0,
2016,430093,1.0,no_measure_data
2016,430094,1.0,
2016,430095,1.0,
2016,430096,0.97,
2016,430097,1.0,
2016,440001,0.9911,
2016,440002,0.9995,
2016,440003,0.983,
2016,440006,0.9974,
2016,440007,0.9987,
2016,440008,0.9954,
2016,440009,1.0,
2016,440010,1.0,
2016,440011,0.9937,
2016,440012,0.9918,
2016,440015,0.9996,
2016,440016,1.0,
2016,440017,0.9848,
2016,440018,0.9988,
2016,440020,0.9972,
2016,440025,0.9892,
2016,440029,0.9977,
2016,440030,0.9832,
2016,440031,0.9982,
2016,440032,0.9997,
2016,440033,0.9912,
2016,440034,0.9952,
2016,440035,0.9904,
2016,440039,0.9994,
2016,440040,0.9815,
2016,440046,0.9884,
2016,440047,1.0,
2016,440048,1.0,
2016,440049,0.9978,
2016,440050,0.9974,
2016,440051,0.9981,
2016,440053,0.9886,
2016,440054,0.9987,
2016,440056,0.9968,
2016,440057,1.0,
2016,440058,0.9832,
2016,440059,0.9931,
2016,440060,1.0,
2016,440061,0.9912,
2016,440063,0.9874,
2016,440064,0.9969,
2016,440065,0.9908,
2016,440067,0.9846,
2016,440068,0.996,
2016,440070,0.9943,
2016,440072,0.9909,
2016,440073,0.9933,
2016,440081,0.9991,
2016,440082,0.9997,
2016,440083,1.0,
2016,440084,0.9973,
2016,440091,1.0,
2016,440102,0.9915,
2016,440104,1.0,
2016,440109,1.0,
2016,440110,0.9978,
2016,440111,1.0,
2016,440115,0.9975,
2016,440120,0.9999,
2016,440125,0.9974,
2016,440130,0.9971,
2016,440131,0.9959,
2016,440132,0.9727,
2016,440133,0.9978,
2016,440137,0.9986,
2016,440141,0.9952,
2016,440144,0.995,
2016,440148,0.9986,
2016,440150,0.993,
2016,440151,0.999,
2016,440152,1.0,
2016,440153,0.9866,
2016,440156,0.9995,
2016,440159,0.9953,
2016,440161,0.9976,
2016,440168,1.0,
2016,440173,0.9917,
2016,440174,0.9935,
2016,440175,0.9982,
2016,440176,0.9945,
2016,440180,0.9962,
2016,440181,0.9964,
2016,440182,0.9952,
2016,440183,0.9957,
2016,440184,0.9993,
2016,440185,0.9935,
2016,440186,0.999,
2016,440187,0.97,
2016,440189,0.9725,
2016,440192,0.9848,
2016,440193,0.9984,
2016,440194,0.9955,
2016,440197,0.994,
2016,440200,1.0,
2016,440218,1.0,no_measure_data
2016,440227,0.9971,
2016,440228,0.9992,
2016,440231,1.0,no_measure_data
2016,440232,0.9982,
2016,440233,1.0,
2016,440234,1.0,
2016,450002,0.9986,
2016,450005,1.0,
2016,450007,0.9996,
2016,450010,1.0,
2016,450011,0.989,
2016,450015,0.9987,
2016,450018,0.9872,
2016,450021,1.0,
2016,450023,1.0,
2016,450024,0.998,
2016,450028,0.9991,
2016,450029,0.9959,
2016,450032,0.9958,
2016,450033,0.9999,
2016,450034,0.9981,
2016,450035,0.999,
2016,450037,0.9928,
2016,450039,0.9992,
2016,450040,1.0,
2016,450042,0.9977,
2016,450044,0.9972,
2016,450046,0.9972,
2016,450051,0.9969,
2016,450052,0.9997,
2016,450054,0.9958,
2016,450055,0.9973,
2016,450056,0.9902,
2016,450058,0.9939,
2016,450064,0.9974,
2016,450068,0.9996,
2016,450072,0.9854,
2016,450073,0.9973,
2016,450078,0.9968,
2016,450079,1.0,
2016,450080,1.0,
2016,450082,0.9967,
2016,450083,0.9971,
2016,450085,1.0,
2016,450087,0.9981,
2016,450090,0.9988,
2016,450092,0.9968,
2016,450097,0.9977,
2016,450099,0.9954,
2016,450101,0.9959,
2016,450102,1.0,
2016,450104,0.9872,
2016,450107,0.9983,
2016,450108,0.9995,
2016,450119,0.9999,
2016,450123,1.0,
2016,450124,0.9998,
2016,450128,0.9972,
2016,450130,1.0,
2016,450132,0.9875,
2016,450133,1.0,
2016,450135,0.9989,
2016,450137,1.0,
2016,450143,1.0,
2016,450144,0.9988,
2016,450147,0.9987,
2016,450148,0.9965,
2016,450152,0.9904,
2016,450154,0.9961,
2016,450155,1.0,
2016,450162,1.0,
2016,450163,0.9977,
2016,450165,1.0,
2016,450176,0.9983,
2016,450177,1.0,
2016,450178,0.9901,
2016,450184,0.9965,
2016,450187,0.9989,
2016,450188,1.0,
2016,450192,0.9915,
2016,450193,0.9992,
2016,450194,0.9958,
2016,450196,0.9963,
2016,450200,0.9906,
2016,450203,0.9995,
2016,450209,0.9983,
2016,450210,0.9952,
2016,450211,0.9989,
2016,450213,0.9999,
2016,450214,0.9997,
2016,450219,0.9996,
2016,450221,0.9993,
2016,450222,0.9924,
2016,450229,0.9909,
2016,450231,0.9988,
2016,450234,1.0,no_measure_data
2016,450235,0.9997,
2016,450236,0.9999,
2016,450237,1.0,
2016,450241,0.9961,
2016,450243,1.0,
2016,450253,0.9969,
2016,450270,0.9953,
2016,450271,0.9949,
2016,450272,0.9986,
2016,450280,0.9974,
2016,450283,0.996,
2016,450289,0.9974,
2016,450292,0.9993,
2016,450293,1.0,
2016,450296,0.9874,
2016,450299,0.9958,
2016,450306,1.0,
2016,450324,0.9928,
2016,450330,0.9952,
2016,450340,0.9983,
2016,450346,0.9909,
2016,450347,0.9974,
2016,450348,0.9847,
2016,450351,0.9979,
2016,450352,0.9999,
2016,450358,0.9951,
2016,450369,1.0,
2016,450370,1.0,
2016,450372,0.9934,
2016,450373,0.9928,
2016,450379,0.9954,
2016,450388,0.9986,
2016,450389,0.9791,
2016,450395,0.9891,
2016,450399,0.9964,
2016,450400,0.9993,
2016,450403,0.9879,
2016,450411,1.0,
2016,450419,1.0,
2016,450422,1.0,
2016,450424,1.0,
2016,450431,1.0,
2016,450438,0.9978,
2016,450446,1.0,no_measure_data
2016,450447,0.9945,
2016,450451,1.0,
2016,450460,0.9969,
2016,450462,0.9953,
2016,450465,1.0,
2016,450469,0.9995,
2016,450475,0.9922,
2016,450484,0.9901,
2016,450488,1.0,
2016,450489,1.0,
2016,450497,0.9924,
2016,450498,1.0,
2016,450508,0.9974,
2016,450518,0.9996,
2016,450537,0.9975,
2016,450539,0.9937,
2016,450558,0.9999,
2016,450563,1.0,
2016,450565,0.9924,
2016,450571,0.9969,
2016,450573,0.9975,
2016,450578,0.9896,
2016,450580,0.9956,
2016,450584,1.0,
2016,450586,0.9858,
2016,450587,0.9993,
2016,450591,1.0,
2016,450596,0.9996,
2016,450597,0.9954,
2016,450604,1.0,
2016,450605,1.0,
2016,450610,0.9986,
2016,450615,0.9961,
2016,450617,1.0,
2016,450620,0.9833,
2016,450630,1.0,
2016,450634,0.9864,
2016,450638,0.995,
2016,450639,0.9976,
2016,450641,0.9995,
2016,450643,1.0,
2016,450644,0.9988,
2016,450647,0.9992,
2016,450651,0.9992,
2016,450653,0.9932,
2016,450654,0.9874,
2016,450656,0.9908,
2016,450658,1.0,
2016,450659,0.9996,
2016,450661,1.0,
2016,450662,0.9993,
2016,450668,0.9951,
2016,450669,0.9978,
2016,450670,0.9918,
2016,450672,1.0,
2016,450674,1.0,
2016,450675,0.997,
2016,450677,0.9984,
2016,450678,0.9916,
2016,450683,0.9921,
2016,450684,0.9923,
2016,450686,0.9922,
2016,450688,0.9974,
2016,450690,1.0,
2016,450694,0.9956,
2016,450697,0.9962,
2016,450698,1.0,
2016,450702,1.0,
2016,450709,0.998,
2016,450711,0.9954,
2016,450713,0.9872,
2016,450716,0.9996,
2016,450718,0.9988,
2016,450723,0.9993,
2016,450730,0.9997,
2016,450742,0.9923,
2016,450743,0.9958,
2016,450746,1.0,
2016,450747,0.9969,
2016,450749,0.9862,
2016,450754,0.9846,
2016,450755,1.0,
2016,450766,1.0,
2016,450770,0.9954,
2016,450771,1.0,
2016,450774,1.0,
2016,450775,0.9898,
2016,450779,0.9992,
2016,450780,1.0,
2016,450788,0.9975,
2016,450795,0.9991,
2016,450796,0.9908,
2016,450797,1.0,no_measure_data
2016,450801,0.9838,
2016,450803,0.9995,
2016,450804,1.0,
2016,450808,1.0,
2016,450809,0.991,
2016,450813,1.0,
2016,450820,0.997,
2016,450822,0.9976,
2016,450825,1.0,
2016,450827,0.9913,
2016,450828,1.0,
2016,450831,1.0,
2016,450832,0.9943,
2016,450833,1.0,
2016,450834,1.0,
2016,450839,0.9846,
2016,450840,0.9972,
2016,450841,1.0,
2016,450844,0.9946,
2016,450845,1.0,
2016,450847,0.9966,
2016,450848,0.9994,
2016,450851,1.0,
2016,450853,1.0,
2016,450855,1.0,
2016,450856,1.0,
2016,450860,0.97,
2016,450862,0.9914,
2016,450864,1.0,
2016,450865,1.0,
2016,450867,0.9968,
2016,450869,1.0,
2016,450871,1.0,
2016,450872,1.0,
2016,450874,1.0,
2016,450875,1.0,
2016,450876,1.0,
2016,450877,0.9999,
2016,450880,0.97,
2016,450883,1.0,
2016,450884,1.0,
2016,450885,0.9932,
2016,450886,1.0,
2016,450888,0.9904,
2016,450889,1.0,
2016,450890,0.9908,
2016,450891,1.0,no_measure_data
2016,450893,1.0,
2016,450894,0.9843,
2016,460001,1.0,
2016,460003,0.9972,
2016,460004,1.0,
2016,460005,1.0,
2016,460006,1.0,
2016,460007,1.0,
2016,460009,0.9947,
2016,460010,1.0,
2016,460011,0.9995,
2016,460013,0.9744,
2016,460014,0.9969,
2016,460015,1.0,
2016,460017,0.9995,
2016,460019,0.9968,
2016,460021,0.989,
2016,460023,0.998,
2016,460026,0.9964,
2016,460030,1.0,
2016,460033,1.0,
2016,460035,1.0,
2016,460039,1.0,
2016,460041,0.999,
2016,460042,1.0,
2016,460043,1.0,no_measure_data
2016,460044,0.991,
2016,460047,0.9921,
2016,460049,1.0,
2016,460051,0.997,
2016,460052,0.9953,
2016,460054,1.0,
2016,460057,1.0,
2016,460058,0.9984,
2016,460059,1.0,no_measure_data
2016,460060,1.0,
2016,470001,1.0,
2016,470003,0.9998,
2016,470005,0.9994,
2016,470011,0.9995,
2016,470012,1.0,
2016,470024,0.9982,
2016,490001,0.9969,
2016,490002,0.9751,
2016,490004,0.9982,
2016,490005,0.9845,
2016,490007,1.0,
2016,490009,0.994,
2016,490011,0.9934,
2016,490012,0.9965,
2016,490013,1.0,
2016,490017,0.9995,
2016,490018,1.0,
2016,490019,0.9828,
2016,490020,0.9922,
2016,490021,0.9786,
2016,490022,0.9957,
2016,490023,0.97,
2016,490024,0.9906,
2016,490027,0.991,
2016,490032,0.9956,
2016,490033,0.9947,
2016,490037,0.9971,
2016,490038,0.9939,
2016,490040,0.9844,
2016,490041,0.9932,
2016,490042,0.9975,
2016,490043,0.9929,
2016,490044,0.9977,
2016,490045,0.9896,
2016,490046,0.9994,
2016,490048,0.9899,
2016,490050,0.9973,
2016,490052,0.9971,
2016,490053,0.97,
2016,490057,0.982,
2016,490059,0.9987,
2016,490060,0.986,
2016,490063,0.9999,
2016,490066,0.9883,
2016,490067,0.978,
2016,490069,0.9991,
2016,490075,0.9883,
2016,490077,0.9712,
2016,490079,0.9903,
2016,490084,0.9834,
2016,490088,0.9993,
2016,490089,0.9991,
2016,490090,0.9856,
2016,490092,0.9915,
2016,490093,0.9977,
2016,490094,0.9986,
2016,490097,0.9755,
2016,490098,0.9952,
2016,490101,0.9835,
2016,490104,1.0,no_measure_data
2016,490105,1.0,
2016,490106,1.0,no_measure_data
2016,490107,0.97,
2016,490109,1.0,
2016,490110,0.994,
2016,490111,0.997,
2016,490112,0.9787,
2016,490113,0.9887,
2016,490114,0.9945,
2016,490115,0.9972,
2016,490116,0.9871,
2016,490117,0.9962,
2016,490118,0.9947,
2016,490119,0.9986,
2016,490120,0.9716,
2016,490122,0.9966,
2016,490123,0.9989,
2016,490126,0.9935,
2016,490127,0.9724,
2016,490130,0.9924,
2016,490134,1.0,no_measure_data
2016,490135,1.0,
2016,490136,0.9742,
2016,490140,0.9926,
2016,490141,0.9939,
2016,490143,1.0,
2016,490144,1.0,no_measure_data
2016,500001,0.9989,
2016,500002,1.0,
2016,500003,1.0,
2016,500005,0.9985,
2016,500007,0.9966,
2016,500008,0.999,
2016,500011,1.0,
2016,500012,0.9957,
2016,500014,0.9991,
2016,500015,0.9999,
2016,500016,1.0,
2016,500019,0.993,
2016,500021,0.9939,
2016,500024,1.0,
2016,500025,0.9978,
2016,500026,0.9977,
2016,500027,0.9984,
2016,500030,1.0,
2016,500031,0.9944,
2016,500033,0.9945,
2016,500036,1.0,
2016,500037,0.994,
2016,500039,0.9987,
2016,500041,1.0,
2016,500044,0.9991,
2016,500049,0.9943,
2016,500050,0.9922,
2016,500051,0.9962,
2016,500052,1.0,no_measure_data
2016,500053,0.9972,
2016,500054,1.0,
2016,500058,0.9988,
2016,500060,0.9993,
2016,500064,0.9999,
2016,500072,1.0,
2016,500077,0.9964,
2016,500079,0.9932,
2016,500084,0.9998,
2016,500088,0.9912,
2016,500108,0.9908,
2016,500119,0.9897,
2016,500124,1.0,
2016,500129,0.9976,
2016,500139,0.999,
2016,500141,0.9978,
2016,500148,1.0,
2016,500150,0.9899,
2016,500151,0.9999,
2016,500152,0.9929,
2016,500153,1.0,no_measure_data
2016,510001,0.9941,
2016,510002,0.9856,
2016,510006,0.9895,
2016,510007,0.9958,
2016,510008,0.9903,
2016,510012,0.9948,
2016,510013,0.9952,
2016,510018,1.0,no_measure_data
2016,510022,0.9969,
2016,510023,0.9975,
2016,510024,0.9901,
2016,510029,0.9895,
2016,510030,0.9832,
2016,510031,0.9991,
2016,510038,0.97,
2016,510039,0.989,
2016,510046,0.9817,
2016,510047,0.9955,
2016,510048,0.9877,
2016,510050,0.9849,
2016,510053,1.0,no_measure_data
2016,510055,0.9983,
2016,510058,0.991,
2016,510059,1.0,no_measure_data
2016,510062,0.9937,
2016,510070,0.9879,
2016,510071,0.992,
2016,510072,1.0,
2016,510077,0.972,
2016,510082,0.9964,
2016,510085,0.9974,
2016,510086,0.9905,
2016,520002,0.9854,
2016,520004,0.9992,
2016,520008,0.9986,
2016,520009,0.9912,
2016,520011,0.9989,
2016,520013,0.9996,
2016,520017,0.9992,
2016,520019,0.9981,
2016,520021,0.9942,
2016,520027,0.9945,
2016,520028,0.9942,
2016,520030,1.0,
2016,520033,0.9978,
2016,520034,0.9917,
2016,520035,0.999,
2016,520037,0.9957,
2016,520038,0.9991,
2016,520041,0.9971,
2016,520044,0.9921,
2016,520045,1.0,
2016,520048,0.9996,
2016,520049,0.9997,
2016,520051,0.9983,
2016,520057,0.9994,
2016,520059,0.996,
2016,520062,0.9981,
2016,520063,0.9961,
2016,520066,0.9969,
2016,520070,1.0,
2016,520071,1.0,
2016,520075,0.9994,
2016,520076,1.0,
2016,520078,0.9984,
2016,520083,0.988,
2016,520087,1.0,
2016,520088,0.9988,
2016,520089,0.9985,
2016,520091,0.9991,
2016,520095,1.0,
2016,520096,0.9955,
2016,520097,0.9965,
2016,520098,0.9995,
2016,520100,0.9952,
2016,520102,1.0,
2016,520103,0.9963,
2016,520107,1.0,
2016,520109,1.0,
2016,520113,0.9998,
2016,520116,0.9984,
2016,520136,0.9946,
2016,520138,0.9917,
2016,520139,0.9901,
2016,520160,1.0,
2016,520177,0.9911,
2016,520189,0.9956,
2016,520193,1.0,
2016,520194,1.0,
2016,520195,1.0,no_measure_data
2016,520196,1.0,
2016,520198,0.9991,
2016,520202,0.9996,
2016,520204,0.9987,
2016,520205,1.0,
2016,520206,1.0,
2016,520207,0.9874,
2016,520208,0.9947,
2016,530002,0.9904,
2016,530006,0.9997,
2016,530008,1.0,
2016,530010,0.9956,
2016,530011,0.998,
2016,530012,0.9924,
2016,530014,0.9991,
2016,530015,0.9918,
2016,530025,0.9998,
2016,530032,0.9992,
2016,530033,1.0,
2016,670002,1.0,
2016,670004,0.999,
2016,670005,0.97,
2016,670006,1.0,
2016,670008,1.0,
2016,670012,1.0,
2016,670018,1.0,
2016,670019,0.9998,
2016,670021,1.0,
2016,670023,0.9959,
2016,670024,0.9922,
2016,670025,1.0,
2016,670029,1.0,
2016,670031,0.9923,
2016,670034,1.0,
2016,670041,1.0,
2016,670043,0.9867,
2016,670044,0.9856,
2016,670046,1.0,
2016,670047,0.9934,
2016,670049,1.0,
2016,670050,1.0,
2016,670052,0.9951,
2016,670053,1.0,
2016,670054,1.0,
2016,670055,0.9986,
2016,670056,0.9928,
2016,670058,1.0,
2016,670059,0.999,
2016,670060,0.9995,
2016,670061,0.97,
2016,670062,1.0,
2016,670063,1.0,
2016,670064,1.0,
2016,670066,1.0,
2016,670067,0.97,
2016,670068,0.9926,
2016,670069,1.0,
2016,670070,1.0,no_measure_data
2016,670071,1.0,
2016,670072,1.0,no_measure_data
2016,670073,1.0,
2016,670075,0.9991,
2016,670076,0.97,
2016,670077,0.9993,
2016,670078,1.0,
2016,670079,0.998,
2016,670080,0.9968,
2016,670081,1.0,no_measure_data
2016,670082,0.9889,
2016,670083,1.0,
2016,670085,0.9992,
2016,670087,1.0,
2016,670088,0.9995,
2016,670089,1.0,
2016,670090,1.0,
2016,670091,1.0,
2016,670092,1.0,
2016,670899,1.0,no_measure_data
2017,010001,0.9935,
2017,010005,0.9911,
2017,010006,0.9942,
2017,010007,0.999,
2017,010008,0.9981,
2017,010011,0.9931,
2017,010012,0.9852,
2017,010016,0.9944,
2017,010018,1.0,no_measure_data
2017,010019,0.9894,
2017,010021,0.996,
2017,010022,1.0,
2017,010023,0.9913,
2017,010024,0.9951,
2017,010025,1.0,no_measure_data
2017,010027,1.0,no_measure_data
2017,010029,0.9815,
2017,010032,1.0,
2017,010033,0.9946,
2017,010034,0.9997,
2017,010035,0.9975,
2017,010036,0.9964,
2017,010038,0.9914,
2017,010039,0.9971,
2017,010040,0.9793,
2017,010043,1.0,no_measure_data
2017,010044,1.0,
2017,010045,0.9768,
2017,010046,0.9935,
2017,010047,0.9923,
2017,010049,0.9955,
2017,010050,1.0,no_measure_data
2017,010051,0.998,
2017,010052,0.997,
2017,010054,1.0,no_measure_data
2017,010055,0.996,
2017,010056,0.9849,
2017,010058,0.9933,
2017,010059,0.9992,
2017,010061,0.9986,
2017,010062,1.0,
2017,010065,0.987,
2017,010066,1.0,no_measure_data
2017,010069,0.9984,
2017,010073,1.0,
2017,010078,0.9832,
2017,010079,0.9888,
2017,010083,0.9878,
2017,010085,0.9953,
2017,010086,0.9947,
2017,010087,0.9999,
2017,010089,0.991,
2017,010090,0.9892,
2017,010091,1.0,
2017,010092,0.9856,
2017,010095,1.0,
2017,010097,0.9995,
2017,010099,0.9967,
2017,010100,0.9984,
2017,010101,0.9964,
2017,010102,1.0,
2017,010103,0.9938,
2017,010104,0.9907,
2017,010108,0.9947,
2017,010109,0.995,
2017,010110,0.9969,
2017,010112,0.9942,
2017,010113,0.9908,
2017,010114,0.9998,
2017,010118,0.9922,
2017,010120,0.9827,
2017,010125,1.0,
2017,010126,0.9928,
2017,010128,0.9999,
2017,010129,0.9972,
2017,010130,0.9708,
2017,010131,0.9933,
2017,010137,1.0,no_measure_data
2017,010138,1.0,
2017,010139,0.9874,
2017,010144,0.9908,
2017,010146,0.9906,
2017,010148,0.9922,
2017,010149,0.9995,
2017,010150,0.9984,
2017,010152,1.0,no_measure_data
2017,010157,0.9892,
2017,010158,0.9754,
2017,010164,0.9898,
2017,010168,1.0,
2017,010169,0.9983,
2017,020001,1.0,
2017,020006,0.9908,
2017,020008,0.9996,
2017,020012,0.9992,
2017,020017,0.9881,
2017,020018,1.0,
2017,020024,0.9872,
2017,020026,0.9977,
2017,020027,1.0,no_measure_data
2017,030001,0.9978,
2017,030002,0.9996,
2017,030006,0.998,
2017,030007,0.999,
2017,030010,0.9991,
2017,030011,0.9995,
2017,030012,0.9952,
2017,030013,0.9831,
2017,030014,0.9984,
2017,030016,0.9952,
2017,030022,0.9996,
2017,030023,1.0,
2017,030024,0.999,
2017,030030,0.9986,
2017,030033,0.9859,
2017,030036,0.9999,
2017,030037,0.9998,
2017,030038,0.9953,
2017,030043,0.9934,
2017,030055,0.9793,
2017,030061,0.9997,
2017,030062,1.0,
2017,030064,0.9977,
2017,030065,0.994,
2017,030067,1.0,no_measure_data
2017,030068,0.9951,
2017,030069,0.9877,
2017,030071,0.9922,
2017,030073,0.994,
2017,030074,1.0,
2017,030077,1.0,
2017,030078,1.0,
2017,030083,0.9931,
2017,030084,0.9911,
2017,030085,0.9962,
2017,030087,0.9996,
2017,030088,0.9949,
2017,030089,0.9973,
2017,030092,0.9957,
2017,030093,0.9882,
2017,030094,0.9997,
2017,030100,1.0,no_measure_data
2017,030101,0.9833,
2017,030103,1.0,
2017,030105,1.0,
2017,030107,1.0,
2017,030108,0.9846,
2017,030110,0.9922,
2017,030111,0.9978,
2017,030112,0.97,
2017,030113,1.0,
2017,030114,1.0,
2017,030115,0.9976,
2017,030117,0.9934,
2017,030118,0.9947,
2017,030119,0.9934,
2017,030120,0.9994,
2017,030121,0.9904,
2017,030122,0.9954,
2017,030123,1.0,
2017,030126,1.0,no_measure_data
2017,030130,0.9964,
2017,030131,1.0,
2017,030132,0.9966,
2017,030134,0.9967,
2017,030136,1.0,no_measure_data
2017,040001,0.9956,
2017,040002,0.9963,
2017,040004,0.9994,
2017,040007,0.9979,
2017,040010,0.9951,
2017,040011,0.97,
2017,040014,0.9942,
2017,040015,0.9992,
2017,040016,0.9947,
2017,040017,1.0,
2017,040018,0.9986,
2017,040019,0.9886,
2017,040020,0.9839,
2017,040022,0.9872,
2017,040026,0.9982,
2017,040027,0.9963,
2017,040029,0.993,
2017,040036,0.9821,
2017,040039,0.9804,
2017,040041,0.9939,
2017,040042,1.0,no_measure_data
2017,040047,0.9976,
2017,040050,1.0,
2017,040051,0.9967,
2017,040055,0.9883,
2017,040062,0.9942,
2017,040067,0.9849,
2017,040069,0.9829,
2017,040071,0.9927,
2017,040072,0.9963,
2017,040074,0.9944,
2017,040076,0.97,
2017,040078,0.9813,
2017,040080,1.0,no_measure_data
2017,040084,0.9863,
2017,040085,0.9821,
2017,040088,0.9981,
2017,040091,1.0,no_measure_data
2017,040114,0.9949,
2017,040118,0.9955,
2017,040119,0.9746,
2017,040132,1.0,no_measure_data
2017,040134,0.9984,
2017,040137,0.9906,
2017,040147,1.0,
2017,040152,0.97,
2017,040153,0.9918,
2017,050002,0.9778,
2017,050006,1.0,
2017,050007,0.9999,
2017,050008,1.0,
2017,050009,0.9958,
2017,050013,0.9981,
2017,050014,0.9991,
2017,050016,1.0,no_measure_data
2017,050017,0.9947,
2017,050018,0.9972,
2017,050022,0.9916,
2017,050024,0.9989,
2017,050025,0.9984,
2017,050026,0.9992,
2017,050028,1.0,
2017,050030,0.97,
2017,050036,0.99,
2017,050038,0.997,
2017,050039,0.9844,
2017,050040,0.9971,
2017,050042,1.0,
2017,050043,0.9866,
2017,050045,0.9968,
2017,050046,1.0,no_measure_data
2017,050047,0.9981,
2017,050054,1.0,
2017,050055,0.9979,
2017,050056,0.9913,
2017,050057,0.9988,
2017,050058,0.988,
2017,050060,0.9907,
2017,050063,0.9879,
2017,050067,0.9948,
2017,050069,1.0,
2017,050070,1.0,
2017,050071,0.9999,
2017,050072,1.0,
2017,050073,0.9975,
2017,050075,0.9997,
2017,050076,1.0,
2017,050077,0.9923,
2017,050078,0.9957,
2017,050079,1.0,no_measure_data
2017,050082,0.995,
2017,050084,0.9934,
2017,050089,0.9987,
2017,050090,1.0,
2017,050091,0.9879,
2017,050093,0.9922,
2017,050096,1.0,
2017,050099,0.9989,
2017,050100,0.9999,
2017,050101,0.9799,
2017,050102,0.9959,
2017,050103,0.9944,
2017,050104,0.999,
2017,050107,1.0,
2017,050108,0.9987,
2017,050110,0.9986,
2017,050111,1.0,no_measure_data
2017,050112,0.9801,
2017,050113,0.9992,
2017,050115,0.9999,
2017,050116,0.9929,
2017,050118,0.9917,
2017,050121,0.991,
2017,050122,0.9948,
2017,050124,0.9884,
2017,050125,0.9845,
2017,050126,0.9948,
2017,050127,0.9985,
2017,050128,0.9963,
2017,050129,0.9944,
2017,050131,0.9986,
2017,050132,0.9879,
2017,050133,0.9903,
2017,050135,0.9918,
2017,050136,1.0,
2017,050137,1.0,
2017,050138,1.0,
2017,050139,0.9992,
2017,050140,0.9983,
2017,050145,0.9998,
2017,050149,0.9944,
2017,050150,0.9946,
2017,050152,0.9917,
2017,050153,0.9925,
2017,050158,0.9885,
2017,050159,0.9995,
2017,050167,0.9988,
2017,050168,0.9993,
2017,050169,0.9994,
2017,050174,1.0,
2017,050179,0.986,
2017,050180,0.998,
2017,050189,0.9991,
2017,050191,0.9957,
2017,050192,0.9999,
2017,050194,0.9952,
2017,050195,0.9845,
2017,050196,1.0,no_measure_data
2017,050197,1.0,
2017,050204,0.9949,
2017,050205,1.0,
2017,050211,0.9817,
2017,050222,0.9943,
2017,050224,1.0,
2017,050225,0.9999,
2017,050226,0.9958,
2017,050228,0.9945,
2017,050230,0.9996,
2017,050231,0.998,
2017,050232,0.9996,
2017,050234,0.9994,
2017,050235,0.9906,
2017,050236,0.9887,
2017,050238,0.9997,
2017,050239,0.9749,
2017,050242,0.9997,
2017,050243,0.9863,
2017,050245,0.999,
2017,050248,0.9977,
2017,050254,0.9942,
2017,050257,0.9981,
2017,050261,0.9935,
2017,050262,0.9953,
2017,050272,0.9998,
2017,050276,1.0,
2017,050277,1.0,no_measure_data
2017,050278,0.9951,
2017,050279,0.9964,
2017,050280,1.0,
2017,050281,1.0,
2017,050283,0.9922,
2017,050289,0.9939,
2017,050290,1.0,
2017,050291,1.0,
2017,050292,0.9974,
2017,050295,0.9918,
2017,050296,0.9984,
2017,050298,0.994,
2017,050300,0.9902,
2017,050301,0.9997,
2017,050305,0.9982,
2017,050308,0.9947,
2017,050309,1.0,
2017,050313,0.9995,
2017,050315,0.999,
2017,050320,0.9993,
2017,050324,1.0,
2017,050327,0.9928,
2017,050329,0.989,
2017,050334,0.9943,
2017,050335,0.9996,
2017,050336,0.9954,
2017,050342,0.9919,
2017,050348,0.9985,
2017,050349,1.0,no_measure_data
2017,050350,0.9931,
2017,050351,0.9931,
2017,050352,1.0,
2017,050353,0.9931,
2017,050357,1.0,
2017,050359,0.9952,
2017,050360,0.9993,
2017,050367,0.9962,
2017,050373,0.9981,
2017,050376,0.9984,
2017,050378,0.9949,
2017,050380,0.9978,
2017,050382,0.9946,
2017,050385,1.0,no_measure_data
2017,050390,0.9876,
2017,050393,0.9963,
2017,050394,0.9984,
2017,050396,0.9987,
2017,050397,1.0,
2017,050407,0.9846,
2017,050411,1.0,
2017,050414,0.9915,
2017,050417,0.9987,
2017,050423,0.9949,
2017,050424,1.0,
2017,050425,0.9997,
2017,050426,0.9966,
2017,050434,1.0,no_measure_data
2017,050435,1.0,no_measure_data
2017,050438,0.9984,
2017,050441,0.9989,
2017,050444,0.9919,
2017,050448,1.0,no_measure_data
2017,050454,0.998,
2017,050455,0.9935,
2017,050457,0.9985,
2017,050464,0.9936,
2017,050468,0.9972,
2017,050471,0.9888,
2017,050481,0.9936,
2017,050485,0.9972,
2017,050488,0.9956,
2017,050492,0.9989,
2017,050496,1.0,
2017,050498,0.9994,
2017,050502,0.9957,
2017,050503,1.0,
2017,050506,1.0,
2017,050510,1.0,
2017,050512,1.0,
2017,050515,1.0,
2017,050516,0.9857,
2017,050517,0.9927,
2017,050523,0.99,
2017,050526,0.9946,
2017,050528,0.9985,
2017,050531,1.0,no_measure_data
2017,050534,0.9931,
2017,050537,0.9739,
2017,050541,1.0,
2017,050543,1.0,no_measure_data
2017,050545,1.0,no_measure_data
2017,050546,0.9918,
2017,050547,1.0,no_measure_data
2017,050548,1.0,
2017,050549,0.9938,
2017,050551,0.9975,
2017,050552,1.0,
2017,050557,0.9974,
2017,050561,1.0,
2017,050567,0.9966,
2017,050568,0.9932,
2017,050570,0.9979,
2017,050573,0.9999,
2017,050575,0.9999,
2017,050580,0.9916,
2017,050581,0.991,
2017,050586,1.0,
2017,050588,0.9997,
2017,050589,0.9848,
2017,050590,0.9956,
2017,050597,0.9958,
2017,050599,0.9982,
2017,050603,0.9969,
2017,050604,0.9987,
2017,050608,0.9905,
2017,050609,0.9999,
2017,050616,0.9981,
2017,050618,1.0,no_measure_data
2017,050624,0.9862,
2017,050625,0.9982,
2017,050633,0.9914,
2017,050636,0.9912,
2017,050641,0.9974,
2017,050644,1.0,no_measure_data
2017,050663,0.9965,
2017,050668,0.9817,
2017,050674,0.9991,
2017,050677,1.0,
2017,050678,0.9912,
2017,050684,0.9884,
2017,050686,1.0,
2017,050688,0.9964,
2017,050689,0.9977,
2017,050690,1.0,
2017,050696,0.9989,
2017,050697,1.0,
2017,050701,0.9946,
2017,050704,0.9986,
2017,050708,1.0,
2017,050709,0.9844,
2017,050710,1.0,
2017,050714,1.0,
2017,050717,1.0,
2017,050723,1.0,
2017,050724,0.9919,
2017,050726,0.9857,
2017,050727,0.998,
2017,050732,1.0,no_measure_data
2017,050735,0.9997,
2017,050736,0.9917,
2017,050737,0.9865,
2017,050738,0.9999,
2017,050739,0.9847,
2017,050740,1.0,
2017,050742,0.9825,
2017,050744,0.9983,
2017,050745,1.0,
2017,050746,0.9999,
2017,050747,1.0,
2017,050748,1.0,
2017,050749,1.0,no_measure_data
2017,050751,1.0,
2017,050752,1.0,no_measure_data
2017,050754,1.0,no_measure_data
2017,050755,0.99,
2017,050757,0.998,
2017,050758,0.9993,
2017,050760,0.9997,
2017,050761,0.9927,
2017,050763,1.0,
2017,050764,0.9939,
2017,050765,1.0,
2017,050766,1.0,
2017,050767,1.0,
2017,050768,1.0,no_measure_data
2017,050769,1.0,
2017,050770,0.9892,
2017,050771,0.9998,
2017,050772,1.0,
2017,050773,0.9978,
2017,050774,1.0,no_measure_data
2017,050775,0.9922,
2017,050776,1.0,
2017,050777,1.0,
2017,050778,1.0,no_measure_data
2017,060001,1.0,
2017,060003,0.9875,
2017,060004,0.999,
2017,060006,1.0,
2017,060008,0.9987,
2017,060009,0.999,
2017,060010,1.0,
2017,060011,1.0,
2017,060012,1.0,
2017,060013,1.0,
2017,060014,0.9987,
2017,060015,1.0,
2017,060016,0.9999,
2017,060020,0.9998,
2017,060022,0.9999,
2017,060023,0.9999,
2017,060024,0.9964,
2017,060027,0.9945,
2017,060028,0.9997,
2017,060030,1.0,
2017,060031,0.999,
2017,060032,0.9902,
2017,060034,0.9996,
2017,060036,1.0,
2017,060043,1.0,
2017,060044,0.9995,
2017,060049,1.0,
2017,060054,1.0,
2017,060064,0.9996,
2017,060065,0.9991,
2017,060071,1.0,
2017,060075,1.0,
2017,060076,1.0,
2017,060096,1.0,
2017,060100,0.9955,
2017,060103,0.9803,
2017,060104,0.9997,
2017,060107,1.0,
2017,060112,0.9998,
2017,060113,0.9988,
2017,060114,0.9934,
2017,060116,1.0,
2017,060117,1.0,
2017,060118,0.9898,
2017,060119,0.9982,
2017,060124,1.0,
2017,060125,0.9941,
2017,060126,1.0,no_measure_data
2017,070001,1.0,no_measure_data
2017,070002,0.9928,
2017,070003,0.9947,
2017,070004,0.997,
2017,070005,0.9896,
2017,070006,0.9971,
2017,070007,0.9985,
2017,070008,0.9853,
2017,070010,0.9927,
2017,070011,0.9887,
2017,070012,0.9817,
2017,070015,1.0,no_measure_data
2017,070016,0.9982,
2017,070017,0.9889,
2017,070018,0.9917,
2017,070019,0.9851,
2017,070020,0.9975,
2017,070021,0.9958,
2017,070022,0.9809,
2017,070024,0.9929,
2017,070025,0.9951,
2017,070027,0.9895,
2017,070028,0.9941,
2017,070029,0.9901,
2017,070031,0.9948,
2017,070033,0.9948,
2017,070034,0.9957,
2017,070035,0.9944,
2017,070036,0.9967,
2017,070038,1.0,no_measure_data
2017,070039,0.996,
2017,070040,1.0,
2017,080001,0.9988,
2017,080003,0.9956,
2017,080004,0.9815,
2017,080006,0.9987,
2017,080007,0.9951,
2017,080009,0.992,
2017,090001,0.9958,
2017,090003,0.9924,
2017,090004,0.9982,
2017,090005,1.0,
2017,090006,0.9837,
2017,090008,0.995,
2017,090011,0.9963,
2017,100001,0.9903,
2017,100002,0.9983,
2017,100006,0.998,
2017,100007,0.9817,
2017,100008,0.9978,
2017,100009,0.9941,
2017,100012,0.9827,
2017,100014,0.9958,
2017,100017,0.9962,
2017,100018,1.0,
2017,100019,0.9856,
2017,100022,0.9928,
2017,100023,0.9914,
2017,100025,0.9982,
2017,100026,0.997,
2017,100028,0.9998,
2017,100029,0.9849,
2017,100030,0.9987,
2017,100032,0.9886,
2017,100034,0.9929,
2017,100035,0.9974,
2017,100038,0.9995,
2017,100039,0.9987,
2017,100040,0.9902,
2017,100043,0.9978,
2017,100044,0.9923,
2017,100045,0.991,
2017,100046,0.9978,
2017,100047,0.9946,
2017,100048,0.9962,
2017,100049,0.9939,
2017,100050,0.97,
2017,100051,0.9978,
2017,100052,0.9946,
2017,100053,0.9864,
2017,100054,0.9931,
2017,100055,0.9957,
2017,100057,0.9879,
2017,100062,0.9957,
2017,100063,0.9897,
2017,100067,0.9909,
2017,100068,0.992,
2017,100069,0.9977,
2017,100070,1.0,
2017,100071,0.9964,
2017,100072,0.9893,
2017,100073,0.9993,
2017,100075,0.9929,
2017,100076,1.0,no_measure_data
2017,100077,0.9833,
2017,100080,0.9876,
2017,100081,0.9871,
2017,100084,0.9803,
2017,100086,0.9959,
2017,100087,1.0,
2017,100088,0.9983,
2017,100090,0.9972,
2017,100092,0.9887,
2017,100093,1.0,
2017,100099,0.9743,
2017,100102,0.9864,
2017,100105,0.9975,
2017,100106,0.9957,
2017,100107,0.9937,
2017,100109,0.9904,
2017,100110,0.9752,
2017,100113,0.9938,
2017,100117,0.9965,
2017,100118,0.9941,
2017,100121,0.9982,
2017,100122,0.9934,
2017,100124,0.9932,
2017,100125,0.9993,
2017,100126,0.9864,
2017,100127,0.9987,
2017,100128,0.9977,
2017,100130,0.9963,
2017,100131,0.9802,
2017,100132,0.9971,
2017,100134,1.0,
2017,100135,0.9972,
2017,100137,0.9862,
2017,100139,1.0,no_measure_data
2017,100140,0.9986,
2017,100142,0.9941,
2017,100150,0.9864,
2017,100151,0.9988,
2017,100154,0.9989,
2017,100156,0.9912,
2017,100157,0.9726,
2017,100161,0.9854,
2017,100166,0.9967,
2017,100167,0.9915,
2017,100168,0.9919,
2017,100173,0.9931,
2017,100175,0.9993,
2017,100176,0.995,
2017,100177,1.0,
2017,100179,0.9869,
2017,100180,0.9894,
2017,100181,0.9989,
2017,100183,0.9922,
2017,100187,0.9867,
2017,100189,0.9838,
2017,100191,0.9885,
2017,100200,0.9963,
2017,100204,0.9806,
2017,100206,0.989,
2017,100209,0.9831,
2017,100211,0.9993,
2017,100212,0.9927,
2017,100213,0.9887,
2017,100217,0.9808,
2017,100220,0.9881,
2017,100223,0.9907,
2017,100224,0.9829,
2017,100226,0.9933,
2017,100228,0.9925,
2017,100230,0.9976,
2017,100231,0.9905,
2017,100232,0.9985,
2017,100234,0.9943,
2017,100236,0.992,
2017,100238,0.9855,
2017,100239,1.0,no_measure_data
2017,100240,1.0,no_measure_data
2017,100242,0.9953,
2017,100243,0.9943,
2017,100244,0.9893,
2017,100246,0.9739,
2017,100248,0.986,
2017,100249,0.9992,
2017,100252,0.9808,
2017,100253,0.9973,
2017,100254,0.9881,
2017,100255,0.9947,
2017,100256,0.9857,
2017,100258,0.9938,
2017,100259,0.9818,
2017,100260,0.97,
2017,100264,0.9904,
2017,100265,1.0,
2017,100266,0.9953,
2017,100267,1.0,
2017,100268,0.9899,
2017,100269,0.9895,
2017,100275,0.9852,
2017,100276,0.9845,
2017,100277,0.9986,
2017,100281,1.0,
2017,100284,0.9883,
2017,100285,0.9938,
2017,100286,0.9813,
2017,100287,0.995,
2017,100288,0.992,
2017,100289,0.9986,
2017,100290,0.9961,
2017,100291,0.9872,
2017,100292,0.9982,
2017,100296,0.9955,
2017,100299,1.0,
2017,100302,0.9949,
2017,100307,0.9906,
2017,100313,1.0,
2017,100314,0.997,
2017,100315,0.978,
2017,100316,0.97,
2017,100317,1.0,no_measure_data
2017,100319,0.9973,
2017,100320,0.9982,
2017,100321,0.9715,
2017,100322,1.0,
2017,100324,1.0,no_measure_data
2017,100325,1.0,no_measure_data
2017,110001,0.9952,
2017,110002,0.9936,
2017,110003,0.9929,
2017,110004,0.9993,
2017,110005,0.999,
2017,110006,1.0,
2017,110007,0.9928,
2017,110008,0.9944,
2017,110010,0.9993,
2017,110011,0.9944,
2017,110015,0.9969,
2017,110016,0.9978,
2017,110018,0.9864,
2017,110023,0.9993,
2017,110024,1.0,
2017,110025,0.9973,
2017,110026,0.9949,
2017,110027,1.0,
2017,110028,0.9887,
2017,110029,0.9972,
2017,110030,0.9995,
2017,110031,0.988,
2017,110032,0.9929,
2017,110034,0.999,
2017,110035,0.9957,
2017,110036,0.9967,
2017,110038,0.9936,
2017,110039,0.9953,
2017,110040,0.9917,
2017,110041,0.972,
2017,110042,0.9948,
2017,110043,0.9977,
2017,110044,0.9986,
2017,110045,0.9983,
2017,110046,0.9972,
2017,110050,1.0,
2017,110051,0.9961,
2017,110054,0.9992,
2017,110064,0.9982,
2017,110069,0.9779,
2017,110071,0.9996,
2017,110073,0.9886,
2017,110074,0.9999,
2017,110075,0.9965,
2017,110076,0.9965,
2017,110078,0.9995,
2017,110079,0.9967,
2017,110082,0.9961,
2017,110083,0.9942,
2017,110086,0.9939,
2017,110087,0.9999,
2017,110089,0.9889,
2017,110091,0.9911,
2017,110092,0.9938,
2017,110095,0.999,
2017,110100,0.9959,
2017,110101,1.0,
2017,110104,0.9967,
2017,110105,0.9889,
2017,110107,0.9912,
2017,110109,0.9764,
2017,110111,0.9795,
2017,110112,1.0,no_measure_data
2017,110113,0.9847,
2017,110115,0.9945,
2017,110121,1.0,
2017,110122,0.9849,
2017,110124,0.991,
2017,110125,0.9984,
2017,110128,0.9919,
2017,110129,0.9994,
2017,110130,0.9998,
2017,110132,0.995,
2017,110135,1.0,
2017,110142,1.0,
2017,110143,0.9991,
2017,110146,0.9983,
2017,110150,0.9994,
2017,110153,0.9872,
2017,110161,1.0,
2017,110163,1.0,no_measure_data
2017,110164,0.9964,
2017,110165,0.993,
2017,110168,0.9909,
2017,110177,0.99,
2017,110183,1.0,no_measure_data
2017,110184,0.9992,
2017,110186,1.0,no_measure_data
2017,110187,0.9741,
2017,110189,0.9987,
2017,110190,1.0,
2017,110191,0.9735,
2017,110192,0.9855,
2017,110194,0.999,
2017,110198,0.988,
2017,110200,0.9923,
2017,110201,0.9983,
2017,110203,1.0,no_measure_data
2017,110205,0.9861,
2017,110209,1.0,no_measure_data
2017,110215,0.9847,
2017,110219,1.0,no_measure_data
2017,110225,0.9901,
2017,110226,0.9938,
2017,110229,0.9984,
2017,110230,0.9931,
2017,110233,1.0,
2017,110234,1.0,
2017,110235,1.0,no_measure_data
2017,120001,0.9996,
2017,120002,0.9981,
2017,120004,0.9958,
2017,120005,0.9962,
2017,120006,0.9919,
2017,120007,0.9989,
2017,120011,0.9981,
2017,120014,0.9992,
2017,120019,0.9972,
2017,120022,0.9997,
2017,120026,0.9966,
2017,120028,1.0,
2017,130002,1.0,
2017,130003,0.9997,
2017,130006,1.0,
2017,130007,1.0,
2017,130013,0.993,
2017,130014,0.9855,
2017,130018,1.0,
2017,130025,0.9926,
2017,130028,1.0,
2017,130049,1.0,
2017,130063,1.0,
2017,130065,1.0,
2017,130066,1.0,
2017,130067,1.0,no_measure_data
2017,140001,0.9894,
2017,140002,0.9902,
2017,140007,0.9716,
2017,140008,0.9983,
2017,140010,0.9995,
2017,140011,0.9792,
2017,140012,0.9993,
2017,140013,0.9847,
2017,140015,0.9923,
2017,140018,0.9973,
2017,140019,0.9971,
2017,140026,1.0,no_measure_data
2017,140029,1.0,
2017,140030,0.9951,
2017,140032,0.9984,
2017,140033,1.0,no_measure_data
2017,140034,0.9744,
2017,140040,0.9855,
2017,140043,1.0,
2017,140046,0.986,
2017,140048,0.9882,
2017,140049,0.9929,
2017,140051,1.0,no_measure_data
2017,140052,0.9756,
2017,140053,0.9999,
2017,140054,0.9892,
2017,140058,0.9953,
2017,140059,0.995,
2017,140062,0.9947,
2017,140063,0.9873,
2017,140064,0.9952,
2017,140065,0.9886,
2017,140067,0.9936,
2017,140068,0.9851,
2017,140077,0.9982,
2017,140080,0.9856,
2017,140082,0.9781,
2017,140083,0.9973,
2017,140084,0.9954,
2017,140088,0.9962,
2017,140089,0.9963,
2017,140091,0.9915,
2017,140093,0.9773,
2017,140095,0.9936,
2017,140100,1.0,
2017,140101,0.9986,
2017,140103,0.9837,
2017,140110,0.9913,
2017,140113,0.9872,
2017,140114,0.9882,
2017,140115,0.9947,
2017,140116,1.0,
2017,140117,0.9956,
2017,140118,0.9829,
2017,140119,0.9954,
2017,140120,0.9741,
2017,140122,0.9977,
2017,140124,0.9969,
2017,140125,0.9936,
2017,140127,0.9992,
2017,140130,0.9785,
2017,140133,0.9862,
2017,140135,0.9988,
2017,140137,1.0,
2017,140143,0.9969,
2017,140145,1.0,
2017,140147,0.97,
2017,140148,0.9991,
2017,140150,0.9963,
2017,140151,1.0,no_measure_data
2017,140155,0.9923,
2017,140158,0.9887,
2017,140160,0.9888,
2017,140161,1.0,
2017,140162,0.9989,
2017,140164,0.991,
2017,140166,0.9882,
2017,140167,0.9997,
2017,140172,0.9713,
2017,140174,0.9969,
2017,140176,0.9985,
2017,140177,0.9938,
2017,140179,0.9823,
2017,140180,0.9977,
2017,140181,0.9941,
2017,140182,0.9904,
2017,140184,0.9756,
2017,140185,0.9902,
2017,140186,0.9979,
2017,140187,0.9919,
2017,140189,0.9858,
2017,140191,0.9848,
2017,140197,1.0,
2017,140200,0.9927,
2017,140202,1.0,
2017,140206,0.9943,
2017,140208,0.9787,
2017,140209,0.9969,
2017,140210,0.9767,
2017,140211,0.9997,
2017,140213,0.9832,
2017,140217,0.9981,
2017,140223,0.9988,
2017,140224,0.9848,
2017,140228,0.9937,
2017,140231,0.9926,
2017,140233,0.993,
2017,140234,0.9901,
2017,140239,0.9878,
2017,140240,0.9986,
2017,140242,1.0,
2017,140250,0.9981,
2017,140251,1.0,
2017,140252,0.9998,
2017,140258,0.9916,
2017,140275,0.9978,
2017,140276,0.9964,
2017,140280,0.9943,
2017,140281,0.997,
2017,140286,0.9982,
2017,140288,0.998,
2017,140289,0.998,
2017,140290,0.9902,
2017,140291,0.9999,
2017,140292,0.9957,
2017,140294,0.99,
2017,140300,0.9983,
2017,140304,0.9903,
2017,150001,1.0,
2017,150002,0.9759,
2017,150003,1.0,no_measure_data
2017,150004,0.988,
2017,150005,0.9951,
2017,150006,0.996,
2017,150007,0.9959,
2017,150008,0.9987,
2017,150009,0.9938,
2017,150010,1.0,
2017,150011,1.0,
2017,150012,0.9996,
2017,150015,0.9985,
2017,150017,0.9986,
2017,150018,0.9938,
2017,150021,1.0,
2017,150022,0.9803,
2017,150023,0.9969,
2017,150024,0.9942,
2017,150026,0.9935,
2017,150030,1.0,
2017,150034,0.9848,
2017,150035,0.9985,
2017,150037,0.9988,
2017,150038,1.0,no_measure_data
2017,150042,0.9976,
2017,150044,0.994,
2017,150045,0.9899,
2017,150046,0.9917,
2017,150047,0.9991,
2017,150048,0.9948,
2017,150051,1.0,
2017,150056,0.997,
2017,150057,1.0,
2017,150058,0.9997,
2017,150059,1.0,
2017,150061,0.9969,
2017,150064,1.0,
2017,150065,0.9991,
2017,150069,0.9729,
2017,150072,1.0,
2017,150074,0.9977,
2017,150075,0.9775,
2017,150076,0.9916,
2017,150082,0.9928,
2017,150084,0.9994,
2017,150086,0.9902,
2017,150088,0.9732,
2017,150089,0.9962,
2017,150090,0.9847,
2017,150091,1.0,
2017,150097,0.9966,
2017,150100,0.9856,
2017,150101,1.0,
2017,150102,0.9994,
2017,150104,0.9997,
2017,150109,1.0,
2017,150112,0.9971,
2017,150113,0.9873,
2017,150115,1.0,
2017,150125,0.9931,
2017,150126,0.995,
2017,150128,0.994,
2017,150129,1.0,no_measure_data
2017,150133,0.9997,
2017,150146,0.9981,
2017,150149,1.0,no_measure_data
2017,150150,0.9993,
2017,150153,1.0,
2017,150154,1.0,no_measure_data
2017,150157,1.0,
2017,150158,0.9937,
2017,150160,1.0,
2017,150161,1.0,
2017,150162,0.9974,
2017,150163,1.0,no_measure_data
2017,150164,1.0,no_measure_data
2017,150165,0.9954,
2017,150166,0.998,
2017,150167,1.0,
2017,150168,1.0,
2017,150169,0.9937,
2017,150172,1.0,
2017,150173,1.0,
2017,150175,0.999,
2017,150176,0.97,
2017,150177,1.0,
2017,150179,1.0,no_measure_data
2017,150180,1.0,no_measure_data
2017,150181,1.0,
2017,150182,1.0,
2017,160001,0.9932,
2017,160005,0.9976,
2017,160008,0.9747,
2017,160013,0.9879,
2017,160016,0.9972,
2017,160024,0.9946,
2017,160028,1.0,
2017,160029,1.0,
2017,160030,1.0,
2017,160032,0.9863,
2017,160033,0.9985,
2017,160040,0.9995,
2017,160045,0.9978,
2017,160047,0.999,
2017,160057,0.9897,
2017,160058,0.9999,
2017,160064,1.0,
2017,160067,0.9977,
2017,160069,0.9979,
2017,160079,0.998,
2017,160080,0.9814,
2017,160082,1.0,
2017,160083,1.0,
2017,160089,0.9983,
2017,160101,1.0,
2017,160104,0.9802,
2017,160110,0.9855,
2017,160112,0.9999,
2017,160117,0.9931,
2017,160122,0.9994,
2017,160124,0.9997,
2017,160146,0.9986,
2017,160147,1.0,
2017,160153,0.9993,
2017,160157,1.0,no_measure_data
2017,170001,1.0,no_measure_data
2017,170006,1.0,
2017,170009,0.9896,
2017,170010,1.0,no_measure_data
2017,170012,0.9954,
2017,170013,0.9957,
2017,170014,0.9957,
2017,170016,1.0,
2017,170017,0.9878,
2017,170020,0.9922,
2017,170023,0.9952,
2017,170027,1.0,
2017,170039,1.0,
2017,170040,0.9985,
2017,170049,0.9968,
2017,170058,0.9881,
2017,170068,0.999,
2017,170074,0.9951,
2017,170075,1.0,
2017,170086,0.9972,
2017,170094,1.0,
2017,170103,1.0,
2017,170104,0.9876,
2017,170105,0.9988,
2017,170109,1.0,
2017,170110,1.0,
2017,170120,1.0,
2017,170122,0.9964,
2017,170123,1.0,
2017,170133,0.9986,
2017,170137,0.995,
2017,170142,0.9944,
2017,170145,0.9999,
2017,170146,0.9812,
2017,170150,1.0,
2017,170166,0.9964,
2017,170175,1.0,
2017,170176,0.9945,
2017,170182,0.9993,
2017,170183,1.0,
2017,170185,0.9793,
2017,170186,1.0,
2017,170187,1.0,
2017,170188,1.0,
2017,170190,1.0,
2017,170191,0.9994,
2017,170194,1.0,no_measure_data
2017,170196,1.0,
2017,170197,1.0,
2017,170198,1.0,
2017,170199,1.0,no_measure_data
2017,170200,0.9962,
2017,170201,1.0,no_measure_data
2017,170202,1.0,no_measure_data
2017,170203,1.0,
2017,180001,0.9977,
2017,180002,0.97,
2017,180004,0.9983,
2017,180005,0.9943,
2017,180009,0.9828,
2017,180010,0.9931,
2017,180011,0.9967,
2017,180012,0.9963,
2017,180013,0.9804,
2017,180016,0.9944,
2017,180017,0.9886,
2017,180018,0.9939,
2017,180019,0.9972,
2017,180020,0.9801,
2017,180021,0.982,
2017,180024,0.9946,
2017,180025,1.0,
2017,180027,0.9977,
2017,180029,0.97,
2017,180035,0.9885,
2017,180036,0.9825,
2017,180038,0.9985,
2017,180040,0.9915,
2017,180043,0.9707,
2017,180044,0.9913,
2017,180045,0.9859,
2017,180046,1.0,
2017,180048,0.986,
2017,180049,0.993,
2017,180050,0.97,
2017,180051,0.973,
2017,180053,0.9705,
2017,180056,0.9813,
2017,180064,0.9929,
2017,180066,0.9921,
2017,180067,0.9955,
2017,180069,0.97,
2017,180070,0.9924,
2017,180078,0.986,
2017,180079,0.996,
2017,180080,0.9959,
2017,180087,0.9997,
2017,180088,0.9959,
2017,180092,0.9998,
2017,180093,0.9933,
2017,180095,0.9975,
2017,180101,0.9975,
2017,180102,0.9905,
2017,180103,0.9992,
2017,180104,0.9978,
2017,180105,0.97,
2017,180106,0.989,
2017,180115,0.9784,
2017,180116,0.971,
2017,180117,1.0,no_measure_data
2017,180124,0.97,
2017,180127,0.9935,
2017,180128,0.9758,
2017,180130,1.0,
2017,180132,0.9903,
2017,180138,0.9929,
2017,180139,0.9804,
2017,180141,0.9996,
2017,180143,0.97,
2017,180149,0.9986,
2017,190001,1.0,no_measure_data
2017,190002,0.9958,
2017,190003,0.9997,
2017,190004,0.991,
2017,190005,0.9999,
2017,190006,1.0,
2017,190007,0.9999,
2017,190008,0.9924,
2017,190009,1.0,no_measure_data
2017,190011,0.995,
2017,190013,0.9815,
2017,190014,0.9902,
2017,190015,0.9939,
2017,190017,1.0,
2017,190019,1.0,
2017,190020,0.9714,
2017,190025,0.9977,
2017,190026,0.9986,
2017,190027,0.9971,
2017,190034,0.9879,
2017,190036,0.9914,
2017,190039,0.997,
2017,190040,0.9933,
2017,190041,0.9934,
2017,190044,0.9987,
2017,190045,0.9936,
2017,190046,0.9977,
2017,190050,0.9993,
2017,190053,0.9719,
2017,190054,0.9994,
2017,190060,0.9897,
2017,190064,0.9997,
2017,190065,0.9964,
2017,190079,0.9939,
2017,190081,1.0,
2017,190086,0.9789,
2017,190088,0.999,
2017,190090,0.9962,
2017,190098,0.9956,
2017,190099,0.9844,
2017,190102,0.9996,
2017,190106,0.9926,
2017,190111,1.0,
2017,190114,0.9994,
2017,190116,0.9962,
2017,190118,0.9896,
2017,190122,1.0,no_measure_data
2017,190125,0.9999,
2017,190128,1.0,no_measure_data
2017,190133,1.0,
2017,190135,1.0,no_measure_data
2017,190140,0.97,
2017,190144,0.9976,
2017,190145,0.9784,
2017,190146,1.0,
2017,190151,0.9904,
2017,190160,0.9788,
2017,190161,1.0,no_measure_data
2017,190164,0.97,
2017,190167,0.9807,
2017,190175,1.0,no_measure_data
2017,190176,0.9967,
2017,190177,0.9945,
2017,190183,0.9991,
2017,190184,1.0,
2017,190190,0.998,
2017,190199,1.0,
2017,190201,0.97,
2017,190202,0.9997,
2017,190204,0.9897,
2017,190205,0.9966,
2017,190208,0.9948,
2017,190218,0.9906,
2017,190236,0.9993,
2017,190241,0.9995,
2017,190242,0.9943,
2017,190245,1.0,
2017,190246,1.0,
2017,190250,0.9993,
2017,190251,1.0,
2017,190255,1.0,
2017,190256,1.0,
2017,190257,1.0,no_measure_data
2017,190259,0.9989,
2017,190261,1.0,no_measure_data
2017,190263,1.0,
2017,190266,1.0,no_measure_data
2017,190267,1.0,
2017,190268,0.97,
2017,190270,1.0,
2017,190273,1.0,no_measure_data
2017,190274,0.993,
2017,190278,1.0,
2017,190297,0.9746,
2017,190298,1.0,
2017,190300,1.0,
2017,190303,1.0,
2017,190304,1.0,no_measure_data
2017,190307,1.0,no_measure_data
2017,190308,0.9969,
2017,190310,1.0,no_measure_data
2017,190312,0.9966,
2017,190313,1.0,
2017,200001,1.0,
2017,200002,1.0,no_measure_data
2017,200008,1.0,
2017,200009,1.0,
2017,200018,0.9977,
2017,200019,1.0,
2017,200020,0.9961,
2017,200021,0.9959,
2017,200024,0.9991,
2017,200025,1.0,no_measure_data
2017,200031,0.9953,
2017,200033,0.994,
2017,200034,0.9996,
2017,200037,0.9901,
2017,200039,1.0,
2017,200040,1.0,no_measure_data
2017,200041,1.0,
2017,200050,0.9822,
2017,200052,1.0,
2017,200063,0.9991,
2017,220001,0.9945,
2017,220002,0.9999,
2017,220008,0.9926,
2017,220010,0.9897,
2017,220011,0.9945,
2017,220012,0.9989,
2017,220015,0.9954,
2017,220016,0.9976,
2017,220017,0.999,
2017,220019,0.9931,
2017,220020,0.9869,
2017,220024,0.994,
2017,220029,0.9729,
2017,220030,0.9909,
2017,220031,0.9956,
2017,220033,0.9869,
2017,220035,1.0,
2017,220036,0.9832,
2017,220046,0.9974,
2017,220049,0.9982,
2017,220050,1.0,
2017,220051,1.0,no_measure_data
2017,220052,0.9902,
2017,220058,0.9896,
2017,220060,0.9997,
2017,220062,1.0,no_measure_data
2017,220063,0.992,
2017,220065,0.9972,
2017,220066,0.9908,
2017,220067,1.0,no_measure_data
2017,220070,0.9836,
2017,220071,0.9948,
2017,220073,0.9898,
2017,220074,0.9776,
2017,220075,1.0,
2017,220077,1.0,
2017,220080,0.9858,
2017,220082,1.0,no_measure_data
2017,220083,0.9835,
2017,220084,0.9998,
2017,220086,0.9881,
2017,220088,1.0,
2017,220090,0.9744,
2017,220095,0.9925,
2017,220098,0.9822,
2017,220100,0.9967,
2017,220101,0.9958,
2017,220105,0.9941,
2017,220108,0.9769,
2017,220110,0.9989,
2017,220111,0.9924,
2017,220116,0.9871,
2017,220119,0.9922,
2017,220126,0.9911,
2017,220135,0.9898,
2017,220163,0.9969,
2017,220171,0.9804,
2017,220174,1.0,no_measure_data
2017,220175,1.0,
2017,220176,0.9963,
2017,220177,1.0,
2017,230002,0.99,
2017,230003,0.9981,
2017,230004,1.0,no_measure_data
2017,230005,1.0,
2017,230013,0.9975,
2017,230015,0.9959,
2017,230017,0.9974,
2017,230019,0.9952,
2017,230020,0.9859,
2017,230021,0.9994,
2017,230022,0.9896,
2017,230024,0.9876,
2017,230029,0.996,
2017,230030,0.9997,
2017,230031,0.9824,
2017,230035,1.0,
2017,230036,0.9972,
2017,230037,0.9981,
2017,230038,0.9996,
2017,230040,0.997,
2017,230041,0.9993,
2017,230046,0.9963,
2017,230047,0.9932,
2017,230053,0.9901,
2017,230054,1.0,
2017,230055,0.9914,
2017,230058,0.9998,
2017,230059,0.9996,
2017,230066,1.0,
2017,230069,0.9962,
2017,230070,0.9877,
2017,230071,1.0,no_measure_data
2017,230072,1.0,
2017,230075,0.9982,
2017,230077,0.9985,
2017,230078,0.9993,
2017,230080,0.9992,
2017,230081,0.9862,
2017,230085,1.0,
2017,230089,0.9882,
2017,230092,0.9985,
2017,230093,0.9904,
2017,230095,0.9954,
2017,230096,0.994,
2017,230097,0.9992,
2017,230099,0.9936,
2017,230100,1.0,
2017,230104,0.9929,
2017,230105,0.9975,
2017,230106,1.0,no_measure_data
2017,230108,0.9988,
2017,230110,1.0,
2017,230117,0.9979,
2017,230118,0.9992,
2017,230121,0.9954,
2017,230130,0.9842,
2017,230132,0.9833,
2017,230133,1.0,
2017,230141,0.9892,
2017,230142,0.9779,
2017,230144,1.0,no_measure_data
2017,230146,0.9885,
2017,230151,0.9866,
2017,230156,0.9916,
2017,230165,0.9922,
2017,230167,0.9919,
2017,230174,1.0,
2017,230176,0.9893,
2017,230180,0.9861,
2017,230193,0.9963,
2017,230195,0.9883,
2017,230197,0.9875,
2017,230207,0.9969,
2017,230208,0.9819,
2017,230216,0.9764,
2017,230217,0.9855,
2017,230222,0.9989,
2017,230227,0.9857,
2017,230230,0.9873,
2017,230236,1.0,
2017,230239,0.9963,
2017,230241,0.999,
2017,230244,0.9829,
2017,230254,0.9815,
2017,230259,0.9998,
2017,230264,1.0,no_measure_data
2017,230269,0.9853,
2017,230270,0.9945,
2017,230273,0.9877,
2017,230275,1.0,no_measure_data
2017,230277,0.9908,
2017,230279,1.0,no_measure_data
2017,230297,0.9998,
2017,230301,0.9986,
2017,230302,0.9896,
2017,230303,0.9872,
2017,230304,1.0,no_measure_data
2017,240001,0.9999,
2017,240002,0.9975,
2017,240004,0.998,
2017,240006,1.0,
2017,240010,0.9981,
2017,240014,0.9996,
2017,240018,0.9987,
2017,240019,1.0,
2017,240020,0.9989,
2017,240022,0.9987,
2017,240030,0.9887,
2017,240036,0.9979,
2017,240038,0.995,
2017,240040,0.9976,
2017,240043,0.9929,
2017,240044,0.9963,
2017,240047,0.9936,
2017,240050,0.9983,
2017,240052,0.9981,
2017,240053,0.9979,
2017,240056,1.0,
2017,240057,0.9991,
2017,240059,0.9904,
2017,240061,1.0,no_measure_data
2017,240063,0.9996,
2017,240064,0.999,
2017,240066,1.0,
2017,240069,0.9886,
2017,240071,0.9961,
2017,240075,0.9929,
2017,240076,0.9968,
2017,240078,0.9983,
2017,240080,0.9978,
2017,240084,0.9954,
2017,240088,0.9985,
2017,240093,0.9989,
2017,240100,0.9991,
2017,240101,1.0,
2017,240104,0.9978,
2017,240106,0.9981,
2017,240115,0.9977,
2017,240117,1.0,no_measure_data
2017,240132,0.9939,
2017,240141,1.0,
2017,240166,0.9902,
2017,240187,1.0,
2017,240196,1.0,no_measure_data
2017,240206,1.0,
2017,240207,0.9906,
2017,240210,0.9998,
2017,240213,0.9996,
2017,240214,0.9981,
2017,250001,0.9973,
2017,250002,0.9988,
2017,250004,0.9939,
2017,250006,0.9934,
2017,250007,0.9956,
2017,250009,0.9808,
2017,250010,1.0,no_measure_data
2017,250012,0.9943,
2017,250015,1.0,no_measure_data
2017,250017,0.9994,
2017,250018,1.0,no_measure_data
2017,250019,0.9943,
2017,250020,0.9738,
2017,250025,0.9932,
2017,250027,1.0,
2017,250031,0.9815,
2017,250034,0.9988,
2017,250036,0.9935,
2017,250038,0.9937,
2017,250040,0.9901,
2017,250042,0.988,
2017,250043,0.9897,
2017,250044,1.0,
2017,250048,0.9928,
2017,250049,0.9988,
2017,250050,0.9954,
2017,250051,1.0,no_measure_data
2017,250057,0.9985,
2017,250058,0.9827,
2017,250059,1.0,no_measure_data
2017,250060,1.0,
2017,250061,0.9864,
2017,250067,0.9985,
2017,250069,0.9791,
2017,250072,0.9924,
2017,250077,0.9799,
2017,250078,0.9747,
2017,250079,0.9973,
2017,250081,1.0,no_measure_data
2017,250082,0.9965,
2017,250084,0.9989,
2017,250085,0.9749,
2017,250093,0.9828,
2017,250094,0.9931,
2017,250095,0.9846,
2017,250096,0.9914,
2017,250097,0.9872,
2017,250099,0.9942,
2017,250100,0.9914,
2017,250102,0.9956,
2017,250104,0.9951,
2017,250117,0.9936,
2017,250122,1.0,no_measure_data
2017,250123,0.977,
2017,250124,0.9979,
2017,250126,0.985,
2017,250127,1.0,
2017,250128,0.9979,
2017,250134,1.0,
2017,250136,1.0,no_measure_data
2017,250138,0.9931,
2017,250141,0.9814,
2017,250151,1.0,no_measure_data
2017,250152,1.0,no_measure_data
2017,250162,0.9961,
2017,250167,0.9928,
2017,250168,0.9994,
2017,260001,0.9895,
2017,260004,0.9974,
2017,260005,0.9842,
2017,260006,1.0,
2017,260009,0.9896,
2017,260011,0.9806,
2017,260015,0.987,
2017,260017,0.9936,
2017,260020,0.9953,
2017,260022,1.0,
2017,260023,0.9747,
2017,260024,0.997,
2017,260025,0.9892,
2017,260027,0.9979,
2017,260032,0.9977,
2017,260034,0.9888,
2017,260040,0.9964,
2017,260047,0.9998,
2017,260048,0.9984,
2017,260050,0.9899,
2017,260052,1.0,
2017,260057,0.9997,
2017,260059,0.9786,
2017,260061,0.9997,
2017,260062,0.9972,
2017,260064,0.999,
2017,260065,0.9847,
2017,260068,0.9995,
2017,260070,0.9727,
2017,260074,0.9952,
2017,260077,0.9766,
2017,260078,0.9992,
2017,260080,1.0,
2017,260081,0.9959,
2017,260085,0.9853,
2017,260091,0.997,
2017,260094,0.9953,
2017,260095,0.9773,
2017,260096,0.9989,
2017,260097,0.983,
2017,260102,1.0,
2017,260104,0.9961,
2017,260105,0.9993,
2017,260108,0.994,
2017,260110,0.9924,
2017,260113,0.9981,
2017,260115,1.0,no_measure_data
2017,260116,1.0,no_measure_data
2017,260119,0.9879,
2017,260137,0.9999,
2017,260138,0.9933,
2017,260141,0.9906,
2017,260142,0.9839,
2017,260147,1.0,no_measure_data
2017,260160,0.983,
2017,260162,0.9977,
2017,260163,0.9898,
2017,260175,0.9926,
2017,260176,0.9911,
2017,260177,0.9786,
2017,260179,1.0,
2017,260180,0.9804,
2017,260183,0.9962,
2017,260186,0.9971,
2017,260190,0.9883,
2017,260191,0.9797,
2017,260193,0.9826,
2017,260195,0.999,
2017,260200,0.9987,
2017,260207,0.9989,
2017,260209,0.986,
2017,260210,0.9965,
2017,260211,1.0,no_measure_data
2017,260214,0.9968,
2017,260216,0.9942,
2017,260219,0.9934,
2017,260227,0.9963,
2017,260228,1.0,no_measure_data
2017,260229,1.0,no_measure_data
2017,260230,1.0,no_measure_data
2017,270003,0.9854,
2017,270004,1.0,
2017,270012,1.0,
2017,270014,1.0,
2017,270017,0.9928,
2017,270023,0.9995,
2017,270032,0.9845,
2017,270049,0.9954,
2017,270051,1.0,
2017,270057,1.0,
2017,270074,1.0,
2017,270086,1.0,
2017,270087,1.0,
2017,280003,0.9994,
2017,280009,1.0,
2017,280013,0.998,
2017,280020,1.0,
2017,280023,1.0,
2017,280030,0.9993,
2017,280032,1.0,
2017,280040,0.9969,
2017,280060,1.0,
2017,280061,0.9972,
2017,280065,0.9987,
2017,280077,0.9945,
2017,280081,0.9994,
2017,280105,0.9976,
2017,280111,0.9966,
2017,280119,1.0,no_measure_data
2017,280125,1.0,
2017,280127,1.0,
2017,280128,1.0,
2017,280129,1.0,
2017,280130,0.9966,
2017,280131,0.9828,
2017,280132,0.9927,
2017,280133,1.0,no_measure_data
2017,280134,0.9778,
2017,280135,1.0,no_measure_data
2017,280136,1.0,no_measure_data
2017,290001,0.9969,
2017,290002,1.0,no_measure_data
2017,290003,0.9832,
2017,290005,0.9932,
2017,290006,0.9934,
2017,290007,0.9975,
2017,290008,0.9934,
2017,290009,0.9889,
2017,290012,0.9954,
2017,290019,0.9974,
2017,290020,1.0,no_measure_data
2017,290021,0.9937,
2017,290022,0.9828,
2017,290032,0.988,
2017,290039,0.9905,
2017,290041,0.9925,
2017,290042,1.0,no_measure_data
2017,290045,0.998,
2017,290046,0.9915,
2017,290047,0.9995,
2017,290049,0.9997,
2017,290051,1.0,no_measure_data
2017,290053,0.9948,
2017,290054,0.989,
2017,300001,1.0,
2017,300003,1.0,
2017,300005,0.9979,
2017,300011,0.9843,
2017,300012,0.9947,
2017,300014,0.9996,
2017,300017,0.9926,
2017,300018,0.9994,
2017,300019,1.0,
2017,300020,0.9989,
2017,300023,0.9966,
2017,300029,0.9905,
2017,300034,0.9996,
2017,310001,0.9928,
2017,310002,0.9909,
2017,310003,0.9725,
2017,310005,1.0,
2017,310006,0.9874,
2017,310008,0.9933,
2017,310009,0.9973,
2017,310010,0.9965,
2017,310011,0.9955,
2017,310012,0.9924,
2017,310014,0.9869,
2017,310015,0.9988,
2017,310016,0.9768,
2017,310017,0.9833,
2017,310019,0.97,
2017,310021,0.9987,
2017,310022,0.9784,
2017,310024,0.9888,
2017,310025,0.9867,
2017,310027,0.9928,
2017,310028,0.9939,
2017,310029,0.9985,
2017,310031,0.9904,
2017,310032,0.9913,
2017,310034,0.9986,
2017,310038,0.9862,
2017,310039,0.9817,
2017,310040,0.99,
2017,310041,0.997,
2017,310044,0.9909,
2017,310045,0.9944,
2017,310047,0.9975,
2017,310048,0.9818,
2017,310050,0.9819,
2017,310051,0.9973,
2017,310052,0.9973,
2017,310054,0.9932,
2017,310057,0.9949,
2017,310058,0.9976,
2017,310060,0.9992,
2017,310061,0.9904,
2017,310064,0.9939,
2017,310069,0.9995,
2017,310070,0.9802,
2017,310073,0.9999,
2017,310074,0.9902,
2017,310075,0.9894,
2017,310076,0.9928,
2017,310081,0.9906,
2017,310083,0.9856,
2017,310084,0.9925,
2017,310086,0.972,
2017,310091,0.9884,
2017,310092,0.9923,
2017,310096,0.9895,
2017,310108,0.979,
2017,310110,0.997,
2017,310111,0.9938,
2017,310112,0.9972,
2017,310113,0.9997,
2017,310115,0.9845,
2017,310118,0.9852,
2017,310119,0.998,
2017,310120,1.0,no_measure_data
2017,310130,0.9964,
2017,320001,0.9995,
2017,320002,0.9975,
2017,320003,0.9963,
2017,320004,0.9884,
2017,320005,0.9997,
2017,320006,0.9959,
2017,320009,0.996,
2017,320011,0.9979,
2017,320013,0.9985,
2017,320016,0.9999,
2017,320017,1.0,
2017,320018,1.0,
2017,320021,1.0,
2017,320022,0.9946,
2017,320030,0.9995,
2017,320033,0.9935,
2017,320038,0.9992,
2017,320057,1.0,
2017,320058,1.0,
2017,320059,1.0,
2017,320060,0.9989,
2017,320061,0.9951,
2017,320062,1.0,
2017,320063,0.9983,
2017,320065,0.995,
2017,320067,1.0,
2017,320070,1.0,
2017,320074,0.9947,
2017,320084,0.998,
2017,320085,0.9858,
2017,320086,0.9891,
2017,320089,0.9964,
2017,330003,1.0,
2017,330004,0.9777,
2017,330005,1.0,
2017,330006,0.9959,
2017,330008,0.9898,
2017,330009,0.9911,
2017,330011,0.9702,
2017,330013,0.9948,
2017,330014,0.983,
2017,330019,0.9813,
2017,330023,0.978,
2017,330024,0.9945,
2017,330027,0.9951,
2017,330028,0.9881,
2017,330030,0.9742,
2017,330033,0.9936,
2017,330037,1.0,no_measure_data
2017,330043,0.9891,
2017,330044,0.9905,
2017,330045,0.9885,
2017,330046,0.989,
2017,330047,0.9944,
2017,330049,0.9992,
2017,330053,1.0,no_measure_data
2017,330055,0.9861,
2017,330056,0.9833,
2017,330057,1.0,
2017,330058,0.9889,
2017,330059,0.9901,
2017,330061,0.9815,
2017,330064,1.0,no_measure_data
2017,330065,0.9989,
2017,330067,1.0,no_measure_data
2017,330073,0.99,
2017,330074,0.987,
2017,330078,0.9948,
2017,330079,0.9974,
2017,330080,0.9925,
2017,330084,0.995,
2017,330085,0.9929,
2017,330086,0.9912,
2017,330088,0.9997,
2017,330090,0.9754,
2017,330094,0.9848,
2017,330096,1.0,
2017,330100,1.0,no_measure_data
2017,330101,0.9966,
2017,330102,0.9985,
2017,330103,0.998,
2017,330104,0.9812,
2017,330106,0.9926,
2017,330107,0.9924,
2017,330108,0.9719,
2017,330111,0.979,
2017,330115,0.9982,
2017,330119,0.9924,
2017,330125,0.9917,
2017,330126,0.9703,
2017,330127,0.9962,
2017,330128,0.9886,
2017,330132,0.993,
2017,330135,0.991,
2017,330136,0.9928,
2017,330140,0.9869,
2017,330141,0.9846,
2017,330144,0.9944,
2017,330151,1.0,
2017,330153,1.0,
2017,330157,0.9982,
2017,330158,0.9874,
2017,330160,0.9943,
2017,330162,0.9941,
2017,330163,0.985,
2017,330164,1.0,
2017,330166,1.0,
2017,330167,0.9945,
2017,330169,0.9829,
2017,330175,0.973,
2017,330177,1.0,no_measure_data
2017,330180,0.9936,
2017,330181,0.989,
2017,330182,0.9982,
2017,330184,0.97,
2017,330185,0.9895,
2017,330188,0.9982,
2017,330191,1.0,
2017,330193,0.9795,
2017,330194,0.9885,
2017,330195,0.9856,
2017,330196,0.9842,
2017,330197,0.9906,
2017,330198,0.9927,
2017,330199,0.9967,
2017,330201,0.98,
2017,330202,0.9902,
2017,330203,0.9894,
2017,330204,0.9969,
2017,330205,0.9846,
2017,330208,0.9743,
2017,330211,0.9988,
2017,330213,1.0,no_measure_data
2017,330214,0.9981,
2017,330215,0.9852,
2017,330218,0.9703,
2017,330219,0.9984,
2017,330221,0.9755,
2017,330222,0.9976,
2017,330223,0.9958,
2017,330224,0.9995,
2017,330225,1.0,no_measure_data
2017,330226,0.9915,
2017,330229,0.9893,
2017,330231,0.97,
2017,330232,0.999,
2017,330233,0.9908,
2017,330234,0.9966,
2017,330235,0.9804,
2017,330236,0.979,
2017,330238,0.9997,
2017,330239,0.9919,
2017,330240,0.9961,
2017,330241,0.991,
2017,330245,0.9999,
2017,330246,0.97,
2017,330249,1.0,no_measure_data
2017,330250,0.9937,
2017,330259,0.9865,
2017,330261,0.9969,
2017,330263,1.0,no_measure_data
2017,330264,0.9855,
2017,330265,0.9945,
2017,330267,0.9808,
2017,330268,0.9998,
2017,330270,1.0,
2017,330273,0.9871,
2017,330276,0.9832,
2017,330277,0.984,
2017,330279,0.9993,
2017,330285,0.9976,
2017,330286,0.9824,
2017,330304,0.9858,
2017,330306,1.0,no_measure_data
2017,330307,0.9979,
2017,330316,1.0,no_measure_data
2017,330331,0.9883,
2017,330332,0.9847,
2017,330340,0.9931,
2017,330350,0.9793,
2017,330353,1.0,no_measure_data
2017,330372,0.989,
2017,330385,0.9897,
2017,330386,0.9809,
2017,330393,0.9922,
2017,330394,0.9956,
2017,330395,0.97,
2017,330396,0.9915,
2017,330397,0.9909,
2017,330399,0.9985,
2017,330401,0.9851,
2017,330403,1.0,
2017,330404,1.0,no_measure_data
2017,330405,1.0,no_measure_data
2017,330406,1.0,no_measure_data
2017,330409,1.0,no_measure_data
2017,340001,0.9925,
2017,340002,0.9998,
2017,340003,0.97,
2017,340004,0.9995,
2017,340008,0.9988,
2017,340010,0.9923,
2017,340011,1.0,no_measure_data
2017,340013,0.9948,
2017,340014,0.9966,
2017,340015,0.997,
2017,340016,0.9982,
2017,340017,1.0,
2017,340020,0.9851,
2017,340021,0.9955,
2017,340023,0.9999,
2017,340024,0.9942,
2017,340027,0.9912,
2017,340028,0.9936,
2017,340030,0.9999,
2017,340032,0.9999,
2017,340036,1.0,no_measure_data
2017,340037,0.9976,
2017,340039,0.9986,
2017,340040,0.9862,
2017,340041,0.9996,
2017,340042,0.983,
2017,340047,0.9977,
2017,340049,1.0,
2017,340050,0.9771,
2017,340051,0.9911,
2017,340053,0.9985,
2017,340055,1.0,no_measure_data
2017,340060,0.9927,
2017,340061,0.9954,
2017,340064,0.97,
2017,340068,0.9975,
2017,340069,0.9997,
2017,340070,0.9997,
2017,340071,0.981,
2017,340073,0.9871,
2017,340075,0.9942,
2017,340084,0.9984,
2017,340085,0.9976,
2017,340087,0.9911,
2017,340090,0.9905,
2017,340091,1.0,
2017,340096,0.9966,
2017,340097,0.989,
2017,340098,0.98,
2017,340099,0.9854,
2017,340106,0.9979,
2017,340107,0.9875,
2017,340109,0.9945,
2017,340113,0.9991,
2017,340114,0.9995,
2017,340115,0.9991,
2017,340116,0.999,
2017,340119,0.9962,
2017,340120,0.9942,
2017,340123,1.0,
2017,340126,0.9905,
2017,340127,0.9887,
2017,340129,0.9937,
2017,340130,0.9995,
2017,340131,1.0,
2017,340132,0.9868,
2017,340133,0.9777,
2017,340141,0.9934,
2017,340142,0.9954,
2017,340143,0.9918,
2017,340144,0.9984,
2017,340145,1.0,
2017,340147,0.9776,
2017,340148,1.0,no_measure_data
2017,340151,0.9851,
2017,340153,1.0,no_measure_data
2017,340155,0.9958,
2017,340156,1.0,
2017,340158,0.9804,
2017,340159,0.989,
2017,340160,1.0,no_measure_data
2017,340166,0.9905,
2017,340168,1.0,no_measure_data
2017,340171,0.9909,
2017,340173,0.9964,
2017,340183,0.9955,
2017,340184,1.0,
2017,340186,0.994,
2017,340188,1.0,no_measure_data
2017,350002,1.0,
2017,350006,0.9963,
2017,350011,1.0,
2017,350015,0.9966,
2017,350019,1.0,
2017,350063,0.9991,
2017,350064,1.0,
2017,350070,0.9987,
2017,360001,0.9881,
2017,360002,0.9992,
2017,360003,0.9974,
2017,360006,0.9931,
2017,360008,0.9892,
2017,360009,0.9946,
2017,360010,0.9969,
2017,360011,0.984,
2017,360012,0.996,
2017,360013,0.9999,
2017,360014,0.9931,
2017,360016,0.9983,
2017,360017,0.9985,
2017,360019,1.0,no_measure_data
2017,360020,0.9963,
2017,360025,0.9985,
2017,360026,0.9921,
2017,360027,0.9997,
2017,360029,0.9977,
2017,360032,0.9997,
2017,360035,0.9944,
2017,360036,0.9968,
2017,360037,0.9837,
2017,360039,0.9904,
2017,360040,0.9959,
2017,360041,0.9982,
2017,360044,0.9971,
2017,360046,0.988,
2017,360048,0.9968,
2017,360051,1.0,
2017,360052,0.9886,
2017,360054,0.9943,
2017,360055,0.9913,
2017,360056,0.9937,
2017,360058,1.0,
2017,360059,0.9901,
2017,360064,0.9892,
2017,360065,0.992,
2017,360066,0.9995,
2017,360068,1.0,
2017,360070,0.9984,
2017,360071,0.994,
2017,360072,0.9948,
2017,360074,0.998,
2017,360075,0.9933,
2017,360076,0.9998,
2017,360077,0.9944,
2017,360078,0.9929,
2017,360079,0.9972,
2017,360080,0.9954,
2017,360081,0.9955,
2017,360082,0.9986,
2017,360084,0.9958,
2017,360085,0.999,
2017,360086,0.9886,
2017,360087,0.9965,
2017,360089,1.0,
2017,360090,0.9804,
2017,360091,0.9941,
2017,360092,0.9923,
2017,360095,0.9998,
2017,360096,0.9892,
2017,360098,0.9876,
2017,360107,0.9959,
2017,360109,0.9939,
2017,360112,0.9947,
2017,360113,1.0,no_measure_data
2017,360116,1.0,no_measure_data
2017,360118,0.9915,
2017,360121,0.9999,
2017,360123,0.9907,
2017,360125,0.9804,
2017,360131,0.9935,
2017,360132,0.9942,
2017,360133,0.9947,
2017,360134,1.0,
2017,360137,0.9976,
2017,360141,0.988,
2017,360143,0.9895,
2017,360144,0.9946,
2017,360145,0.9831,
2017,360147,0.9994,
2017,360148,0.9994,
2017,360150,0.9918,
2017,360151,0.9885,
2017,360152,0.9985,
2017,360153,1.0,
2017,360155,0.9993,
2017,360156,0.9975,
2017,360159,0.999,
2017,360161,0.9974,
2017,360163,1.0,
2017,360170,0.9906,
2017,360172,0.9947,
2017,360174,0.9877,
2017,360175,0.9965,
2017,360179,0.9991,
2017,360180,0.9971,
2017,360185,0.9966,
2017,360189,0.9969,
2017,360192,0.9968,
2017,360195,1.0,no_measure_data
2017,360197,0.9999,
2017,360203,0.9795,
2017,360210,0.9896,
2017,360211,0.9918,
2017,360212,1.0,no_measure_data
2017,360218,0.9908,
2017,360230,0.9937,
2017,360234,0.9794,
2017,360236,0.9927,
2017,360239,0.9967,
2017,360245,1.0,no_measure_data
2017,360247,1.0,no_measure_data
2017,360259,0.9993,
2017,360261,1.0,no_measure_data
2017,360262,0.9984,
2017,360263,1.0,
2017,360266,1.0,
2017,360270,0.9966,
2017,360271,1.0,no_measure_data
2017,360274,0.9942,
2017,360276,0.9822,
2017,360347,1.0,no_measure_data
2017,360348,0.9999,
2017,360350,1.0,no_measure_data
2017,360351,1.0,
2017,360352,1.0,
2017,360354,0.9921,
2017,360355,1.0,
2017,360358,1.0,
2017,360359,0.9988,
2017,360360,0.9891,
2017,360361,0.97,
2017,360362,1.0,
2017,360363,1.0,no_measure_data
2017,370001,0.9985,
2017,370002,0.9987,
2017,370004,0.9996,
2017,370006,0.995,
2017,370007,0.9952,
2017,370008,0.9956,
2017,370011,0.9976,
2017,370013,1.0,
2017,370014,0.9722,
2017,370015,0.9927,
2017,370016,0.9986,
2017,370018,1.0,
2017,370019,0.9997,
2017,370020,0.9972,
2017,370022,0.9876,
2017,370023,0.9983,
2017,370025,1.0,
2017,370026,1.0,
2017,370028,0.9991,
2017,370029,0.9981,
2017,370030,0.9998,
2017,370032,1.0,
2017,370034,0.9982,
2017,370036,0.9745,
2017,370037,0.9934,
2017,370039,0.986,
2017,370040,0.982,
2017,370041,0.9833,
2017,370047,0.9962,
2017,370048,0.9981,
2017,370049,0.9991,
2017,370051,1.0,no_measure_data
2017,370054,0.9981,
2017,370056,0.9946,
2017,370057,0.9795,
2017,370065,0.9905,
2017,370072,1.0,
2017,370078,0.9949,
2017,370080,1.0,
2017,370083,0.9978,
2017,370089,0.997,
2017,370091,0.993,
2017,370093,0.9982,
2017,370094,0.9902,
2017,370097,0.9943,
2017,370099,1.0,
2017,370100,0.9922,
2017,370103,1.0,no_measure_data
2017,370106,0.9966,
2017,370112,0.9988,
2017,370113,0.9839,
2017,370114,0.9963,
2017,370138,1.0,
2017,370139,0.9819,
2017,370149,0.9945,
2017,370153,0.9835,
2017,370156,0.9992,
2017,370158,1.0,
2017,370166,0.999,
2017,370169,1.0,no_measure_data
2017,370170,1.0,
2017,370171,1.0,
2017,370172,1.0,
2017,370173,0.9931,
2017,370178,0.9992,
2017,370180,0.9983,
2017,370183,0.9975,
2017,370190,1.0,
2017,370192,1.0,
2017,370199,1.0,no_measure_data
2017,370201,1.0,
2017,370202,0.9983,
2017,370203,1.0,
2017,370206,1.0,
2017,370210,1.0,
2017,370211,1.0,
2017,370212,1.0,
2017,370214,1.0,
2017,370215,0.9998,
2017,370216,1.0,no_measure_data
2017,370218,0.9942,
2017,370220,0.9783,
2017,370222,1.0,
2017,370225,1.0,
2017,370227,0.9908,
2017,370228,1.0,
2017,370229,0.9989,
2017,370233,1.0,no_measure_data
2017,370234,0.9996,
2017,370235,0.97,
2017,370236,0.992,
2017,380001,0.9946,
2017,380002,0.998,
2017,380004,0.9997,
2017,380005,1.0,
2017,380007,0.9983,
2017,380009,0.9999,
2017,380014,1.0,
2017,380017,0.9985,
2017,380018,0.9931,
2017,380020,0.9887,
2017,380021,0.9971,
2017,380022,1.0,
2017,380025,0.9959,
2017,380027,1.0,
2017,380029,0.9911,
2017,380033,0.9985,
2017,380037,0.9998,
2017,380038,0.9965,
2017,380040,1.0,
2017,380047,0.9999,
2017,380050,1.0,
2017,380051,0.9984,
2017,380052,1.0,
2017,380056,0.9959,
2017,380060,0.9999,
2017,380061,1.0,
2017,380071,0.9967,
2017,380075,0.9922,
2017,380082,0.9879,
2017,380089,0.9999,
2017,380090,0.9963,
2017,380091,1.0,
2017,380102,0.9995,
2017,380103,1.0,
2017,390001,0.9847,
2017,390002,0.9973,
2017,390003,1.0,
2017,390004,0.9989,
2017,390006,0.9948,
2017,390008,0.9977,
2017,390009,0.9983,
2017,390012,0.9877,
2017,390013,0.9997,
2017,390016,0.9941,
2017,390019,0.9896,
2017,390025,1.0,no_measure_data
2017,390026,0.989,
2017,390027,0.9923,
2017,390028,0.9926,
2017,390030,0.9785,
2017,390031,0.996,
2017,390032,0.9953,
2017,390035,1.0,
2017,390036,0.9961,
2017,390037,0.998,
2017,390039,0.9984,
2017,390041,0.9976,
2017,390042,0.9954,
2017,390043,0.9922,
2017,390044,0.9979,
2017,390045,0.9957,
2017,390046,0.9977,
2017,390048,0.9906,
2017,390049,0.9993,
2017,390050,0.9982,
2017,390052,0.9962,
2017,390056,1.0,
2017,390057,1.0,
2017,390058,0.9934,
2017,390061,0.9894,
2017,390062,0.9989,
2017,390063,0.9993,
2017,390065,0.9994,
2017,390066,0.9989,
2017,390067,0.9934,
2017,390068,1.0,
2017,390070,0.9946,
2017,390071,0.9982,
2017,390072,0.9865,
2017,390073,0.9979,
2017,390076,0.9952,
2017,390079,0.9858,
2017,390080,0.9885,
2017,390081,0.9914,
2017,390084,1.0,
2017,390086,0.9972,
2017,390090,0.9978,
2017,390091,0.9898,
2017,390093,0.9988,
2017,390096,0.9999,
2017,390097,0.99,
2017,390100,0.9975,
2017,390101,0.993,
2017,390102,0.9996,
2017,390104,1.0,
2017,390107,0.9962,
2017,390108,1.0,no_measure_data
2017,390110,0.9869,
2017,390111,0.9996,
2017,390112,1.0,
2017,390113,0.9972,
2017,390114,0.9959,
2017,390115,0.9873,
2017,390116,0.9991,
2017,390117,0.9972,
2017,390118,1.0,
2017,390119,0.9978,
2017,390122,1.0,no_measure_data
2017,390123,0.9772,
2017,390125,0.9813,
2017,390127,0.9995,
2017,390130,0.9977,
2017,390132,1.0,no_measure_data
2017,390133,0.9911,
2017,390137,0.995,
2017,390138,0.999,
2017,390139,0.9999,
2017,390142,0.9955,
2017,390145,0.996,
2017,390146,1.0,
2017,390147,0.996,
2017,390150,0.9995,
2017,390151,0.9911,
2017,390153,1.0,
2017,390154,1.0,no_measure_data
2017,390156,0.991,
2017,390157,0.9996,
2017,390160,0.9862,
2017,390162,0.9845,
2017,390163,1.0,
2017,390164,0.9941,
2017,390168,0.9991,
2017,390173,0.9893,
2017,390174,0.9788,
2017,390178,0.9971,
2017,390179,0.9948,
2017,390180,0.9948,
2017,390183,0.9897,
2017,390184,0.9982,
2017,390185,0.9817,
2017,390192,0.9967,
2017,390194,0.9931,
2017,390195,0.9971,
2017,390197,0.9991,
2017,390198,0.9957,
2017,390199,0.9977,
2017,390201,0.993,
2017,390203,0.9963,
2017,390204,0.9936,
2017,390211,0.9846,
2017,390217,0.986,
2017,390219,0.9831,
2017,390220,0.9792,
2017,390222,0.9996,
2017,390223,0.9928,
2017,390225,0.9924,
2017,390226,0.994,
2017,390228,0.9926,
2017,390231,0.9882,
2017,390233,0.9965,
2017,390236,0.9822,
2017,390237,0.9904,
2017,390256,0.9969,
2017,390258,0.9899,
2017,390263,0.9927,
2017,390265,0.9883,
2017,390266,0.9979,
2017,390267,0.9975,
2017,390268,0.9768,
2017,390270,0.9992,
2017,390272,1.0,no_measure_data
2017,390278,1.0,no_measure_data
2017,390290,0.9942,
2017,390302,1.0,
2017,390304,0.9893,
2017,390307,0.97,
2017,390312,1.0,
2017,390314,1.0,
2017,390316,1.0,
2017,390318,1.0,no_measure_data
2017,390321,1.0,
2017,390322,1.0,
2017,390323,0.9973,
2017,390324,0.97,
2017,390325,1.0,
2017,390326,0.9995,
2017,390327,0.97,
2017,390328,0.9933,
2017,390329,0.9944,
2017,410001,0.9973,
2017,410004,0.9961,
2017,410005,0.9851,
2017,410006,0.9986,
2017,410007,0.9943,
2017,410008,1.0,
2017,410009,0.9967,
2017,410010,1.0,
2017,410011,0.9844,
2017,410012,0.9941,
2017,410013,0.9945,
2017,420002,0.9914,
2017,420004,0.9964,
2017,420005,0.9989,
2017,420007,1.0,
2017,420009,0.9973,
2017,420010,0.9808,
2017,420011,1.0,
2017,420015,0.9861,
2017,420016,1.0,no_measure_data
2017,420018,0.9982,
2017,420019,0.995,
2017,420020,0.9811,
2017,420023,1.0,
2017,420026,0.9959,
2017,420027,0.9924,
2017,420030,0.9886,
2017,420033,1.0,
2017,420036,0.9887,
2017,420037,0.9998,
2017,420038,0.9997,
2017,420039,1.0,no_measure_data
2017,420043,0.9991,
2017,420048,0.9926,
2017,420049,0.984,
2017,420051,0.9977,
2017,420053,1.0,
2017,420054,1.0,no_measure_data
2017,420055,0.9758,
2017,420057,1.0,
2017,420062,1.0,no_measure_data
2017,420065,1.0,
2017,420066,0.998,
2017,420067,0.97,
2017,420068,0.9957,
2017,420069,0.9966,
2017,420070,0.995,
2017,420071,0.9948,
2017,420072,0.997,
2017,420073,0.9965,
2017,420078,1.0,
2017,420079,0.9879,
2017,420080,0.9779,
2017,420082,0.9885,
2017,420083,0.9978,
2017,420085,0.9817,
2017,420086,0.9901,
2017,420087,1.0,
2017,420089,0.9965,
2017,420091,0.986,
2017,420098,0.9987,
2017,420101,0.995,
2017,420102,1.0,
2017,420103,0.9994,
2017,420104,1.0,
2017,420105,1.0,
2017,420106,0.9925,
2017,430005,0.9994,
2017,430008,0.9992,
2017,430012,0.9993,
2017,430013,1.0,
2017,430014,1.0,
2017,430015,1.0,
2017,430016,1.0,
2017,430027,1.0,
2017,430048,0.9998,
2017,430077,0.9987,
2017,430081,0.9977,
2017,430082,1.0,no_measure_data
2017,430083,1.0,
2017,430084,1.0,
2017,430089,1.0,
2017,430090,1.0,
2017,430091,1.0,
2017,430092,1.0,no_measure_data
2017,430093,1.0,no_measure_data
2017,430094,1.0,no_measure_data
2017,430095,1.0,
2017,430096,1.0,
2017,430097,1.0,
2017,440001,0.9875,
2017,440002,0.9987,
2017,440003,0.9743,
2017,440006,0.9945,
2017,440007,0.9979,
2017,440008,0.9929,
2017,440009,1.0,
2017,440010,0.9961,
2017,440011,0.9851,
2017,440012,0.9924,
2017,440015,0.9965,
2017,440016,0.9956,
2017,440017,0.9932,
2017,440018,0.9959,
2017,440020,0.9967,
2017,440025,0.991,
2017,440029,0.9992,
2017,440030,0.9772,
2017,440031,0.9943,
2017,440032,1.0,
2017,440033,0.9911,
2017,440034,0.9945,
2017,440035,0.9848,
2017,440039,0.9991,
2017,440040,0.97,
2017,440046,0.9885,
2017,440047,1.0,no_measure_data
2017,440048,0.9967,
2017,440049,0.9979,
2017,440050,0.9968,
2017,440051,0.9984,
2017,440053,0.9871,
2017,440054,1.0,no_measure_data
2017,440056,0.9999,
2017,440057,1.0,
2017,440058,0.9818,
2017,440059,0.9943,
2017,440060,0.9981,
2017,440061,0.9923,
2017,440063,0.9835,
2017,440064,1.0,no_measure_data
2017,440065,0.9798,
2017,440067,0.9902,
2017,440068,0.9987,
2017,440070,0.9872,
2017,440072,0.9828,
2017,440073,0.9929,
2017,440081,0.9987,
2017,440082,0.9998,
2017,440083,0.998,
2017,440084,0.9922,
2017,440091,1.0,
2017,440102,0.9902,
2017,440104,0.997,
2017,440109,0.9997,
2017,440110,1.0,
2017,440111,0.9991,
2017,440115,1.0,no_measure_data
2017,440120,0.9966,
2017,440125,0.9974,
2017,440130,0.9981,
2017,440131,0.9984,
2017,440132,0.97,
2017,440133,0.9957,
2017,440137,0.9986,
2017,440141,1.0,no_measure_data
2017,440144,0.9976,
2017,440148,0.9984,
2017,440150,0.9856,
2017,440151,0.9973,
2017,440152,0.9991,
2017,440153,0.9792,
2017,440156,0.9988,
2017,440159,0.9936,
2017,440161,0.9954,
2017,440168,1.0,no_measure_data
2017,440173,0.9933,
2017,440174,1.0,no_measure_data
2017,440175,1.0,
2017,440176,0.9959,
2017,440180,0.9956,
2017,440181,0.9938,
2017,440182,0.9933,
2017,440183,0.9896,
2017,440184,1.0,
2017,440185,0.9959,
2017,440186,1.0,no_measure_data
2017,440187,0.97,
2017,440189,0.9752,
2017,440192,0.9969,
2017,440193,0.9988,
2017,440194,0.9936,
2017,440197,0.9934,
2017,440200,1.0,
2017,440218,1.0,
2017,440227,0.9938,
2017,440228,0.9983,
2017,440231,1.0,
2017,440232,0.9949,
2017,440233,1.0,no_measure_data
2017,440234,1.0,no_measure_data
2017,450002,0.9963,
2017,450005,1.0,no_measure_data
2017,450007,1.0,
2017,450010,0.9956,
2017,450011,0.9857,
2017,450015,0.999,
2017,450018,0.9829,
2017,450021,1.0,
2017,450023,1.0,
2017,450024,0.998,
2017,450028,0.9998,
2017,450029,0.9956,
2017,450032,0.9981,
2017,450033,0.9998,
2017,450034,0.9953,
2017,450035,0.999,
2017,450037,0.992,
2017,450039,0.9987,
2017,450040,0.9954,
2017,450042,0.9942,
2017,450044,0.9993,
2017,450046,0.996,
2017,450051,0.9976,
2017,450052,1.0,no_measure_data
2017,450054,0.998,
2017,450055,0.9917,
2017,450056,0.9899,
2017,450058,0.9968,
2017,450064,0.9971,
2017,450068,0.9992,
2017,450072,0.9949,
2017,450073,1.0,no_measure_data
2017,450078,0.9941,
2017,450079,0.9987,
2017,450080,1.0,
2017,450082,0.9996,
2017,450083,0.9954,
2017,450085,0.9964,
2017,450087,0.9976,
2017,450090,1.0,
2017,450092,0.9901,
2017,450097,0.9992,
2017,450099,1.0,
2017,450101,0.9935,
2017,450102,0.9991,
2017,450104,0.9917,
2017,450107,0.9934,
2017,450108,1.0,
2017,450119,1.0,
2017,450124,0.9994,
2017,450128,0.9991,
2017,450130,0.9985,
2017,450132,0.9888,
2017,450133,1.0,
2017,450135,1.0,
2017,450137,0.9983,
2017,450143,1.0,
2017,450144,1.0,
2017,450147,0.9992,
2017,450148,0.9838,
2017,450152,0.9939,
2017,450154,0.9987,
2017,450155,1.0,
2017,450162,1.0,
2017,450163,0.987,
2017,450165,0.9915,
2017,450176,0.995,
2017,450177,1.0,
2017,450178,0.9861,
2017,450184,0.9936,
2017,450187,0.9996,
2017,450188,1.0,no_measure_data
2017,450192,0.994,
2017,450193,0.9964,
2017,450194,0.9929,
2017,450196,0.9932,
2017,450200,0.9949,
2017,450203,1.0,
2017,450209,0.9983,
2017,450210,0.9781,
2017,450211,0.9983,
2017,450213,0.9991,
2017,450214,0.9996,
2017,450219,1.0,
2017,450221,1.0,
2017,450222,0.9883,
2017,450229,0.9902,
2017,450231,0.9988,
2017,450235,0.9995,
2017,450236,0.9978,
2017,450237,0.9999,
2017,450241,0.9925,
2017,450243,1.0,
2017,450253,0.9969,
2017,450270,1.0,no_measure_data
2017,450271,0.9974,
2017,450272,0.9964,
2017,450280,0.9957,
2017,450283,1.0,no_measure_data
2017,450289,0.9997,
2017,450292,1.0,
2017,450293,1.0,
2017,450296,1.0,no_measure_data
2017,450299,0.9954,
2017,450306,1.0,
2017,450324,0.9923,
2017,450330,0.9979,
2017,450340,0.9996,
2017,450346,0.992,
2017,450347,0.9959,
2017,450348,0.9973,
2017,450351,0.9931,
2017,450352,0.993,
2017,450358,0.9959,
2017,450369,1.0,
2017,450370,0.9992,
2017,450372,0.985,
2017,450373,1.0,no_measure_data
2017,450379,0.9975,
2017,450388,0.9963,
2017,450389,0.9858,
2017,450395,0.9976,
2017,450399,0.9928,
2017,450400,0.9919,
2017,450403,0.9876,
2017,450411,1.0,
2017,450419,0.9993,
2017,450422,1.0,
2017,450424,0.9987,
2017,450431,0.9946,
2017,450438,1.0,no_measure_data
2017,450446,1.0,no_measure_data
2017,450447,0.9977,
2017,450451,1.0,
2017,450460,1.0,
2017,450462,0.9983,
2017,450465,0.9984,
2017,450469,0.9945,
2017,450475,0.9871,
2017,450484,0.9877,
2017,450488,1.0,
2017,450489,1.0,
2017,450497,1.0,no_measure_data
2017,450498,1.0,
2017,450508,0.9975,
2017,450518,0.9997,
2017,450537,0.9997,
2017,450539,0.991,
2017,450558,0.998,
2017,450563,0.9997,
2017,450565,0.9911,
2017,450571,0.9994,
2017,450573,0.9944,
2017,450578,0.9837,
2017,450580,0.9949,
2017,450584,1.0,
2017,450586,0.9997,
2017,450587,0.9971,
2017,450591,1.0,no_measure_data
2017,450596,0.9999,
2017,450597,1.0,
2017,450604,1.0,
2017,450605,1.0,
2017,450610,0.9994,
2017,450615,1.0,no_measure_data
2017,450617,0.9992,
2017,450620,0.9902,
2017,450634,0.9848,
2017,450638,0.9956,
2017,450639,0.9982,
2017,450641,0.9953,
2017,450643,1.0,
2017,450644,0.9987,
2017,450647,0.9988,
2017,450651,0.9984,
2017,450653,0.9921,
2017,450654,0.97,
2017,450656,0.9933,
2017,450658,0.9906,
2017,450659,0.9998,
2017,450661,1.0,
2017,450662,0.9948,
2017,450668,0.9934,
2017,450669,0.9973,
2017,450670,0.9956,
2017,450672,1.0,
2017,450674,1.0,
2017,450675,0.9944,
2017,450677,0.9965,
2017,450678,0.9959,
2017,450683,1.0,no_measure_data
2017,450684,0.9956,
2017,450686,0.9954,
2017,450688,0.9985,
2017,450690,1.0,
2017,450694,0.9994,
2017,450697,0.9974,
2017,450698,1.0,
2017,450702,0.9945,
2017,450709,0.9934,
2017,450711,0.9946,
2017,450713,0.9832,
2017,450716,0.9992,
2017,450718,0.992,
2017,450723,0.9992,
2017,450730,0.9996,
2017,450742,0.9924,
2017,450743,0.9962,
2017,450746,1.0,
2017,450747,0.9959,
2017,450749,0.9917,
2017,450754,0.9797,
2017,450755,0.9939,
2017,450766,1.0,
2017,450770,1.0,no_measure_data
2017,450771,0.997,
2017,450774,1.0,
2017,450775,0.987,
2017,450779,1.0,
2017,450780,1.0,
2017,450788,0.9987,
2017,450795,1.0,no_measure_data
2017,450796,1.0,no_measure_data
2017,450797,1.0,no_measure_data
2017,450801,0.988,
2017,450803,0.9997,
2017,450804,1.0,
2017,450808,1.0,
2017,450809,0.9915,
2017,450813,1.0,no_measure_data
2017,450820,0.9971,
2017,450822,0.9979,
2017,450825,1.0,
2017,450827,0.9921,
2017,450828,1.0,
2017,450831,1.0,
2017,450832,1.0,no_measure_data
2017,450833,0.9993,
2017,450834,1.0,
2017,450839,1.0,no_measure_data
2017,450840,0.9954,
2017,450841,1.0,no_measure_data
2017,450844,0.9963,
2017,450845,1.0,
2017,450847,0.995,
2017,450848,0.9994,
2017,450851,1.0,
2017,450853,1.0,
2017,450855,0.9981,
2017,450856,0.9921,
2017,450860,0.97,
2017,450862,0.9903,
2017,450864,0.9958,
2017,450865,1.0,
2017,450867,0.992,
2017,450869,1.0,
2017,450871,0.97,
2017,450872,1.0,
2017,450874,1.0,
2017,450875,1.0,
2017,450876,0.9899,
2017,450877,1.0,
2017,450880,0.9999,
2017,450883,0.9892,
2017,450884,1.0,no_measure_data
2017,450885,0.9955,
2017,450886,1.0,no_measure_data
2017,450888,0.97,
2017,450889,1.0,
2017,450890,0.9944,
2017,450891,1.0,
2017,450893,1.0,
2017,450894,0.9799,
2017,460001,1.0,
2017,460003,0.9996,
2017,460004,1.0,
2017,460005,0.9976,
2017,460006,0.9997,
2017,460007,1.0,
2017,460009,0.9958,
2017,460010,1.0,
2017,460011,0.9991,
2017,460013,0.9919,
2017,460014,0.9988,
2017,460015,1.0,
2017,460017,0.9987,
2017,460019,0.9966,
2017,460021,0.9989,
2017,460023,0.9995,
2017,460026,0.9901,
2017,460030,1.0,
2017,460033,1.0,
2017,460035,1.0,
2017,460039,1.0,
2017,460041,0.9965,
2017,460042,1.0,
2017,460043,1.0,no_measure_data
2017,460044,0.983,
2017,460047,0.9887,
2017,460049,1.0,
2017,460051,0.9962,
2017,460052,0.9781,
2017,460054,1.0,
2017,460057,1.0,
2017,460058,0.9968,
2017,460059,1.0,no_measure_data
2017,460060,0.9937,
2017,470001,1.0,
2017,470003,0.999,
2017,470005,1.0,
2017,470011,1.0,
2017,470012,0.9989,
2017,470024,0.9843,
2017,490001,1.0,
2017,490002,0.9778,
2017,490004,0.9977,
2017,490005,0.9856,
2017,490007,0.9996,
2017,490009,0.9923,
2017,490011,0.9935,
2017,490012,1.0,no_measure_data
2017,490013,0.9908,
2017,490017,0.9984,
2017,490018,1.0,
2017,490019,0.97,
2017,490020,0.9843,
2017,490021,0.9867,
2017,490022,0.9928,
2017,490023,0.97,
2017,490024,0.9924,
2017,490027,1.0,no_measure_data
2017,490032,0.997,
2017,490033,0.9975,
2017,490037,0.9967,
2017,490038,0.994,
2017,490040,0.9794,
2017,490041,0.9938,
2017,490042,0.9975,
2017,490043,0.9877,
2017,490044,0.998,
2017,490045,0.9887,
2017,490046,0.9969,
2017,490048,0.9967,
2017,490050,0.9982,
2017,490052,0.9933,
2017,490053,0.975,
2017,490057,0.9811,
2017,490059,0.9988,
2017,490060,0.9871,
2017,490063,0.9959,
2017,490066,0.9893,
2017,490067,0.9712,
2017,490069,1.0,
2017,490075,0.9931,
2017,490077,0.9753,
2017,490079,0.9954,
2017,490084,0.9737,
2017,490088,0.9962,
2017,490089,1.0,
2017,490090,0.9884,
2017,490092,0.9831,
2017,490093,0.9893,
2017,490094,0.9983,
2017,490097,0.9794,
2017,490098,0.9797,
2017,490101,0.991,
2017,490104,1.0,no_measure_data
2017,490105,1.0,no_measure_data
2017,490106,1.0,no_measure_data
2017,490107,0.97,
2017,490109,1.0,no_measure_data
2017,490110,0.9866,
2017,490111,1.0,
2017,490112,0.9744,
2017,490113,0.9936,
2017,490114,0.9969,
2017,490115,0.9939,
2017,490116,0.9889,
2017,490117,0.9909,
2017,490118,0.9953,
2017,490119,0.9998,
2017,490120,0.97,
2017,490122,0.9968,
2017,490123,0.9995,
2017,490126,0.9901,
2017,490127,0.9706,
2017,490130,0.9954,
2017,490134,1.0,no_measure_data
2017,490135,1.0,no_measure_data
2017,490136,0.983,
2017,490140,0.9939,
2017,490141,0.9895,
2017,490143,0.9999,
2017,490144,0.9976,
2017,500001,0.9954,
2017,500002,1.0,
2017,500003,1.0,
2017,500005,0.9991,
2017,500007,0.9988,
2017,500008,0.9999,
2017,500011,0.9981,
2017,500012,0.998,
2017,500014,0.9943,
2017,500015,0.9976,
2017,500016,1.0,
2017,500019,0.9872,
2017,500021,0.9989,
2017,500024,0.9998,
2017,500025,0.9975,
2017,500026,0.9977,
2017,500027,0.9977,
2017,500030,1.0,
2017,500031,0.994,
2017,500033,0.9914,
2017,500036,0.9999,
2017,500037,0.9917,
2017,500039,0.9959,
2017,500041,0.9992,
2017,500044,0.9988,
2017,500049,0.9944,
2017,500050,0.996,
2017,500051,0.9994,
2017,500052,1.0,no_measure_data
2017,500053,0.9974,
2017,500054,1.0,
2017,500058,0.9976,
2017,500060,0.9993,
2017,500064,1.0,
2017,500072,0.9998,
2017,500077,0.9871,
2017,500079,0.9932,
2017,500084,0.9979,
2017,500088,0.9975,
2017,500108,0.9968,
2017,500119,1.0,
2017,500124,1.0,
2017,500129,0.9975,
2017,500139,0.9981,
2017,500141,1.0,
2017,500148,1.0,
2017,500150,0.9979,
2017,500151,0.9998,
2017,500152,0.9891,
2017,500153,1.0,no_measure_data
2017,510001,0.994,
2017,510002,0.9809,
2017,510006,0.9864,
2017,510007,0.9875,
2017,510008,0.9901,
2017,510012,0.9944,
2017,510013,0.9992,
2017,510018,1.0,no_measure_data
2017,510022,0.9961,
2017,510023,0.997,
2017,510024,0.9804,
2017,510029,0.9865,
2017,510030,0.9951,
2017,510031,0.9987,
2017,510038,0.97,
2017,510039,0.985,
2017,510046,0.9869,
2017,510047,0.9844,
2017,510048,0.9927,
2017,510050,0.9763,
2017,510053,1.0,no_measure_data
2017,510055,0.9968,
2017,510058,0.9954,
2017,510062,0.9931,
2017,510070,0.9868,
2017,510071,0.9875,
2017,510072,0.998,
2017,510077,0.9853,
2017,510082,0.9978,
2017,510085,1.0,no_measure_data
2017,510086,0.9971,
2017,510091,1.0,no_measure_data
2017,520002,0.985,
2017,520004,0.9855,
2017,520008,0.9976,
2017,520009,0.9943,
2017,520011,0.9989,
2017,520013,0.9995,
2017,520017,0.999,
2017,520019,0.999,
2017,520021,0.9954,
2017,520027,0.9993,
2017,520028,0.9971,
2017,520030,0.9994,
2017,520033,0.9926,
2017,520034,0.9954,
2017,520035,1.0,
2017,520037,0.9919,
2017,520038,0.9979,
2017,520041,0.9952,
2017,520044,0.9912,
2017,520045,0.9989,
2017,520048,0.9992,
2017,520049,1.0,
2017,520051,0.9975,
2017,520057,1.0,
2017,520059,0.9966,
2017,520062,0.9988,
2017,520063,0.989,
2017,520066,0.9901,
2017,520070,1.0,
2017,520071,1.0,
2017,520075,0.9982,
2017,520076,1.0,
2017,520078,0.9988,
2017,520083,0.9898,
2017,520087,1.0,
2017,520088,0.9994,
2017,520089,1.0,
2017,520091,1.0,
2017,520095,1.0,
2017,520096,0.9968,
2017,520097,0.9955,
2017,520098,0.9993,
2017,520100,0.9897,
2017,520102,1.0,
2017,520103,0.9849,
2017,520107,0.9997,
2017,520109,1.0,
2017,520113,0.9996,
2017,520116,0.999,
2017,520136,0.9942,
2017,520138,0.9971,
2017,520139,0.9876,
2017,520160,0.9997,
2017,520177,0.9961,
2017,520189,0.993,
2017,520193,0.9988,
2017,520194,1.0,
2017,520195,1.0,no_measure_data
2017,520196,1.0,
2017,520198,0.992,
2017,520202,0.9937,
2017,520204,1.0,
2017,520205,1.0,
2017,520206,1.0,
2017,520207,0.9959,
2017,520208,0.9943,
2017,530002,0.9941,
2017,530006,1.0,
2017,530008,0.9971,
2017,530010,1.0,no_measure_data
2017,530011,0.9948,
2017,530012,0.9917,
2017,530014,0.9967,
2017,530015,1.0,
2017,530025,1.0,
2017,530032,0.9988,
2017,530033,0.9982,
2017,670002,1.0,no_measure_data
2017,670004,0.994,
2017,670005,0.97,
2017,670006,0.9998,
2017,670008,0.9891,
2017,670012,1.0,no_measure_data
2017,670018,1.0,no_measure_data
2017,670019,0.9999,
2017,670021,1.0,no_measure_data
2017,670023,0.9916,
2017,670024,0.9918,
2017,670025,1.0,
2017,670029,1.0,no_measure_data
2017,670031,0.9928,
2017,670034,0.999,
2017,670041,0.9991,
2017,670043,0.984,
2017,670044,0.9873,
2017,670046,0.9924,
2017,670047,0.9905,
2017,670049,1.0,
2017,670050,1.0,no_measure_data
2017,670052,1.0,no_measure_data
2017,670053,1.0,
2017,670054,1.0,
2017,670055,0.9981,
2017,670056,0.9966,
2017,670058,1.0,
2017,670059,1.0,
2017,670060,0.997,
2017,670061,0.97,
2017,670062,1.0,
2017,670063,1.0,no_measure_data
2017,670064,1.0,no_measure_data
2017,670066,1.0,no_measure_data
2017,670067,1.0,
2017,670068,0.9785,
2017,670069,1.0,
2017,670071,1.0,
2017,670072,1.0,no_measure_data
2017,670073,1.0,
2017,670075,1.0,
2017,670076,0.97,
2017,670077,0.9991,
2017,670078,1.0,
2017,670079,0.9985,
2017,670080,0.997,
2017,670081,1.0,no_measure_data
2017,670082,0.9902,
2017,670083,1.0,
2017,670085,1.0,
2017,670087,1.0,
2017,670088,0.9962,
2017,670089,1.0,
2017,670090,1.0,
2017,670091,1.0,no_measure_data
2017,670092,0.9967,
2017,670093,1.0,no_measure_data
2017,670094,1.0,
2017,670095,1.0,
2017,670096,0.9991,
2017,670097,1.0,
2017,670098,0.9962,
2017,670099,1.0,
2017,670100,1.0,no_measure_data
2017,670101,1.0,no_measure_data
2017,670102,1.0,no_measure_data
2017,670103,1.0,
2017,670106,1.0,
2017,670107,1.0,no_measure_data
2018,010001,0.9946,
2018,010005,0.9859,
2018,010006,0.9879,
2018,010007,0.9925,
2018,010008,0.9991,
2018,010011,0.9966,
2018,010012,0.987,
2018,010016,0.9963,
2018,010018,1.0,no_measure_data
2018,010019,0.9926,
2018,010021,0.9968,
2018,010022,1.0,
2018,010023,0.9869,
2018,010024,0.9911,
2018,010025,1.0,
2018,010029,0.9856,
2018,010032,1.0,
2018,010033,0.9957,
2018,010034,0.9997,
2018,010035,0.9859,
2018,010036,0.9938,
2018,010038,0.9928,
2018,010039,0.9933,
2018,010040,0.9803,
2018,010044,1.0,
2018,010045,0.9818,
2018,010046,0.991,
2018,010047,0.9957,
2018,010049,0.997,
2018,010051,0.998,
2018,010052,0.9964,
2018,010054,1.0,
2018,010055,0.9911,
2018,010056,0.9949,
2018,010058,1.0,
2018,010059,1.0,
2018,010061,1.0,
2018,010062,0.9982,
2018,010065,0.97,
2018,010066,1.0,
2018,010069,0.9977,
2018,010073,0.9993,
2018,010078,0.9824,
2018,010079,0.9906,
2018,010083,0.9907,
2018,010085,0.9894,
2018,010086,0.9994,
2018,010087,0.9996,
2018,010089,0.9952,
2018,010090,0.9899,
2018,010091,0.9985,
2018,010092,0.9855,
2018,010095,1.0,
2018,010097,0.9998,
2018,010099,0.9968,
2018,010100,0.9877,
2018,010101,0.9989,
2018,010102,1.0,
2018,010103,0.9915,
2018,010104,0.9911,
2018,010108,0.9991,
2018,010109,1.0,
2018,010110,0.9978,
2018,010112,0.9961,
2018,010113,0.9951,
2018,010114,0.9979,
2018,010118,0.9889,
2018,010120,0.9872,
2018,010125,1.0,
2018,010126,0.9937,
2018,010128,0.9998,
2018,010129,0.9936,
2018,010130,0.9876,
2018,010131,0.9731,
2018,010138,1.0,
2018,010139,0.9852,
2018,010144,0.9928,
2018,010146,0.9977,
2018,010148,0.9956,
2018,010149,0.9999,
2018,010150,0.9984,
2018,010157,0.9963,
2018,010158,0.9873,
2018,010164,0.9855,
2018,010168,1.0,
2018,010169,0.9976,
2018,010172,1.0,
2018,020001,1.0,
2018,020006,0.9962,
2018,020008,0.9989,
2018,020012,1.0,
2018,020017,0.9994,
2018,020018,1.0,
2018,020024,0.97,
2018,020026,0.9991,
2018,020027,1.0,
2018,030001,0.9985,
2018,030002,0.9991,
2018,030006,0.9956,
2018,030007,0.9968,
2018,030010,0.9996,
2018,030011,0.9998,
2018,030012,0.9904,
2018,030013,0.9907,
2018,030014,0.9991,
2018,030016,0.9978,
2018,030022,1.0,
2018,030023,1.0,
2018,030024,0.9987,
2018,030030,0.9981,
2018,030033,0.996,
2018,030036,0.9994,
2018,030037,0.9986,
2018,030038,0.9983,
2018,030043,0.9816,
2018,030055,0.9778,
2018,030061,1.0,
2018,030062,1.0,
2018,030064,0.9969,
2018,030065,0.9952,
2018,030067,1.0,no_measure_data
2018,030068,1.0,
2018,030069,0.9931,
2018,030071,0.9905,
2018,030073,0.9914,
2018,030074,1.0,
2018,030077,1.0,
2018,030078,1.0,
2018,030083,0.9975,
2018,030084,0.9977,
2018,030085,0.9731,
2018,030087,0.9912,
2018,030088,0.991,
2018,030089,0.9968,
2018,030092,0.9932,
2018,030093,0.9999,
2018,030094,0.9973,
2018,030101,0.9902,
2018,030103,0.9996,
2018,030105,0.9997,
2018,030107,1.0,
2018,030108,1.0,
2018,030110,0.9941,
2018,030111,0.9993,
2018,030112,0.97,
2018,030113,1.0,
2018,030114,0.9993,
2018,030115,0.9958,
2018,030117,0.997,
2018,030118,1.0,
2018,030119,0.9983,
2018,030120,0.9976,
2018,030121,0.9922,
2018,030122,0.9954,
2018,030123,0.9999,
2018,030130,0.991,
2018,030131,0.9752,
2018,030132,0.9992,
2018,030134,1.0,
2018,030136,1.0,
2018,030137,0.9967,
2018,040001,0.9889,
2018,040002,0.9943,
2018,040004,0.9993,
2018,040007,0.9979,
2018,040010,0.9928,
2018,040011,0.9706,
2018,040014,0.9978,
2018,040015,0.9988,
2018,040016,0.9961,
2018,040017,0.9995,
2018,040018,0.997,
2018,040019,0.9872,
2018,040020,0.9806,
2018,040022,0.9913,
2018,040026,0.9908,
2018,040027,0.9918,
2018,040029,0.983,
2018,040036,0.9828,
2018,040039,0.9787,
2018,040041,0.9928,
2018,040042,0.985,
2018,040047,0.9981,
2018,040050,0.9999,
2018,040051,0.9935,
2018,040055,0.9818,
2018,040062,0.9876,
2018,040067,0.9884,
2018,040069,0.9831,
2018,040071,0.9942,
2018,040072,0.9934,
2018,040074,0.9947,
2018,040076,0.9774,
2018,040078,0.981,
2018,040080,0.9815,
2018,040084,0.9799,
2018,040085,0.9829,
2018,040088,0.9963,
2018,040114,0.9961,
2018,040118,0.9785,
2018,040119,0.9899,
2018,040132,1.0,no_measure_data
2018,040134,0.9766,
2018,040137,0.9958,
2018,040147,1.0,
2018,040152,0.9765,
2018,040153,0.9803,
2018,050002,0.9802,
2018,050006,1.0,
2018,050007,0.9994,
2018,050008,1.0,
2018,050009,1.0,
2018,050013,0.9977,
2018,050014,0.9978,
2018,050017,0.9941,
2018,050018,0.9991,
2018,050022,0.9927,
2018,050024,0.9963,
2018,050025,0.9988,
2018,050026,0.9973,
2018,050028,0.9992,
2018,050030,0.97,
2018,050036,0.9926,
2018,050038,0.999,
2018,050039,0.9896,
2018,050040,0.9993,
2018,050042,0.9983,
2018,050043,0.9942,
2018,050045,0.9995,
2018,050046,1.0,no_measure_data
2018,050047,0.9954,
2018,050054,0.9992,
2018,050055,0.9946,
2018,050056,0.9919,
2018,050057,0.9988,
2018,050058,0.9906,
2018,050060,0.989,
2018,050063,0.9931,
2018,050067,0.9943,
2018,050069,1.0,
2018,050070,1.0,
2018,050071,0.9996,
2018,050072,1.0,
2018,050073,0.9989,
2018,050075,0.9998,
2018,050076,1.0,
2018,050077,0.9895,
2018,050078,0.9984,
2018,050079,0.9926,
2018,050082,0.9987,
2018,050084,0.9949,
2018,050089,0.9991,
2018,050090,0.9996,
2018,050091,0.9872,
2018,050093,0.9913,
2018,050096,1.0,
2018,050099,0.9976,
2018,050100,0.9984,
2018,050101,0.97,
2018,050102,0.9849,
2018,050103,0.9964,
2018,050104,0.9994,
2018,050107,1.0,
2018,050108,0.9995,
2018,050110,0.998,
2018,050111,0.9991,
2018,050112,0.9915,
2018,050113,0.9975,
2018,050115,0.9984,
2018,050116,0.9935,
2018,050118,0.9926,
2018,050121,0.9944,
2018,050122,0.9965,
2018,050124,0.9808,
2018,050125,0.9749,
2018,050126,0.9858,
2018,050127,1.0,
2018,050128,0.994,
2018,050129,0.9902,
2018,050131,0.9987,
2018,050132,0.9883,
2018,050133,0.9908,
2018,050135,0.9945,
2018,050136,1.0,
2018,050137,1.0,
2018,050138,1.0,
2018,050139,1.0,
2018,050140,0.9992,
2018,050145,1.0,
2018,050149,0.9971,
2018,050150,0.9951,
2018,050152,0.9969,
2018,050153,0.9951,
2018,050158,0.9911,
2018,050159,0.9985,
2018,050167,0.996,
2018,050168,0.9998,
2018,050169,0.9928,
2018,050174,1.0,
2018,050179,0.9825,
2018,050180,0.9975,
2018,050189,0.9996,
2018,050191,0.9965,
2018,050192,1.0,
2018,050194,0.9907,
2018,050195,0.9877,
2018,050196,1.0,no_measure_data
2018,050197,1.0,
2018,050204,0.9962,
2018,050205,1.0,
2018,050211,0.9895,
2018,050222,0.9952,
2018,050224,0.9996,
2018,050225,1.0,
2018,050226,0.9973,
2018,050228,0.999,
2018,050230,0.999,
2018,050231,0.9963,
2018,050232,1.0,
2018,050234,0.9998,
2018,050235,0.9909,
2018,050236,0.9912,
2018,050238,0.9998,
2018,050239,0.9807,
2018,050242,0.999,
2018,050243,0.9894,
2018,050245,0.9966,
2018,050248,0.9999,
2018,050254,0.9978,
2018,050257,0.9984,
2018,050261,0.9968,
2018,050262,0.9936,
2018,050272,0.9997,
2018,050276,1.0,
2018,050277,1.0,
2018,050278,0.9927,
2018,050279,0.9886,
2018,050280,1.0,
2018,050281,0.9951,
2018,050283,0.9924,
2018,050289,0.9943,
2018,050290,0.9992,
2018,050291,1.0,
2018,050292,0.9989,
2018,050295,0.993,
2018,050296,0.9966,
2018,050298,0.9961,
2018,050300,0.9876,
2018,050301,1.0,
2018,050305,0.9983,
2018,050308,0.9981,
2018,050309,1.0,
2018,050313,0.9966,
2018,050315,0.9992,
2018,050320,0.998,
2018,050324,1.0,
2018,050327,0.9853,
2018,050329,0.9935,
2018,050334,0.996,
2018,050335,0.9992,
2018,050336,0.9891,
2018,050342,0.9943,
2018,050348,0.9996,
2018,050350,0.9944,
2018,050351,0.9911,
2018,050352,0.9913,
2018,050353,0.9935,
2018,050357,1.0,
2018,050359,0.9927,
2018,050360,0.9995,
2018,050367,0.9954,
2018,050373,0.9989,
2018,050376,0.9991,
2018,050378,0.996,
2018,050380,0.9955,
2018,050382,0.9965,
2018,050385,0.9988,
2018,050390,0.9902,
2018,050393,0.9988,
2018,050394,0.9984,
2018,050396,0.9986,
2018,050397,1.0,
2018,050407,0.9957,
2018,050411,1.0,
2018,050414,0.9768,
2018,050417,0.9999,
2018,050423,1.0,
2018,050424,0.9999,
2018,050425,0.9997,
2018,050426,0.9932,
2018,050434,0.9999,
2018,050435,0.9885,
2018,050438,0.999,
2018,050441,0.9991,
2018,050444,0.987,
2018,050454,0.9985,
2018,050455,0.9974,
2018,050457,0.9923,
2018,050464,0.9893,
2018,050468,0.9962,
2018,050471,0.9946,
2018,050481,0.9872,
2018,050485,0.9901,
2018,050488,0.9968,
2018,050492,0.9966,
2018,050496,1.0,
2018,050498,0.9854,
2018,050502,0.9943,
2018,050503,1.0,
2018,050506,1.0,
2018,050510,1.0,
2018,050512,1.0,
2018,050515,1.0,
2018,050516,0.9883,
2018,050517,0.9926,
2018,050523,0.9904,
2018,050526,0.9931,
2018,050528,0.9985,
2018,050534,0.9976,
2018,050537,0.974,
2018,050541,1.0,
2018,050543,1.0,no_measure_data
2018,050545,1.0,
2018,050546,1.0,
2018,050547,1.0,
2018,050548,1.0,
2018,050549,0.9934,
2018,050551,0.9986,
2018,050552,1.0,
2018,050557,0.9982,
2018,050561,1.0,
2018,050567,0.9982,
2018,050568,0.9938,
2018,050570,0.9971,
2018,050573,0.9993,
2018,050575,0.9994,
2018,050580,0.9955,
2018,050581,0.9925,
2018,050586,1.0,
2018,050588,1.0,
2018,050589,0.9989,
2018,050590,0.9934,
2018,050597,1.0,
2018,050599,0.9985,
2018,050603,0.9952,
2018,050604,1.0,
2018,050608,0.995,
2018,050609,1.0,
2018,050616,0.9984,
2018,050618,1.0,
2018,050624,0.9823,
2018,050625,0.9985,
2018,050633,0.9849,
2018,050636,0.984,
2018,050641,0.9974,
2018,050663,0.9987,
2018,050668,0.987,
2018,050674,0.9993,
2018,050677,1.0,
2018,050678,0.9949,
2018,050684,0.9965,
2018,050686,1.0,
2018,050688,0.9961,
2018,050689,0.9983,
2018,050690,1.0,
2018,050696,0.9994,
2018,050697,1.0,
2018,050701,0.9877,
2018,050704,0.997,
2018,050708,1.0,
2018,050709,0.9872,
2018,050710,1.0,
2018,050714,1.0,
2018,050717,1.0,
2018,050723,1.0,
2018,050724,0.9939,
2018,050726,1.0,
2018,050727,0.9924,
2018,050732,0.9979,
2018,050735,1.0,
2018,050736,0.9954,
2018,050737,0.9924,
2018,050738,1.0,
2018,050739,0.9879,
2018,050740,0.9993,
2018,050742,0.9802,
2018,050744,0.9999,
2018,050745,0.9995,
2018,050746,0.9993,
2018,050747,1.0,
2018,050748,1.0,
2018,050751,1.0,
2018,050754,1.0,no_measure_data
2018,050755,0.9907,
2018,050757,0.9996,
2018,050758,1.0,
2018,050760,0.9982,
2018,050761,0.9919,
2018,050763,1.0,
2018,050764,0.9979,
2018,050765,1.0,
2018,050766,1.0,
2018,050767,1.0,
2018,050769,1.0,
2018,050770,0.9866,
2018,050771,0.9971,
2018,050772,0.9999,
2018,050773,0.9961,
2018,050774,1.0,no_measure_data
2018,050775,0.9902,
2018,050776,0.9996,
2018,050777,1.0,
2018,050778,1.0,no_measure_data
2018,050779,1.0,
2018,050780,1.0,
2018,050781,1.0,
2018,050782,1.0,
2018,060001,1.0,
2018,060003,0.9836,
2018,060004,1.0,
2018,060006,1.0,
2018,060008,0.9987,
2018,060009,0.9994,
2018,060010,1.0,
2018,060011,0.9998,
2018,060012,1.0,
2018,060013,1.0,
2018,060014,0.9988,
2018,060015,1.0,
2018,060016,0.9955,
2018,060020,0.9998,
2018,060022,0.9991,
2018,060023,1.0,
2018,060024,0.9983,
2018,060027,0.9969,
2018,060028,0.9999,
2018,060030,1.0,
2018,060031,0.9969,
2018,060032,0.9993,
2018,060034,0.9995,
2018,060036,1.0,
2018,060043,1.0,
2018,060044,0.9994,
2018,060049,0.9998,
2018,060054,1.0,
2018,060064,0.9999,
2018,060065,0.9989,
2018,060071,0.9898,
2018,060075,1.0,
2018,060076,1.0,
2018,060096,0.9928,
2018,060100,0.9915,
2018,060103,0.97,
2018,060104,0.9999,
2018,060107,1.0,
2018,060112,1.0,
2018,060113,0.9962,
2018,060114,0.9872,
2018,060116,1.0,
2018,060117,1.0,
2018,060118,0.9895,
2018,060119,0.9998,
2018,060124,1.0,
2018,060125,0.9938,
2018,060126,1.0,
2018,070002,0.997,
2018,070003,0.996,
2018,070004,0.9979,
2018,070005,0.9875,
2018,070006,0.998,
2018,070007,0.9973,
2018,070008,0.9886,
2018,070010,0.985,
2018,070011,0.9949,
2018,070012,0.9922,
2018,070015,0.9936,
2018,070016,0.9979,
2018,070017,0.9863,
2018,070018,0.9921,
2018,070019,0.9959,
2018,070020,0.9976,
2018,070021,0.9988,
2018,070022,0.983,
2018,070024,0.9979,
2018,070025,0.9951,
2018,070027,0.9934,
2018,070028,0.9937,
2018,070029,0.9868,
2018,070031,0.997,
2018,070033,0.989,
2018,070034,0.9991,
2018,070035,0.9992,
2018,070036,0.9976,
2018,070038,1.0,no_measure_data
2018,070039,0.9977,
2018,070040,1.0,
2018,080001,0.9946,
2018,080003,0.9964,
2018,080004,0.9769,
2018,080006,0.9997,
2018,080007,0.9915,
2018,080009,0.9956,
2018,090001,0.9957,
2018,090003,0.9919,
2018,090004,0.9996,
2018,090005,1.0,
2018,090006,0.985,
2018,090008,0.9915,
2018,090011,0.9968,
2018,100001,0.9896,
2018,100002,0.9952,
2018,100006,0.9932,
2018,100007,0.979,
2018,100008,0.9997,
2018,100009,0.9925,
2018,100012,0.9854,
2018,100014,0.9959,
2018,100017,0.9956,
2018,100018,1.0,
2018,100019,0.9886,
2018,100022,0.9921,
2018,100023,0.9922,
2018,100025,0.9926,
2018,100026,0.9971,
2018,100028,0.999,
2018,100029,0.9864,
2018,100030,0.9984,
2018,100032,0.9833,
2018,100034,0.9945,
2018,100035,0.9968,
2018,100038,0.9996,
2018,100039,0.9954,
2018,100040,0.9919,
2018,100043,0.995,
2018,100044,0.9888,
2018,100045,0.9914,
2018,100046,0.9953,
2018,100047,0.9989,
2018,100048,0.9981,
2018,100049,0.9981,
2018,100050,0.9785,
2018,100051,0.9975,
2018,100052,0.989,
2018,100053,0.9776,
2018,100054,0.9966,
2018,100055,0.9962,
2018,100057,0.9903,
2018,100062,0.9984,
2018,100063,0.9848,
2018,100067,0.9858,
2018,100068,0.9997,
2018,100069,0.9948,
2018,100070,1.0,
2018,100071,0.9905,
2018,100072,0.9884,
2018,100073,0.9982,
2018,100075,0.9916,
2018,100076,0.9996,
2018,100077,0.9862,
2018,100080,0.9906,
2018,100081,0.9925,
2018,100084,0.9773,
2018,100086,0.9973,
2018,100087,1.0,
2018,100088,0.9882,
2018,100090,0.9935,
2018,100092,0.9869,
2018,100093,0.9945,
2018,100099,0.9839,
2018,100102,0.9905,
2018,100105,0.9982,
2018,100106,0.9963,
2018,100107,0.9868,
2018,100109,0.9864,
2018,100110,0.9773,
2018,100113,0.9934,
2018,100117,0.9863,
2018,100118,0.9931,
2018,100121,0.994,
2018,100122,0.9951,
2018,100124,0.9925,
2018,100125,1.0,
2018,100126,0.9772,
2018,100127,0.9945,
2018,100128,0.9976,
2018,100130,0.9948,
2018,100131,0.9849,
2018,100132,0.9957,
2018,100134,1.0,
2018,100135,0.9972,
2018,100137,0.9821,
2018,100139,1.0,
2018,100140,0.9983,
2018,100142,0.9894,
2018,100150,0.9851,
2018,100151,0.9973,
2018,100154,0.9967,
2018,100156,0.9878,
2018,100157,0.97,
2018,100161,0.9943,
2018,100166,0.9998,
2018,100167,0.9923,
2018,100168,0.9954,
2018,100173,0.9925,
2018,100175,0.9893,
2018,100176,0.9838,
2018,100177,0.9994,
2018,100179,0.9855,
2018,100180,0.9829,
2018,100181,0.996,
2018,100183,0.9901,
2018,100187,0.9901,
2018,100189,0.9941,
2018,100191,0.9922,
2018,100200,0.9977,
2018,100204,0.9704,
2018,100206,0.989,
2018,100209,0.9812,
2018,100211,0.997,
2018,100212,0.9934,
2018,100213,0.9908,
2018,100217,0.97,
2018,100220,0.99,
2018,100223,0.9864,
2018,100224,0.9789,
2018,100226,0.9922,
2018,100228,0.9965,
2018,100230,0.9991,
2018,100231,0.9906,
2018,100232,0.9893,
2018,100234,0.9892,
2018,100236,0.9923,
2018,100238,0.9842,
2018,100239,0.9995,
2018,100240,1.0,no_measure_data
2018,100242,0.996,
2018,100243,0.9873,
2018,100244,0.9821,
2018,100246,0.97,
2018,100248,0.9848,
2018,100249,0.9992,
2018,100252,0.9866,
2018,100253,0.9989,
2018,100254,0.9897,
2018,100255,0.9953,
2018,100256,0.9913,
2018,100258,0.9925,
2018,100259,0.9812,
2018,100260,0.97,
2018,100264,0.9877,
2018,100265,1.0,
2018,100266,0.9964,
2018,100267,0.9986,
2018,100268,0.9852,
2018,100269,0.9917,
2018,100275,0.9944,
2018,100276,0.9927,
2018,100277,1.0,
2018,100281,0.9997,
2018,100284,0.9872,
2018,100285,0.9965,
2018,100286,0.9986,
2018,100287,0.993,
2018,100288,0.9929,
2018,100289,0.9963,
2018,100290,0.9956,
2018,100291,0.9877,
2018,100292,0.9969,
2018,100296,0.9971,
2018,100299,1.0,
2018,100302,0.9885,
2018,100307,0.9789,
2018,100313,1.0,
2018,100314,1.0,
2018,100315,0.9708,
2018,100316,0.97,
2018,100319,0.9992,
2018,100320,0.998,
2018,100321,0.97,
2018,100322,1.0,
2018,100324,1.0,
2018,100325,1.0,
2018,100326,1.0,
2018,100327,1.0,
2018,110001,0.9909,
2018,110002,0.9969,
2018,110003,0.983,
2018,110004,1.0,
2018,110005,0.9937,
2018,110006,0.9998,
2018,110007,0.9958,
2018,110008,0.9929,
2018,110010,0.9989,
2018,110011,0.9916,
2018,110015,0.9962,
2018,110016,0.9987,
2018,110018,0.978,
2018,110023,0.9988,
2018,110024,0.9991,
2018,110025,0.9863,
2018,110026,0.9994,
2018,110027,0.9933,
2018,110028,0.9913,
2018,110029,0.9943,
2018,110030,0.9974,
2018,110031,0.9908,
2018,110032,0.9938,
2018,110034,0.9983,
2018,110035,0.9909,
2018,110036,0.9984,
2018,110038,0.9883,
2018,110039,0.9973,
2018,110040,0.9981,
2018,110041,0.9722,
2018,110042,0.9872,
2018,110043,0.9945,
2018,110044,0.9946,
2018,110045,1.0,
2018,110046,1.0,
2018,110050,1.0,
2018,110051,0.9966,
2018,110054,0.9953,
2018,110064,0.9983,
2018,110069,0.9721,
2018,110071,0.9982,
2018,110073,0.9954,
2018,110074,1.0,
2018,110075,0.9943,
2018,110076,0.9954,
2018,110078,0.9993,
2018,110079,0.995,
2018,110082,0.9875,
2018,110083,0.996,
2018,110086,1.0,
2018,110087,1.0,
2018,110089,0.9918,
2018,110091,0.9944,
2018,110092,0.9984,
2018,110095,1.0,
2018,110100,0.996,
2018,110101,0.9978,
2018,110104,0.9957,
2018,110105,0.984,
2018,110107,0.9954,
2018,110109,0.9934,
2018,110111,0.9892,
2018,110113,0.9813,
2018,110115,0.9936,
2018,110121,1.0,
2018,110122,0.9932,
2018,110124,0.9942,
2018,110125,1.0,
2018,110128,0.9934,
2018,110129,1.0,
2018,110130,0.9957,
2018,110132,0.9979,
2018,110135,1.0,
2018,110142,1.0,
2018,110143,0.9988,
2018,110146,0.9995,
2018,110150,0.9968,
2018,110153,0.9899,
2018,110161,0.9918,
2018,110164,0.996,
2018,110165,0.9946,
2018,110168,0.9926,
2018,110177,0.9839,
2018,110183,0.9982,
2018,110184,0.9972,
2018,110186,1.0,
2018,110187,0.97,
2018,110189,1.0,
2018,110190,1.0,
2018,110191,0.9713,
2018,110192,0.9775,
2018,110194,0.9962,
2018,110198,0.9834,
2018,110200,0.9731,
2018,110201,0.9977,
2018,110203,1.0,no_measure_data
2018,110205,0.9927,
2018,110209,1.0,no_measure_data
2018,110215,0.9884,
2018,110225,1.0,
2018,110226,0.9934,
2018,110229,0.9972,
2018,110230,0.9895,
2018,110233,1.0,
2018,110234,1.0,
2018,110235,1.0,
2018,120001,1.0,
2018,120002,0.9995,
2018,120004,0.9937,
2018,120005,0.997,
2018,120006,0.9999,
2018,120007,0.9991,
2018,120011,1.0,
2018,120014,1.0,
2018,120019,0.9962,
2018,120022,0.9999,
2018,120026,0.9965,
2018,120028,1.0,
2018,130002,0.9998,
2018,130003,1.0,
2018,130006,1.0,
2018,130007,1.0,
2018,130013,0.9937,
2018,130014,0.9802,
2018,130018,1.0,
2018,130025,0.9971,
2018,130028,1.0,
2018,130049,1.0,
2018,130063,1.0,
2018,130065,1.0,
2018,130066,0.9741,
2018,130067,1.0,
2018,140001,0.9862,
2018,140002,0.9791,
2018,140007,0.9754,
2018,140008,0.9973,
2018,140010,0.9989,
2018,140011,0.9795,
2018,140012,1.0,
2018,140013,0.9773,
2018,140015,0.993,
2018,140018,0.9953,
2018,140019,0.9908,
2018,140026,0.994,
2018,140029,1.0,
2018,140030,0.9934,
2018,140032,0.9992,
2018,140033,1.0,no_measure_data
2018,140034,0.9796,
2018,140040,0.9869,
2018,140043,1.0,
2018,140046,0.981,
2018,140048,0.9934,
2018,140049,0.995,
2018,140051,1.0,
2018,140052,0.9865,
2018,140053,1.0,
2018,140054,0.984,
2018,140058,0.9979,
2018,140059,1.0,
2018,140062,0.9931,
2018,140063,0.9939,
2018,140064,0.9974,
2018,140065,0.9978,
2018,140067,0.9893,
2018,140068,0.9948,
2018,140077,0.9975,
2018,140080,0.9824,
2018,140082,0.9824,
2018,140083,0.9997,
2018,140084,0.9966,
2018,140088,0.996,
2018,140089,0.9995,
2018,140091,0.9972,
2018,140093,0.9777,
2018,140095,0.9887,
2018,140100,1.0,
2018,140101,0.9928,
2018,140103,0.981,
2018,140110,0.9947,
2018,140113,0.9921,
2018,140114,0.986,
2018,140115,0.9958,
2018,140116,1.0,
2018,140117,0.9945,
2018,140118,0.9752,
2018,140119,0.9967,
2018,140120,0.9857,
2018,140122,0.9938,
2018,140124,0.9968,
2018,140125,0.9832,
2018,140127,0.9986,
2018,140130,0.97,
2018,140133,0.9878,
2018,140135,0.9993,
2018,140137,1.0,
2018,140143,0.9989,
2018,140145,0.9995,
2018,140147,0.9874,
2018,140148,0.999,
2018,140150,0.9964,
2018,140155,0.9994,
2018,140158,0.9864,
2018,140160,0.985,
2018,140161,1.0,
2018,140162,0.9957,
2018,140164,0.9869,
2018,140166,0.9908,
2018,140167,0.9977,
2018,140172,0.973,
2018,140174,0.9962,
2018,140176,0.9986,
2018,140177,0.9946,
2018,140179,0.9816,
2018,140180,0.9978,
2018,140181,0.9926,
2018,140182,0.9924,
2018,140184,0.9741,
2018,140185,0.9939,
2018,140186,0.9981,
2018,140187,0.9948,
2018,140189,0.9975,
2018,140191,0.9924,
2018,140197,0.9967,
2018,140200,0.9899,
2018,140202,0.9976,
2018,140206,0.9949,
2018,140208,0.9877,
2018,140209,0.9986,
2018,140210,0.984,
2018,140211,1.0,
2018,140213,0.9897,
2018,140217,1.0,
2018,140223,0.9986,
2018,140224,0.9872,
2018,140228,0.9962,
2018,140231,0.9853,
2018,140233,0.9916,
2018,140234,0.9904,
2018,140239,0.9851,
2018,140240,0.9973,
2018,140242,1.0,
2018,140250,0.9931,
2018,140251,0.9959,
2018,140252,0.9984,
2018,140258,0.9901,
2018,140275,0.9971,
2018,140276,0.9929,
2018,140280,0.9964,
2018,140281,0.9999,
2018,140286,0.9904,
2018,140288,0.9909,
2018,140289,0.9985,
2018,140290,0.9792,
2018,140291,0.9997,
2018,140292,0.9972,
2018,140294,0.9902,
2018,140300,1.0,
2018,140304,0.9942,
2018,140307,1.0,
2018,150001,1.0,
2018,150002,0.9791,
2018,150003,0.9932,
2018,150004,0.9869,
2018,150005,0.996,
2018,150006,0.9898,
2018,150007,0.9949,
2018,150008,0.9982,
2018,150009,0.9935,
2018,150010,0.9996,
2018,150011,0.9996,
2018,150012,0.9992,
2018,150015,0.9961,
2018,150017,0.9985,
2018,150018,0.9979,
2018,150021,0.9984,
2018,150022,0.9914,
2018,150023,0.9971,
2018,150024,0.999,
2018,150026,0.9961,
2018,150030,0.9997,
2018,150034,0.9799,
2018,150035,0.9987,
2018,150037,0.9988,
2018,150038,1.0,
2018,150042,0.9961,
2018,150044,0.9922,
2018,150045,0.9845,
2018,150046,0.9917,
2018,150047,0.9975,
2018,150048,0.998,
2018,150051,1.0,
2018,150056,0.9967,
2018,150057,0.9997,
2018,150058,0.9995,
2018,150059,1.0,
2018,150061,0.9981,
2018,150064,1.0,
2018,150065,1.0,
2018,150069,0.9781,
2018,150072,1.0,
2018,150074,0.9982,
2018,150075,0.9842,
2018,150076,0.9997,
2018,150082,0.9885,
2018,150084,0.9998,
2018,150086,0.9861,
2018,150088,0.9717,
2018,150089,0.9982,
2018,150090,0.9941,
2018,150091,1.0,
2018,150097,1.0,
2018,150100,0.9824,
2018,150101,1.0,
2018,150102,0.9978,
2018,150104,0.9971,
2018,150109,1.0,
2018,150112,0.9958,
2018,150113,0.986,
2018,150115,1.0,
2018,150125,0.9949,
2018,150126,0.9959,
2018,150128,0.9946,
2018,150129,0.9992,
2018,150133,0.9961,
2018,150146,0.9994,
2018,150149,1.0,no_measure_data
2018,150150,0.9996,
2018,150153,1.0,
2018,150154,0.9888,
2018,150157,1.0,
2018,150158,0.9929,
2018,150160,1.0,
2018,150161,1.0,
2018,150162,0.9984,
2018,150163,1.0,
2018,150164,1.0,
2018,150165,0.9937,
2018,150166,0.9983,
2018,150167,1.0,
2018,150168,1.0,
2018,150169,0.9926,
2018,150172,0.998,
2018,150173,0.9998,
2018,150175,0.9972,
2018,150176,0.97,
2018,150177,1.0,
2018,150179,1.0,no_measure_data
2018,150180,1.0,
2018,150181,1.0,
2018,150182,1.0,
2018,150183,1.0,
2018,160001,0.9972,
2018,160005,0.999,
2018,160008,0.9748,
2018,160013,0.9989,
2018,160016,0.9965,
2018,160024,0.9753,
2018,160028,0.9981,
2018,160029,0.9987,
2018,160030,1.0,
2018,160032,0.9943,
2018,160033,0.9977,
2018,160040,1.0,
2018,160045,0.9983,
2018,160047,0.9996,
2018,160057,0.9885,
2018,160058,0.9993,
2018,160064,1.0,
2018,160067,0.9984,
2018,160069,0.995,
2018,160079,0.9988,
2018,160080,0.986,
2018,160082,0.9999,
2018,160083,1.0,
2018,160089,0.9986,
2018,160101,1.0,
2018,160104,0.99,
2018,160110,0.9956,
2018,160112,1.0,
2018,160117,0.9807,
2018,160122,1.0,
2018,160124,1.0,
2018,160146,0.9992,
2018,160147,0.9985,
2018,160153,0.998,
2018,160157,1.0,
2018,170001,1.0,no_measure_data
2018,170006,0.9995,
2018,170009,0.9985,
2018,170010,1.0,
2018,170012,0.9953,
2018,170013,0.9915,
2018,170014,0.9915,
2018,170016,0.9979,
2018,170017,0.998,
2018,170020,1.0,
2018,170023,0.9938,
2018,170027,1.0,
2018,170039,0.9981,
2018,170040,0.9953,
2018,170049,0.9821,
2018,170058,0.9893,
2018,170068,1.0,
2018,170074,0.9931,
2018,170075,1.0,
2018,170086,0.9992,
2018,170094,1.0,
2018,170103,0.9994,
2018,170104,0.9961,
2018,170105,0.9961,
2018,170109,0.9945,
2018,170110,1.0,
2018,170120,1.0,
2018,170122,0.9984,
2018,170123,1.0,
2018,170133,0.9999,
2018,170137,0.998,
2018,170142,0.9991,
2018,170145,1.0,
2018,170146,0.9779,
2018,170150,1.0,
2018,170166,0.9987,
2018,170175,0.9974,
2018,170176,0.9822,
2018,170182,0.9963,
2018,170183,1.0,
2018,170185,1.0,
2018,170186,1.0,
2018,170187,1.0,
2018,170188,1.0,
2018,170190,0.978,
2018,170191,0.9994,
2018,170194,1.0,no_measure_data
2018,170196,1.0,
2018,170197,0.9934,
2018,170198,1.0,
2018,170199,1.0,no_measure_data
2018,170200,0.9951,
2018,170201,1.0,no_measure_data
2018,170203,1.0,
2018,180001,0.9905,
2018,180002,0.981,
2018,180004,0.9949,
2018,180005,0.9856,
2018,180009,0.981,
2018,180010,0.9961,
2018,180011,0.9968,
2018,180012,0.9982,
2018,180013,0.9768,
2018,180016,0.9929,
2018,180017,0.9973,
2018,180018,0.9977,
2018,180019,0.9988,
2018,180020,0.9888,
2018,180021,0.9843,
2018,180024,0.9965,
2018,180025,1.0,
2018,180027,0.9934,
2018,180029,0.97,
2018,180035,0.9886,
2018,180036,0.984,
2018,180038,1.0,
2018,180040,0.9926,
2018,180043,0.9887,
2018,180044,0.9859,
2018,180045,0.9876,
2018,180046,1.0,
2018,180048,0.9888,
2018,180049,0.9902,
2018,180050,0.97,
2018,180051,0.9822,
2018,180053,0.9854,
2018,180056,0.986,
2018,180064,0.9951,
2018,180066,0.9956,
2018,180067,0.9945,
2018,180069,0.97,
2018,180070,0.9966,
2018,180078,0.9985,
2018,180079,0.9997,
2018,180080,0.9882,
2018,180087,0.9999,
2018,180088,0.9966,
2018,180092,0.9994,
2018,180093,0.9938,
2018,180095,0.9912,
2018,180101,0.9979,
2018,180102,0.9825,
2018,180103,0.9998,
2018,180104,0.9946,
2018,180105,0.9794,
2018,180106,0.9893,
2018,180115,0.9843,
2018,180116,0.97,
2018,180117,0.9987,
2018,180124,0.9726,
2018,180127,0.9925,
2018,180128,0.9927,
2018,180130,1.0,
2018,180132,0.9899,
2018,180138,0.9978,
2018,180139,0.9871,
2018,180141,0.9991,
2018,180143,0.9717,
2018,180149,1.0,
2018,180152,1.0,
2018,180153,1.0,
2018,190001,0.9955,
2018,190002,0.9866,
2018,190003,1.0,
2018,190004,0.9933,
2018,190005,0.9992,
2018,190006,0.999,
2018,190007,0.9964,
2018,190008,0.9927,
2018,190009,1.0,
2018,190011,0.9961,
2018,190013,0.9822,
2018,190014,0.9935,
2018,190015,0.9975,
2018,190017,1.0,
2018,190019,1.0,
2018,190020,0.97,
2018,190025,0.9969,
2018,190026,0.9904,
2018,190027,0.9934,
2018,190034,0.9939,
2018,190036,0.9939,
2018,190039,0.9986,
2018,190040,0.9875,
2018,190041,0.97,
2018,190044,0.997,
2018,190045,0.9938,
2018,190046,0.9947,
2018,190050,0.9951,
2018,190053,0.9811,
2018,190054,0.9979,
2018,190060,0.9872,
2018,190064,0.9995,
2018,190065,0.9916,
2018,190079,0.994,
2018,190081,0.9971,
2018,190086,0.9933,
2018,190088,1.0,
2018,190090,0.9984,
2018,190098,0.996,
2018,190099,0.9935,
2018,190102,0.9978,
2018,190106,0.9957,
2018,190111,0.9988,
2018,190114,1.0,
2018,190116,0.9979,
2018,190118,0.9959,
2018,190125,1.0,
2018,190128,1.0,no_measure_data
2018,190133,1.0,
2018,190140,0.9778,
2018,190144,0.9968,
2018,190145,1.0,
2018,190146,0.9976,
2018,190151,0.9819,
2018,190160,0.9862,
2018,190164,0.97,
2018,190167,0.9939,
2018,190175,1.0,
2018,190176,0.9972,
2018,190177,0.9934,
2018,190183,0.9999,
2018,190184,1.0,
2018,190190,0.9947,
2018,190199,1.0,
2018,190201,0.97,
2018,190202,0.9977,
2018,190204,0.9952,
2018,190205,0.9991,
2018,190208,0.9989,
2018,190218,0.9984,
2018,190236,0.9975,
2018,190241,1.0,
2018,190242,0.9962,
2018,190245,1.0,
2018,190246,1.0,
2018,190250,0.994,
2018,190251,1.0,
2018,190255,1.0,
2018,190256,1.0,
2018,190257,1.0,
2018,190259,1.0,
2018,190261,1.0,
2018,190263,1.0,
2018,190266,1.0,no_measure_data
2018,190267,1.0,
2018,190268,0.97,
2018,190270,1.0,
2018,190274,0.9885,
2018,190278,0.9714,
2018,190297,0.9768,
2018,190298,1.0,
2018,190300,1.0,
2018,190302,1.0,
2018,190303,1.0,
2018,190304,1.0,no_measure_data
2018,190307,1.0,no_measure_data
2018,190308,0.9966,
2018,190310,1.0,no_measure_data
2018,190312,0.9942,
2018,190313,1.0,
2018,200001,0.9929,
2018,200002,1.0,
2018,200008,1.0,
2018,200009,1.0,
2018,200018,0.9944,
2018,200019,1.0,
2018,200020,0.9926,
2018,200021,0.9938,
2018,200024,0.9975,
2018,200025,0.9885,
2018,200031,0.9916,
2018,200033,0.9946,
2018,200034,1.0,
2018,200037,0.9947,
2018,200039,0.9999,
2018,200040,0.9983,
2018,200041,1.0,
2018,200050,0.9939,
2018,200052,1.0,
2018,200063,0.9999,
2018,220001,0.9914,
2018,220002,0.9987,
2018,220008,0.982,
2018,220010,0.9841,
2018,220011,0.9938,
2018,220012,0.9978,
2018,220015,0.9971,
2018,220016,0.9975,
2018,220017,0.9973,
2018,220019,0.9885,
2018,220020,0.9828,
2018,220024,0.9899,
2018,220029,0.9836,
2018,220030,0.9947,
2018,220031,0.9936,
2018,220033,0.9947,
2018,220035,1.0,
2018,220036,0.9929,
2018,220046,0.9941,
2018,220049,0.9965,
2018,220050,1.0,
2018,220051,0.9881,
2018,220052,0.9867,
2018,220058,0.998,
2018,220060,0.992,
2018,220062,1.0,no_measure_data
2018,220063,0.9794,
2018,220065,0.9951,
2018,220066,0.9878,
2018,220067,0.9925,
2018,220070,0.9817,
2018,220071,0.9964,
2018,220073,0.9863,
2018,220074,0.97,
2018,220075,1.0,
2018,220077,0.9998,
2018,220080,0.9864,
2018,220082,0.996,
2018,220083,0.9919,
2018,220084,0.9998,
2018,220086,0.9839,
2018,220088,0.9999,
2018,220090,0.9789,
2018,220095,0.9978,
2018,220098,0.9894,
2018,220100,0.9861,
2018,220101,0.9998,
2018,220105,0.9967,
2018,220108,0.9854,
2018,220110,0.9978,
2018,220111,0.9789,
2018,220116,0.9921,
2018,220119,0.9927,
2018,220126,0.9901,
2018,220135,0.9766,
2018,220163,0.9959,
2018,220171,0.9826,
2018,220174,0.9946,
2018,220175,0.9999,
2018,220176,0.9946,
2018,220177,1.0,
2018,230002,0.9911,
2018,230003,1.0,
2018,230004,1.0,
2018,230005,1.0,
2018,230013,1.0,
2018,230015,0.9959,
2018,230017,0.9995,
2018,230019,1.0,
2018,230020,0.9785,
2018,230021,1.0,
2018,230022,0.9936,
2018,230024,0.9884,
2018,230029,0.9983,
2018,230030,1.0,
2018,230031,0.97,
2018,230035,0.9984,
2018,230036,0.992,
2018,230037,1.0,
2018,230038,0.9985,
2018,230040,0.9905,
2018,230041,0.9905,
2018,230046,0.9966,
2018,230047,0.9925,
2018,230053,0.9911,
2018,230054,1.0,
2018,230055,0.9877,
2018,230058,0.9992,
2018,230059,0.9968,
2018,230066,1.0,
2018,230069,0.9912,
2018,230070,0.9885,
2018,230071,1.0,no_measure_data
2018,230072,1.0,
2018,230075,0.9946,
2018,230077,0.9962,
2018,230078,0.9992,
2018,230080,0.9979,
2018,230081,0.9901,
2018,230085,0.9982,
2018,230089,0.9895,
2018,230092,0.9936,
2018,230093,0.9917,
2018,230095,0.9962,
2018,230096,0.9968,
2018,230097,0.9959,
2018,230099,0.9886,
2018,230100,1.0,
2018,230104,0.987,
2018,230105,0.9969,
2018,230106,0.9986,
2018,230108,1.0,
2018,230110,0.9982,
2018,230117,0.9987,
2018,230118,1.0,
2018,230121,0.999,
2018,230130,0.9877,
2018,230132,0.9763,
2018,230133,1.0,
2018,230141,0.9849,
2018,230142,0.984,
2018,230144,1.0,no_measure_data
2018,230146,0.9846,
2018,230151,0.9891,
2018,230156,0.9939,
2018,230165,0.9962,
2018,230167,0.9964,
2018,230174,1.0,
2018,230176,0.9905,
2018,230180,0.9915,
2018,230193,0.9973,
2018,230195,0.9966,
2018,230197,0.9902,
2018,230207,0.9977,
2018,230208,0.9936,
2018,230216,0.9766,
2018,230217,0.9909,
2018,230222,0.9985,
2018,230227,0.9847,
2018,230230,0.9879,
2018,230236,1.0,
2018,230239,0.9982,
2018,230241,0.9968,
2018,230244,0.9858,
2018,230254,0.9927,
2018,230259,1.0,
2018,230264,1.0,
2018,230269,0.9914,
2018,230270,0.9879,
2018,230273,0.9908,
2018,230275,1.0,no_measure_data
2018,230277,0.9952,
2018,230279,1.0,no_measure_data
2018,230297,0.9998,
2018,230301,1.0,
2018,230302,0.9809,
2018,230303,0.9812,
2018,230304,1.0,no_measure_data
2018,240001,0.9992,
2018,240002,0.9987,
2018,240004,0.9972,
2018,240006,0.9997,
2018,240010,0.9993,
2018,240014,0.9983,
2018,240018,0.9989,
2018,240019,0.9994,
2018,240020,0.9988,
2018,240022,0.9973,
2018,240030,0.9968,
2018,240036,0.9993,
2018,240038,0.9953,
2018,240040,0.9979,
2018,240043,0.998,
2018,240044,0.9926,
2018,240047,0.9948,
2018,240050,1.0,
2018,240052,0.9971,
2018,240053,0.9995,
2018,240056,0.9985,
2018,240057,0.9982,
2018,240059,0.9975,
2018,240061,1.0,
2018,240063,0.9984,
2018,240064,0.9993,
2018,240066,0.9995,
2018,240069,0.992,
2018,240071,0.9977,
2018,240075,0.9953,
2018,240076,0.9984,
2018,240078,0.9977,
2018,240080,0.9983,
2018,240084,0.9908,
2018,240088,0.998,
2018,240093,0.9994,
2018,240100,1.0,
2018,240101,0.9998,
2018,240104,0.9968,
2018,240106,0.9994,
2018,240115,0.9981,
2018,240132,0.9962,
2018,240141,0.9975,
2018,240166,0.9958,
2018,240187,1.0,
2018,240196,1.0,no_measure_data
2018,240206,1.0,
2018,240207,0.9933,
2018,240210,0.9988,
2018,240213,0.9998,
2018,240214,0.9997,
2018,250001,0.9983,
2018,250002,0.9984,
2018,250004,0.9966,
2018,250006,0.9967,
2018,250007,0.9951,
2018,250009,0.9766,
2018,250010,1.0,
2018,250012,0.9953,
2018,250015,0.9975,
2018,250017,0.9987,
2018,250018,1.0,
2018,250019,0.9914,
2018,250020,0.97,
2018,250025,0.992,
2018,250027,0.994,
2018,250031,0.9848,
2018,250034,0.9973,
2018,250036,0.9977,
2018,250038,0.9913,
2018,250040,0.9906,
2018,250042,0.9862,
2018,250043,0.9909,
2018,250044,0.9999,
2018,250048,0.9967,
2018,250049,1.0,
2018,250050,0.9944,
2018,250051,1.0,
2018,250057,0.9991,
2018,250058,0.9745,
2018,250059,1.0,no_measure_data
2018,250060,1.0,
2018,250061,0.9927,
2018,250067,0.9983,
2018,250069,0.9847,
2018,250072,0.9889,
2018,250077,0.9973,
2018,250078,0.97,
2018,250079,0.9924,
2018,250081,1.0,no_measure_data
2018,250082,0.9981,
2018,250084,0.9994,
2018,250085,0.9911,
2018,250093,0.9809,
2018,250094,0.9933,
2018,250095,0.9979,
2018,250096,0.986,
2018,250097,0.9948,
2018,250099,0.9891,
2018,250100,0.9921,
2018,250102,0.9956,
2018,250104,0.9932,
2018,250117,0.9988,
2018,250122,0.9982,
2018,250123,0.9782,
2018,250124,0.9942,
2018,250126,0.9884,
2018,250127,1.0,
2018,250128,0.9949,
2018,250134,1.0,
2018,250136,1.0,no_measure_data
2018,250138,0.9967,
2018,250141,0.9801,
2018,250151,1.0,no_measure_data
2018,250152,1.0,no_measure_data
2018,250162,0.994,
2018,250167,0.9978,
2018,250168,0.9997,
2018,260001,0.9869,
2018,260004,0.9979,
2018,260005,0.991,
2018,260006,1.0,
2018,260009,0.9856,
2018,260011,0.9853,
2018,260015,0.9904,
2018,260017,0.9906,
2018,260020,0.9992,
2018,260022,0.9991,
2018,260023,0.9717,
2018,260024,0.995,
2018,260025,0.9751,
2018,260027,0.9977,
2018,260032,0.9977,
2018,260034,0.9827,
2018,260040,0.9954,
2018,260047,0.9973,
2018,260048,0.9992,
2018,260050,1.0,
2018,260052,1.0,
2018,260057,0.9995,
2018,260059,0.9884,
2018,260061,1.0,
2018,260062,0.9962,
2018,260064,0.9995,
2018,260065,0.9884,
2018,260068,1.0,
2018,260070,0.9701,
2018,260074,0.9926,
2018,260077,0.9883,
2018,260078,0.9996,
2018,260080,0.9929,
2018,260081,0.9952,
2018,260085,0.9899,
2018,260091,0.9985,
2018,260094,0.9949,
2018,260095,0.97,
2018,260096,0.9774,
2018,260097,1.0,
2018,260102,0.9986,
2018,260104,0.9948,
2018,260105,0.9983,
2018,260108,0.9906,
2018,260110,0.9931,
2018,260113,0.9977,
2018,260116,0.9986,
2018,260119,0.9881,
2018,260137,0.9997,
2018,260138,0.9979,
2018,260141,0.9935,
2018,260142,0.9883,
2018,260147,1.0,
2018,260160,0.9828,
2018,260162,0.9982,
2018,260163,0.9922,
2018,260175,1.0,
2018,260176,0.9882,
2018,260177,0.979,
2018,260179,1.0,
2018,260180,0.9831,
2018,260183,0.9986,
2018,260186,0.9967,
2018,260190,0.9715,
2018,260191,0.981,
2018,260193,0.9863,
2018,260195,1.0,
2018,260200,0.9994,
2018,260207,1.0,
2018,260209,0.9959,
2018,260210,0.9949,
2018,260214,0.991,
2018,260216,0.9976,
2018,260219,0.9892,
2018,260227,0.9968,
2018,260228,1.0,no_measure_data
2018,260229,1.0,
2018,260230,1.0,no_measure_data
2018,270003,0.9848,
2018,270004,1.0,
2018,270012,1.0,
2018,270014,1.0,
2018,270017,0.992,
2018,270023,0.9997,
2018,270032,0.9886,
2018,270049,1.0,
2018,270051,1.0,
2018,270057,1.0,
2018,270074,0.9999,
2018,270086,0.9989,
2018,270087,1.0,
2018,280003,0.9998,
2018,280009,1.0,
2018,280013,0.9986,
2018,280020,1.0,
2018,280023,1.0,
2018,280030,0.9997,
2018,280032,1.0,
2018,280040,0.9985,
2018,280060,0.9952,
2018,280061,0.9996,
2018,280065,0.9981,
2018,280077,0.9951,
2018,280081,0.9902,
2018,280105,0.9976,
2018,280111,0.9977,
2018,280119,1.0,
2018,280125,0.9958,
2018,280127,1.0,
2018,280128,1.0,
2018,280129,1.0,
2018,280130,0.9982,
2018,280131,1.0,
2018,280132,0.9869,
2018,280133,1.0,no_measure_data
2018,280134,0.994,
2018,280135,1.0,
2018,280136,1.0,
2018,290001,0.9992,
2018,290002,1.0,
2018,290003,0.9821,
2018,290005,0.9874,
2018,290006,1.0,no_measure_data
2018,290007,0.9978,
2018,290008,0.9848,
2018,290009,0.9884,
2018,290012,0.9966,
2018,290019,0.992,
2018,290020,1.0,
2018,290021,0.994,
2018,290022,0.9884,
2018,290032,0.9796,
2018,290039,0.9915,
2018,290041,0.9921,
2018,290042,1.0,no_measure_data
2018,290045,0.9949,
2018,290046,0.9935,
2018,290047,0.9983,
2018,290049,1.0,
2018,290051,1.0,
2018,290053,0.9971,
2018,290054,0.9914,
2018,290056,1.0,
2018,300001,0.9984,
2018,300003,1.0,
2018,300005,0.9992,
2018,300011,0.9746,
2018,300012,0.993,
2018,300014,1.0,
2018,300017,0.98,
2018,300018,0.9998,
2018,300019,1.0,
2018,300020,0.9973,
2018,300023,0.9944,
2018,300029,0.9813,
2018,300034,0.9964,
2018,310001,0.9941,
2018,310002,0.987,
2018,310003,0.9794,
2018,310005,1.0,
2018,310006,0.9859,
2018,310008,0.9889,
2018,310009,0.996,
2018,310010,0.9987,
2018,310011,0.9945,
2018,310012,0.9957,
2018,310014,0.9834,
2018,310015,0.9957,
2018,310016,0.9837,
2018,310017,0.9878,
2018,310019,0.9703,
2018,310021,0.9971,
2018,310022,0.9843,
2018,310024,0.9852,
2018,310025,0.9799,
2018,310027,0.9943,
2018,310028,0.9908,
2018,310029,0.9997,
2018,310031,0.9901,
2018,310032,0.9901,
2018,310034,0.9985,
2018,310038,0.9852,
2018,310039,0.9767,
2018,310040,0.9887,
2018,310041,0.9952,
2018,310044,0.9935,
2018,310045,0.9903,
2018,310047,0.9888,
2018,310048,0.9891,
2018,310050,0.9811,
2018,310051,1.0,
2018,310052,0.996,
2018,310054,0.987,
2018,310057,0.9957,
2018,310058,0.9885,
2018,310060,0.9991,
2018,310061,0.9933,
2018,310064,0.994,
2018,310069,0.9968,
2018,310070,0.9821,
2018,310073,0.9999,
2018,310074,0.9848,
2018,310075,0.9972,
2018,310076,0.9911,
2018,310081,0.9947,
2018,310083,0.9841,
2018,310084,0.9983,
2018,310086,0.9835,
2018,310091,0.9902,
2018,310092,0.9942,
2018,310096,0.992,
2018,310108,0.9773,
2018,310110,0.983,
2018,310111,0.9928,
2018,310112,0.9924,
2018,310113,1.0,
2018,310115,0.9869,
2018,310118,0.9843,
2018,310119,0.9993,
2018,310130,0.9996,
2018,320001,0.9995,
2018,320002,0.9976,
2018,320003,0.9879,
2018,320004,0.9878,
2018,320005,0.9974,
2018,320006,0.9956,
2018,320009,0.9958,
2018,320011,0.9997,
2018,320013,0.9969,
2018,320016,0.9995,
2018,320017,0.9973,
2018,320018,0.997,
2018,320021,1.0,
2018,320022,0.993,
2018,320030,1.0,
2018,320033,0.9925,
2018,320038,0.9999,
2018,320057,1.0,
2018,320058,1.0,
2018,320059,0.9987,
2018,320060,0.999,
2018,320061,0.9896,
2018,320062,1.0,
2018,320063,0.9976,
2018,320065,1.0,
2018,320067,1.0,
2018,320070,1.0,
2018,320074,0.9987,
2018,320084,0.9986,
2018,320085,0.9848,
2018,320086,0.984,
2018,320089,0.9858,
2018,330003,1.0,
2018,330004,0.9777,
2018,330005,0.9971,
2018,330006,0.9906,
2018,330008,0.9909,
2018,330009,0.9922,
2018,330011,0.9875,
2018,330013,0.9967,
2018,330014,0.9907,
2018,330019,0.981,
2018,330023,0.9737,
2018,330024,0.9951,
2018,330027,0.994,
2018,330028,0.985,
2018,330030,0.9766,
2018,330033,0.9907,
2018,330043,0.9938,
2018,330044,0.9895,
2018,330045,0.9816,
2018,330046,0.9916,
2018,330047,0.9981,
2018,330049,0.9984,
2018,330053,1.0,no_measure_data
2018,330055,0.9892,
2018,330056,0.9822,
2018,330057,0.9995,
2018,330058,0.9833,
2018,330059,0.9874,
2018,330061,0.976,
2018,330065,0.9983,
2018,330067,0.9978,
2018,330073,0.9918,
2018,330074,0.988,
2018,330078,0.9952,
2018,330079,0.9985,
2018,330080,0.9896,
2018,330084,0.9959,
2018,330085,0.9892,
2018,330086,0.9972,
2018,330088,0.9992,
2018,330090,0.97,
2018,330094,0.9951,
2018,330096,1.0,
2018,330100,1.0,no_measure_data
2018,330101,0.998,
2018,330102,0.9995,
2018,330103,0.9996,
2018,330104,0.9858,
2018,330106,0.988,
2018,330107,0.9887,
2018,330108,0.9906,
2018,330111,0.975,
2018,330115,0.9965,
2018,330119,0.9964,
2018,330125,0.9893,
2018,330126,0.9754,
2018,330127,0.9977,
2018,330128,0.9907,
2018,330132,0.9828,
2018,330135,0.9947,
2018,330136,0.9995,
2018,330140,0.9914,
2018,330141,0.9938,
2018,330144,0.9966,
2018,330151,0.9999,
2018,330153,0.9997,
2018,330157,0.9949,
2018,330158,0.9907,
2018,330160,0.994,
2018,330162,0.989,
2018,330163,0.9911,
2018,330164,0.9948,
2018,330166,1.0,
2018,330167,0.9905,
2018,330169,0.9872,
2018,330175,0.9802,
2018,330180,0.9964,
2018,330181,0.9877,
2018,330182,0.9964,
2018,330184,0.9863,
2018,330185,0.9826,
2018,330188,0.9991,
2018,330191,0.9988,
2018,330193,0.9784,
2018,330194,0.9873,
2018,330195,0.9815,
2018,330196,0.9872,
2018,330197,0.9926,
2018,330198,0.9915,
2018,330199,0.9962,
2018,330201,0.9839,
2018,330202,0.9943,
2018,330203,0.9826,
2018,330204,0.9982,
2018,330205,0.9764,
2018,330208,0.9772,
2018,330211,0.9999,
2018,330213,1.0,no_measure_data
2018,330214,0.9991,
2018,330215,0.9753,
2018,330218,0.9788,
2018,330219,0.999,
2018,330221,0.9868,
2018,330222,0.996,
2018,330223,0.9901,
2018,330224,1.0,
2018,330226,0.9963,
2018,330229,0.9944,
2018,330231,0.9751,
2018,330232,0.9991,
2018,330233,0.9951,
2018,330234,0.9917,
2018,330235,0.97,
2018,330236,0.9811,
2018,330238,0.9944,
2018,330239,0.9871,
2018,330240,0.9928,
2018,330241,0.9926,
2018,330245,0.9989,
2018,330246,0.9752,
2018,330249,1.0,no_measure_data
2018,330250,0.9898,
2018,330259,0.9849,
2018,330261,0.9948,
2018,330263,1.0,
2018,330264,0.9861,
2018,330265,0.9955,
2018,330267,0.9848,
2018,330268,1.0,
2018,330270,1.0,
2018,330273,0.9944,
2018,330276,0.9919,
2018,330277,0.9899,
2018,330279,0.9996,
2018,330285,0.9968,
2018,330286,0.9779,
2018,330304,0.9928,
2018,330306,0.9926,
2018,330307,0.9956,
2018,330331,0.9896,
2018,330332,0.9871,
2018,330340,0.9928,
2018,330350,0.987,
2018,330353,0.9726,
2018,330372,0.987,
2018,330385,0.9967,
2018,330386,0.9839,
2018,330393,0.9919,
2018,330394,0.993,
2018,330395,0.97,
2018,330396,0.9917,
2018,330397,0.9966,
2018,330399,0.9969,
2018,330401,0.9915,
2018,330403,1.0,
2018,330404,1.0,no_measure_data
2018,330405,1.0,no_measure_data
2018,330406,1.0,no_measure_data
2018,330409,1.0,no_measure_data
2018,340001,0.9934,
2018,340002,1.0,
2018,340003,0.9717,
2018,340004,0.9988,
2018,340008,0.9981,
2018,340010,0.9885,
2018,340011,0.9995,
2018,340013,0.9982,
2018,340014,0.9931,
2018,340015,0.9934,
2018,340016,0.9956,
2018,340017,1.0,
2018,340020,0.9831,
2018,340021,0.9979,
2018,340023,1.0,
2018,340024,0.9888,
2018,340027,0.9869,
2018,340028,0.9957,
2018,340030,0.9972,
2018,340032,0.9978,
2018,340036,0.9985,
2018,340037,0.9999,
2018,340039,0.9913,
2018,340040,0.994,
2018,340041,0.9969,
2018,340042,0.9851,
2018,340047,0.9978,
2018,340049,1.0,
2018,340050,0.9738,
2018,340051,0.9883,
2018,340053,0.9962,
2018,340060,0.9868,
2018,340061,0.9971,
2018,340064,0.9703,
2018,340068,0.9955,
2018,340069,1.0,
2018,340070,0.9955,
2018,340071,0.9792,
2018,340073,0.9885,
2018,340075,0.9977,
2018,340084,0.9997,
2018,340085,0.9989,
2018,340087,1.0,
2018,340090,0.9876,
2018,340091,1.0,
2018,340096,0.9951,
2018,340097,0.994,
2018,340098,0.9833,
2018,340099,0.9796,
2018,340106,0.9995,
2018,340107,0.9753,
2018,340109,0.994,
2018,340113,0.9998,
2018,340114,0.9997,
2018,340115,0.9945,
2018,340116,0.9914,
2018,340119,0.999,
2018,340120,0.985,
2018,340123,1.0,
2018,340126,0.9938,
2018,340127,0.9916,
2018,340129,0.9931,
2018,340130,0.9959,
2018,340131,1.0,
2018,340132,0.9872,
2018,340133,0.9826,
2018,340141,0.9959,
2018,340142,0.9955,
2018,340143,0.9976,
2018,340144,0.9975,
2018,340145,0.9969,
2018,340147,0.971,
2018,340148,1.0,no_measure_data
2018,340151,0.9935,
2018,340153,1.0,
2018,340155,0.9976,
2018,340156,1.0,
2018,340158,0.9794,
2018,340159,0.9917,
2018,340160,1.0,no_measure_data
2018,340166,0.9878,
2018,340168,1.0,no_measure_data
2018,340171,0.9908,
2018,340173,0.9941,
2018,340183,0.995,
2018,340184,0.9979,
2018,340186,0.9978,
2018,340188,0.9951,
2018,340189,1.0,
2018,350002,1.0,
2018,350006,0.992,
2018,350011,1.0,
2018,350015,0.9971,
2018,350019,0.9993,
2018,350063,0.9997,
2018,350064,1.0,
2018,350070,0.9993,
2018,360001,0.995,
2018,360002,0.9997,
2018,360003,0.9987,
2018,360006,0.9959,
2018,360008,0.9841,
2018,360009,0.9956,
2018,360010,0.9973,
2018,360011,0.9893,
2018,360012,0.9965,
2018,360013,0.9943,
2018,360014,0.9963,
2018,360016,0.9984,
2018,360017,0.9985,
2018,360019,0.9906,
2018,360020,0.9931,
2018,360025,0.998,
2018,360026,0.9925,
2018,360027,0.9999,
2018,360029,0.994,
2018,360032,0.9999,
2018,360035,0.9965,
2018,360036,0.9998,
2018,360037,0.9989,
2018,360039,0.9947,
2018,360040,0.9936,
2018,360041,0.9956,
2018,360044,1.0,
2018,360046,0.9783,
2018,360048,0.9966,
2018,360051,1.0,
2018,360052,0.9849,
2018,360054,0.9983,
2018,360055,0.9981,
2018,360056,0.9974,
2018,360058,0.9995,
2018,360059,0.9883,
2018,360064,0.9889,
2018,360065,0.9919,
2018,360066,1.0,
2018,360068,1.0,
2018,360070,0.9959,
2018,360071,0.983,
2018,360072,0.9979,
2018,360074,0.9996,
2018,360075,0.9957,
2018,360076,0.9987,
2018,360077,0.9949,
2018,360078,0.9957,
2018,360079,0.9942,
2018,360080,0.9924,
2018,360081,0.9967,
2018,360082,1.0,
2018,360084,0.9895,
2018,360085,0.9992,
2018,360086,0.9923,
2018,360087,0.9978,
2018,360089,1.0,
2018,360090,0.9864,
2018,360091,0.9857,
2018,360092,0.9933,
2018,360095,0.9998,
2018,360096,0.9869,
2018,360098,0.9875,
2018,360107,0.9976,
2018,360109,0.9917,
2018,360112,0.9922,
2018,360113,0.9964,
2018,360116,0.9984,
2018,360118,0.9965,
2018,360121,0.9994,
2018,360123,0.9968,
2018,360125,0.982,
2018,360131,0.9883,
2018,360132,0.9927,
2018,360133,0.9971,
2018,360134,0.9961,
2018,360137,0.9958,
2018,360141,0.9883,
2018,360143,0.9889,
2018,360144,0.9964,
2018,360145,0.981,
2018,360147,0.9978,
2018,360148,0.9981,
2018,360150,0.99,
2018,360151,0.9885,
2018,360152,0.9985,
2018,360153,1.0,
2018,360155,1.0,
2018,360156,1.0,
2018,360159,0.9999,
2018,360161,0.9997,
2018,360163,1.0,
2018,360170,0.9852,
2018,360172,0.9936,
2018,360174,0.9899,
2018,360175,0.9942,
2018,360179,0.9986,
2018,360180,0.9988,
2018,360185,0.9962,
2018,360189,0.9984,
2018,360192,0.998,
2018,360195,0.9846,
2018,360197,0.9993,
2018,360203,0.9921,
2018,360210,0.999,
2018,360211,0.9945,
2018,360212,0.9975,
2018,360218,0.9954,
2018,360230,0.9927,
2018,360234,0.9884,
2018,360236,0.9884,
2018,360239,0.9999,
2018,360245,1.0,no_measure_data
2018,360247,1.0,no_measure_data
2018,360259,1.0,
2018,360261,1.0,no_measure_data
2018,360262,0.998,
2018,360263,1.0,
2018,360266,1.0,
2018,360270,0.9982,
2018,360274,0.9893,
2018,360276,0.98,
2018,360348,0.9992,
2018,360351,1.0,
2018,360352,1.0,
2018,360354,0.982,
2018,360355,1.0,
2018,360358,1.0,
2018,360359,0.9992,
2018,360360,0.9871,
2018,360361,0.97,
2018,360362,1.0,
2018,360363,1.0,no_measure_data
2018,370001,0.997,
2018,370002,0.9984,
2018,370004,0.9947,
2018,370006,0.9888,
2018,370007,1.0,no_measure_data
2018,370008,0.9977,
2018,370011,0.9998,
2018,370013,0.9999,
2018,370014,0.9715,
2018,370015,0.9913,
2018,370016,1.0,
2018,370018,1.0,
2018,370019,1.0,
2018,370020,0.9896,
2018,370022,0.97,
2018,370023,0.996,
2018,370025,0.9906,
2018,370026,1.0,
2018,370028,0.9992,
2018,370029,0.9997,
2018,370030,0.9969,
2018,370032,0.9922,
2018,370034,0.9949,
2018,370036,0.9853,
2018,370037,0.9979,
2018,370039,0.9878,
2018,370040,0.9831,
2018,370041,0.9964,
2018,370047,0.9978,
2018,370048,0.9949,
2018,370049,0.9992,
2018,370051,0.9982,
2018,370054,0.9984,
2018,370056,0.9959,
2018,370057,0.9966,
2018,370065,0.9977,
2018,370072,1.0,
2018,370078,0.9933,
2018,370080,1.0,
2018,370083,0.9931,
2018,370089,0.9974,
2018,370091,0.9936,
2018,370093,0.994,
2018,370094,0.9909,
2018,370097,0.9918,
2018,370099,1.0,
2018,370100,0.9956,
2018,370103,1.0,
2018,370106,0.9988,
2018,370112,0.9983,
2018,370113,0.9905,
2018,370114,0.9939,
2018,370138,1.0,
2018,370139,0.9871,
2018,370149,0.9943,
2018,370153,0.9886,
2018,370156,0.9997,
2018,370158,1.0,
2018,370166,0.9988,
2018,370169,1.0,
2018,370170,1.0,
2018,370171,1.0,
2018,370172,1.0,
2018,370173,0.9973,
2018,370178,0.9977,
2018,370180,0.9961,
2018,370183,0.9935,
2018,370190,1.0,
2018,370192,1.0,
2018,370199,1.0,no_measure_data
2018,370201,1.0,
2018,370202,0.9979,
2018,370203,1.0,
2018,370206,1.0,
2018,370210,1.0,
2018,370211,0.9938,
2018,370212,1.0,
2018,370214,1.0,
2018,370215,1.0,
2018,370216,1.0,no_measure_data
2018,370218,0.9964,
2018,370220,0.97,
2018,370222,1.0,
2018,370225,1.0,
2018,370227,0.9996,
2018,370228,1.0,
2018,370229,0.9977,
2018,370233,1.0,no_measure_data
2018,370234,0.9995,
2018,370235,0.97,
2018,370236,0.9915,
2018,380001,1.0,
2018,380002,0.9995,
2018,380004,1.0,
2018,380005,1.0,
2018,380007,1.0,
2018,380009,0.9999,
2018,380014,1.0,
2018,380017,0.9951,
2018,380018,0.9975,
2018,380020,0.9909,
2018,380021,0.9977,
2018,380022,1.0,
2018,380025,0.992,
2018,380027,1.0,
2018,380029,1.0,
2018,380033,0.9975,
2018,380037,1.0,
2018,380038,0.9993,
2018,380040,1.0,
2018,380047,1.0,
2018,380050,1.0,
2018,380051,0.999,
2018,380052,1.0,
2018,380056,0.9997,
2018,380060,1.0,
2018,380061,1.0,
2018,380071,0.9964,
2018,380075,0.9885,
2018,380082,0.9775,
2018,380089,0.9997,
2018,380090,0.9934,
2018,380091,1.0,
2018,380102,1.0,
2018,380103,1.0,
2018,390001,0.9911,
2018,390002,0.9982,
2018,390003,1.0,
2018,390004,0.9993,
2018,390006,0.998,
2018,390008,0.9994,
2018,390009,0.9972,
2018,390012,0.9835,
2018,390013,0.9998,
2018,390016,0.9934,
2018,390019,0.9939,
2018,390025,1.0,no_measure_data
2018,390026,0.9862,
2018,390027,0.9935,
2018,390028,0.9949,
2018,390030,0.9832,
2018,390031,0.9976,
2018,390032,0.9986,
2018,390035,1.0,
2018,390036,0.9921,
2018,390037,0.9905,
2018,390039,1.0,
2018,390041,0.9961,
2018,390042,0.9939,
2018,390043,0.9949,
2018,390044,0.9998,
2018,390045,0.999,
2018,390046,0.9986,
2018,390048,0.9948,
2018,390049,1.0,
2018,390050,0.9979,
2018,390052,0.992,
2018,390056,1.0,
2018,390057,0.9988,
2018,390058,0.9971,
2018,390061,0.993,
2018,390062,0.9832,
2018,390063,0.9982,
2018,390065,0.987,
2018,390066,0.997,
2018,390067,0.9842,
2018,390068,0.9994,
2018,390070,0.994,
2018,390071,0.9995,
2018,390072,0.9854,
2018,390073,0.9986,
2018,390076,0.9973,
2018,390079,0.9872,
2018,390080,0.9897,
2018,390081,0.9886,
2018,390084,1.0,
2018,390086,0.9967,
2018,390090,0.998,
2018,390091,0.9919,
2018,390093,0.9965,
2018,390096,0.9997,
2018,390097,0.9873,
2018,390100,1.0,
2018,390101,0.9927,
2018,390102,0.9997,
2018,390104,1.0,
2018,390107,0.9961,
2018,390110,0.989,
2018,390111,0.9995,
2018,390112,0.9999,
2018,390113,0.9931,
2018,390114,0.9969,
2018,390115,0.98,
2018,390116,0.9984,
2018,390117,0.997,
2018,390118,1.0,
2018,390119,0.9843,
2018,390122,0.9996,
2018,390123,0.9819,
2018,390125,0.9856,
2018,390127,0.9917,
2018,390130,0.9983,
2018,390132,0.9817,
2018,390133,0.9942,
2018,390137,0.9952,
2018,390138,0.9904,
2018,390139,0.9993,
2018,390142,0.994,
2018,390145,0.9934,
2018,390146,1.0,
2018,390147,0.9882,
2018,390150,0.9987,
2018,390151,0.9944,
2018,390153,0.9996,
2018,390154,1.0,no_measure_data
2018,390156,0.9916,
2018,390157,0.9982,
2018,390160,0.991,
2018,390162,0.9821,
2018,390163,0.9997,
2018,390164,0.9921,
2018,390168,0.9995,
2018,390173,0.9925,
2018,390174,0.9837,
2018,390178,0.992,
2018,390179,0.9978,
2018,390180,0.9986,
2018,390183,0.9957,
2018,390184,0.9992,
2018,390185,0.9876,
2018,390192,0.9986,
2018,390194,0.9935,
2018,390195,1.0,
2018,390197,0.9989,
2018,390198,0.9948,
2018,390199,1.0,
2018,390201,0.9894,
2018,390203,0.9924,
2018,390204,0.9948,
2018,390211,0.9811,
2018,390217,0.9816,
2018,390219,0.992,
2018,390220,0.9904,
2018,390222,0.9993,
2018,390223,0.9865,
2018,390225,0.9923,
2018,390226,0.9995,
2018,390228,0.9887,
2018,390231,0.9932,
2018,390233,0.9873,
2018,390236,0.9822,
2018,390237,0.9956,
2018,390256,0.9991,
2018,390258,0.9971,
2018,390263,0.992,
2018,390265,0.9876,
2018,390266,1.0,
2018,390267,0.9919,
2018,390268,0.9802,
2018,390270,0.9965,
2018,390272,1.0,no_measure_data
2018,390278,1.0,no_measure_data
2018,390290,0.9953,
2018,390302,1.0,no_measure_data
2018,390304,0.9841,
2018,390307,0.9776,
2018,390312,1.0,
2018,390314,1.0,
2018,390316,1.0,
2018,390318,1.0,
2018,390321,1.0,
2018,390322,1.0,
2018,390323,1.0,
2018,390324,0.9923,
2018,390325,1.0,
2018,390326,1.0,
2018,390327,0.97,
2018,390328,0.9979,
2018,390329,0.9949,
2018,410001,0.9934,
2018,410004,0.9962,
2018,410005,0.9971,
2018,410006,0.9949,
2018,410007,0.9966,
2018,410008,1.0,
2018,410009,0.9946,
2018,410010,1.0,
2018,410011,0.9871,
2018,410012,0.9946,
2018,410013,0.9984,
2018,420002,0.9927,
2018,420004,0.999,
2018,420005,0.9996,
2018,420007,0.9993,
2018,420009,0.9967,
2018,420010,0.9876,
2018,420011,0.9991,
2018,420015,0.9886,
2018,420016,0.9942,
2018,420018,0.9982,
2018,420019,0.9983,
2018,420020,0.9971,
2018,420023,1.0,
2018,420026,0.9959,
2018,420027,0.9933,
2018,420030,0.9967,
2018,420033,0.9995,
2018,420036,0.9861,
2018,420037,0.9984,
2018,420038,0.9973,
2018,420039,0.9956,
2018,420043,0.9959,
2018,420048,0.9977,
2018,420049,0.9863,
2018,420051,0.9984,
2018,420053,0.9954,
2018,420054,0.9991,
2018,420055,0.9793,
2018,420057,1.0,
2018,420062,0.9893,
2018,420065,1.0,
2018,420066,0.9959,
2018,420067,0.9902,
2018,420068,0.9952,
2018,420069,1.0,
2018,420070,0.9896,
2018,420071,0.9946,
2018,420072,0.9972,
2018,420073,0.9991,
2018,420078,1.0,
2018,420079,0.9888,
2018,420080,0.9729,
2018,420082,0.9826,
2018,420083,0.9984,
2018,420085,0.9763,
2018,420086,0.9795,
2018,420087,1.0,
2018,420089,0.9995,
2018,420091,0.9877,
2018,420098,0.9984,
2018,420101,0.9934,
2018,420102,1.0,
2018,420103,1.0,
2018,420104,0.998,
2018,420105,0.9945,
2018,420106,0.9929,
2018,420107,0.9993,
2018,420108,0.9973,
2018,430005,0.9991,
2018,430008,1.0,
2018,430012,0.9888,
2018,430013,1.0,
2018,430014,1.0,
2018,430015,1.0,
2018,430016,0.9999,
2018,430027,1.0,
2018,430048,1.0,
2018,430077,0.9998,
2018,430081,0.9964,
2018,430082,1.0,
2018,430083,1.0,
2018,430084,0.9996,
2018,430089,1.0,
2018,430090,1.0,
2018,430091,1.0,
2018,430092,1.0,
2018,430093,1.0,no_measure_data
2018,430094,1.0,
2018,430095,1.0,
2018,430096,1.0,
2018,430097,1.0,
2018,440001,0.9842,
2018,440002,0.9947,
2018,440003,0.9826,
2018,440006,0.9942,
2018,440007,0.9975,
2018,440008,0.9978,
2018,440009,0.9948,
2018,440010,0.9984,
2018,440011,0.9913,
2018,440012,0.997,
2018,440015,0.9918,
2018,440016,0.9982,
2018,440017,0.9934,
2018,440018,0.9881,
2018,440020,0.9955,
2018,440025,0.983,
2018,440029,0.9994,
2018,440030,0.9896,
2018,440031,0.9901,
2018,440032,1.0,
2018,440033,0.9784,
2018,440034,0.9956,
2018,440035,0.9826,
2018,440039,0.9988,
2018,440040,0.97,
2018,440046,0.9916,
2018,440047,1.0,
2018,440048,0.9882,
2018,440049,0.9989,
2018,440050,0.9982,
2018,440051,0.9939,
2018,440053,0.9954,
2018,440054,1.0,
2018,440056,0.9928,
2018,440057,0.9963,
2018,440058,0.981,
2018,440059,0.998,
2018,440060,0.9968,
2018,440061,0.9912,
2018,440063,0.9835,
2018,440064,0.9967,
2018,440065,0.9855,
2018,440067,0.9903,
2018,440068,1.0,
2018,440070,0.9833,
2018,440072,0.9763,
2018,440073,0.9922,
2018,440081,0.9981,
2018,440082,0.9997,
2018,440083,0.9977,
2018,440084,0.9834,
2018,440091,0.9973,
2018,440102,0.9996,
2018,440104,0.9961,
2018,440109,0.9998,
2018,440110,1.0,
2018,440111,0.9992,
2018,440115,1.0,
2018,440120,0.9949,
2018,440125,0.9984,
2018,440130,0.9958,
2018,440131,1.0,
2018,440132,0.97,
2018,440133,1.0,
2018,440137,0.999,
2018,440141,1.0,no_measure_data
2018,440144,0.9973,
2018,440148,0.999,
2018,440150,0.9869,
2018,440151,1.0,
2018,440152,0.9934,
2018,440153,0.9917,
2018,440156,0.998,
2018,440159,0.9973,
2018,440161,0.9903,
2018,440168,1.0,
2018,440173,0.9907,
2018,440174,1.0,
2018,440175,1.0,
2018,440176,0.9879,
2018,440180,0.9942,
2018,440181,0.9969,
2018,440182,0.9937,
2018,440183,0.9839,
2018,440184,0.9996,
2018,440185,0.9955,
2018,440187,0.985,
2018,440189,0.9841,
2018,440192,0.9999,
2018,440193,0.9979,
2018,440194,0.9982,
2018,440197,0.9964,
2018,440200,1.0,
2018,440218,1.0,
2018,440227,0.9929,
2018,440228,0.9993,
2018,440231,1.0,
2018,440232,0.9944,
2018,440233,1.0,
2018,440234,1.0,
2018,450002,0.991,
2018,450005,0.9997,
2018,450007,1.0,
2018,450010,0.9947,
2018,450011,0.9855,
2018,450015,1.0,
2018,450018,0.9812,
2018,450021,1.0,
2018,450023,1.0,
2018,450024,0.9987,
2018,450028,0.9919,
2018,450029,0.9937,
2018,450032,0.988,
2018,450033,0.9994,
2018,450034,0.992,
2018,450035,0.9998,
2018,450037,0.9958,
2018,450039,0.9994,
2018,450040,0.9944,
2018,450042,0.9937,
2018,450044,0.9992,
2018,450046,0.9944,
2018,450051,0.9989,
2018,450052,1.0,
2018,450054,0.9993,
2018,450055,0.9955,
2018,450056,0.9965,
2018,450058,0.9999,
2018,450064,0.9958,
2018,450068,0.998,
2018,450072,0.995,
2018,450073,1.0,
2018,450078,0.9993,
2018,450079,0.9954,
2018,450080,0.9993,
2018,450082,1.0,
2018,450083,0.9833,
2018,450085,0.9965,
2018,450087,0.9976,
2018,450090,0.9996,
2018,450092,0.9924,
2018,450097,0.997,
2018,450099,0.9913,
2018,450101,0.9907,
2018,450102,0.9984,
2018,450104,1.0,
2018,450107,0.9914,
2018,450108,0.9984,
2018,450119,0.9992,
2018,450124,0.9989,
2018,450128,0.9986,
2018,450130,0.9989,
2018,450132,0.9945,
2018,450133,0.9992,
2018,450135,0.9984,
2018,450137,0.999,
2018,450143,1.0,
2018,450144,1.0,
2018,450147,0.9965,
2018,450148,0.986,
2018,450152,0.9982,
2018,450154,0.9971,
2018,450155,1.0,
2018,450162,1.0,
2018,450163,0.9852,
2018,450165,0.9936,
2018,450176,0.9876,
2018,450177,1.0,
2018,450178,0.9896,
2018,450184,0.9893,
2018,450187,0.9927,
2018,450188,1.0,
2018,450192,1.0,
2018,450193,0.9913,
2018,450194,0.9959,
2018,450196,0.9982,
2018,450200,0.9946,
2018,450203,0.9954,
2018,450209,0.9983,
2018,450210,0.9804,
2018,450211,0.9937,
2018,450213,0.9999,
2018,450214,1.0,
2018,450219,0.9871,
2018,450221,1.0,no_measure_data
2018,450222,0.9861,
2018,450229,0.998,
2018,450231,0.9998,
2018,450235,0.9993,
2018,450236,0.997,
2018,450237,1.0,
2018,450241,0.9971,
2018,450243,1.0,
2018,450253,1.0,
2018,450270,1.0,
2018,450271,0.9985,
2018,450272,0.9972,
2018,450280,0.9982,
2018,450283,1.0,no_measure_data
2018,450289,1.0,
2018,450292,1.0,
2018,450293,1.0,
2018,450296,1.0,
2018,450299,0.9908,
2018,450306,0.9981,
2018,450324,0.991,
2018,450330,0.9984,
2018,450340,0.9991,
2018,450346,0.9947,
2018,450347,0.9979,
2018,450348,0.9959,
2018,450351,0.9917,
2018,450352,0.9856,
2018,450358,0.9949,
2018,450369,1.0,
2018,450370,1.0,
2018,450372,0.9901,
2018,450373,0.9932,
2018,450379,0.9938,
2018,450388,0.9944,
2018,450389,0.9999,
2018,450395,0.9993,
2018,450399,0.9965,
2018,450400,0.9922,
2018,450403,0.9845,
2018,450411,1.0,
2018,450419,0.9992,
2018,450422,1.0,
2018,450424,0.9975,
2018,450431,0.9952,
2018,450446,1.0,no_measure_data
2018,450447,0.9978,
2018,450451,1.0,
2018,450460,1.0,
2018,450462,0.9989,
2018,450465,1.0,
2018,450469,0.9907,
2018,450475,0.9863,
2018,450484,0.9944,
2018,450488,1.0,
2018,450489,1.0,
2018,450497,0.9868,
2018,450498,1.0,
2018,450508,0.9917,
2018,450518,0.999,
2018,450537,0.9988,
2018,450539,0.9938,
2018,450558,0.9985,
2018,450563,0.9989,
2018,450565,0.9966,
2018,450571,0.9971,
2018,450573,1.0,
2018,450578,0.9949,
2018,450580,0.9981,
2018,450584,1.0,
2018,450586,1.0,
2018,450587,1.0,
2018,450591,0.9976,
2018,450596,1.0,
2018,450597,1.0,
2018,450604,1.0,
2018,450605,1.0,
2018,450610,0.9996,
2018,450617,0.9949,
2018,450620,0.9987,
2018,450634,0.9728,
2018,450638,0.9944,
2018,450639,0.9967,
2018,450641,0.9935,
2018,450643,0.9985,
2018,450644,0.9955,
2018,450647,0.9965,
2018,450651,0.9975,
2018,450653,0.994,
2018,450654,0.9792,
2018,450656,0.997,
2018,450658,0.9976,
2018,450659,1.0,
2018,450661,0.9952,
2018,450662,0.9916,
2018,450668,0.9984,
2018,450669,0.9957,
2018,450670,0.9937,
2018,450672,0.9956,
2018,450674,1.0,
2018,450675,0.9945,
2018,450677,0.9943,
2018,450678,0.9952,
2018,450684,0.9948,
2018,450686,0.9923,
2018,450688,0.9939,
2018,450690,1.0,
2018,450694,0.999,
2018,450697,0.9956,
2018,450698,1.0,
2018,450702,0.9914,
2018,450709,0.9894,
2018,450711,0.997,
2018,450713,0.9862,
2018,450716,0.9985,
2018,450718,0.9904,
2018,450723,1.0,
2018,450730,1.0,
2018,450742,0.9902,
2018,450743,0.9969,
2018,450746,0.9958,
2018,450747,0.995,
2018,450749,0.9995,
2018,450754,0.9957,
2018,450755,1.0,
2018,450766,0.9982,
2018,450770,1.0,no_measure_data
2018,450771,0.9983,
2018,450774,1.0,
2018,450775,0.9871,
2018,450779,1.0,
2018,450780,1.0,
2018,450788,0.9939,
2018,450795,1.0,
2018,450796,0.971,
2018,450797,1.0,
2018,450801,0.9918,
2018,450803,1.0,
2018,450804,1.0,
2018,450808,1.0,
2018,450809,0.9932,
2018,450820,0.9926,
2018,450822,0.9995,
2018,450825,1.0,
2018,450827,0.9807,
2018,450828,1.0,
2018,450831,1.0,
2018,450832,0.9999,
2018,450833,1.0,
2018,450834,1.0,
2018,450839,1.0,
2018,450840,0.9965,
2018,450844,0.9931,
2018,450845,1.0,
2018,450847,0.998,
2018,450848,0.9982,
2018,450851,1.0,
2018,450853,1.0,
2018,450855,1.0,
2018,450856,0.9758,
2018,450860,0.9882,
2018,450862,0.9924,
2018,450864,1.0,
2018,450865,1.0,
2018,450867,0.9889,
2018,450869,0.9984,
2018,450871,1.0,
2018,450872,0.9989,
2018,450874,1.0,
2018,450875,1.0,
2018,450876,0.9734,
2018,450877,1.0,
2018,450880,1.0,
2018,450883,0.9781,
2018,450884,1.0,
2018,450885,0.9977,
2018,450888,0.97,
2018,450889,1.0,
2018,450890,0.9975,
2018,450891,1.0,
2018,450893,0.996,
2018,450894,0.97,
2018,460001,0.9959,
2018,460003,0.9922,
2018,460004,1.0,
2018,460005,0.9981,
2018,460006,1.0,
2018,460007,1.0,
2018,460009,0.9984,
2018,460010,1.0,
2018,460011,0.9926,
2018,460013,1.0,
2018,460014,0.9999,
2018,460015,0.9989,
2018,460017,0.9992,
2018,460019,0.9972,
2018,460021,1.0,
2018,460023,1.0,
2018,460026,0.9948,
2018,460030,1.0,
2018,460033,1.0,
2018,460035,1.0,
2018,460039,1.0,
2018,460041,0.9914,
2018,460042,0.9999,
2018,460043,1.0,no_measure_data
2018,460044,0.9931,
2018,460047,0.9719,
2018,460049,1.0,
2018,460051,1.0,
2018,460052,0.9766,
2018,460054,0.9949,
2018,460057,1.0,
2018,460058,1.0,
2018,460059,1.0,no_measure_data
2018,460060,0.9918,
2018,470001,0.9976,
2018,470003,0.9996,
2018,470005,0.9998,
2018,470011,1.0,
2018,470012,0.9961,
2018,470024,0.9928,
2018,490001,0.9995,
2018,490002,0.9759,
2018,490004,0.9919,
2018,490005,0.9938,
2018,490007,1.0,
2018,490009,0.995,
2018,490011,0.9972,
2018,490012,1.0,
2018,490013,0.992,
2018,490017,0.9943,
2018,490018,0.999,
2018,490019,0.9845,
2018,490020,0.9862,
2018,490021,0.9938,
2018,490022,0.9971,
2018,490023,0.97,
2018,490024,0.9948,
2018,490032,0.9973,
2018,490033,1.0,
2018,490037,0.9996,
2018,490038,0.9887,
2018,490040,0.985,
2018,490041,0.9981,
2018,490042,0.9973,
2018,490043,0.9878,
2018,490044,0.9971,
2018,490045,0.991,
2018,490046,0.9937,
2018,490048,0.9984,
2018,490050,0.9992,
2018,490052,0.9905,
2018,490053,0.9845,
2018,490057,0.9868,
2018,490059,1.0,
2018,490060,0.9912,
2018,490063,0.9939,
2018,490066,0.9927,
2018,490067,0.9709,
2018,490069,0.9998,
2018,490075,0.99,
2018,490077,0.993,
2018,490079,0.9851,
2018,490084,0.9864,
2018,490088,0.9907,
2018,490089,1.0,
2018,490090,0.9975,
2018,490092,0.9792,
2018,490093,0.9853,
2018,490094,0.999,
2018,490097,0.9895,
2018,490098,0.9842,
2018,490101,0.9985,
2018,490104,1.0,no_measure_data
2018,490105,1.0,
2018,490106,1.0,no_measure_data
2018,490107,0.97,
2018,490109,1.0,no_measure_data
2018,490110,0.9827,
2018,490111,0.9966,
2018,490112,0.9839,
2018,490113,0.9966,
2018,490114,0.9872,
2018,490115,0.9935,
2018,490116,0.9775,
2018,490117,0.9913,
2018,490118,0.9894,
2018,490119,0.9989,
2018,490120,0.9718,
2018,490122,0.9973,
2018,490123,1.0,no_measure_data
2018,490126,0.9918,
2018,490127,0.9717,
2018,490130,0.9991,
2018,490134,1.0,no_measure_data
2018,490135,1.0,no_measure_data
2018,490136,0.9927,
2018,490140,0.9979,
2018,490141,0.9944,
2018,490143,0.9989,
2018,490144,0.9938,
2018,490145,1.0,
2018,500001,0.987,
2018,500002,1.0,
2018,500003,0.9976,
2018,500005,0.9994,
2018,500007,0.9996,
2018,500008,0.9999,
2018,500011,0.9974,
2018,500012,0.9955,
2018,500014,0.9979,
2018,500015,1.0,
2018,500016,1.0,
2018,500019,0.9871,
2018,500021,1.0,
2018,500024,1.0,
2018,500025,0.9991,
2018,500026,0.9943,
2018,500027,0.9977,
2018,500030,0.9989,
2018,500031,0.9954,
2018,500033,1.0,
2018,500036,1.0,
2018,500037,0.99,
2018,500039,0.9996,
2018,500041,0.9877,
2018,500044,0.9981,
2018,500049,1.0,
2018,500050,0.9962,
2018,500051,0.9998,
2018,500052,1.0,no_measure_data
2018,500053,0.9962,
2018,500054,0.9997,
2018,500058,0.9939,
2018,500060,0.9976,
2018,500064,0.9993,
2018,500072,1.0,
2018,500077,0.9964,
2018,500079,0.9994,
2018,500084,0.9985,
2018,500088,0.9992,
2018,500108,1.0,
2018,500119,1.0,
2018,500124,1.0,
2018,500129,0.9975,
2018,500139,0.9986,
2018,500141,0.9992,
2018,500148,1.0,
2018,500150,0.9974,
2018,500151,0.9996,
2018,500152,0.9966,
2018,510001,0.9978,
2018,510002,0.9863,
2018,510006,0.9893,
2018,510007,0.9931,
2018,510008,0.9965,
2018,510012,0.9993,
2018,510013,0.9991,
2018,510022,0.9979,
2018,510023,0.996,
2018,510024,0.9817,
2018,510029,0.9836,
2018,510030,0.9985,
2018,510031,0.9992,
2018,510038,0.97,
2018,510039,0.9936,
2018,510046,0.9808,
2018,510047,0.982,
2018,510048,0.9903,
2018,510050,0.9732,
2018,510053,1.0,no_measure_data
2018,510055,0.9983,
2018,510058,0.9948,
2018,510062,0.9936,
2018,510070,0.9846,
2018,510071,0.9824,
2018,510072,0.998,
2018,510077,0.9913,
2018,510082,0.9997,
2018,510085,0.9996,
2018,510086,0.9991,
2018,510091,0.9796,
2018,520002,0.9979,
2018,520004,0.9707,
2018,520008,0.9978,
2018,520009,0.9881,
2018,520011,0.9993,
2018,520013,0.9986,
2018,520017,0.9982,
2018,520019,0.9992,
2018,520021,0.998,
2018,520027,0.9979,
2018,520028,0.9982,
2018,520030,0.999,
2018,520033,0.9934,
2018,520034,1.0,
2018,520035,1.0,
2018,520037,0.9912,
2018,520038,1.0,
2018,520041,0.9937,
2018,520044,0.9918,
2018,520045,0.999,
2018,520048,0.9998,
2018,520049,1.0,
2018,520051,0.9967,
2018,520057,0.9992,
2018,520059,0.9967,
2018,520062,0.9961,
2018,520063,0.997,
2018,520066,0.9885,
2018,520070,1.0,
2018,520071,1.0,
2018,520075,0.9992,
2018,520076,1.0,
2018,520078,0.9982,
2018,520083,0.9908,
2018,520087,1.0,
2018,520088,0.9971,
2018,520089,0.9945,
2018,520091,1.0,
2018,520095,1.0,
2018,520096,0.9968,
2018,520097,0.9936,
2018,520098,0.9997,
2018,520100,0.9924,
2018,520102,1.0,
2018,520103,0.9919,
2018,520107,0.9995,
2018,520109,0.9982,
2018,520113,0.9959,
2018,520116,0.9977,
2018,520136,0.9966,
2018,520138,0.9993,
2018,520139,0.9982,
2018,520160,0.9982,
2018,520177,0.9965,
2018,520189,0.993,
2018,520193,0.9978,
2018,520194,1.0,
2018,520195,1.0,no_measure_data
2018,520196,1.0,
2018,520198,0.986,
2018,520202,0.9928,
2018,520204,0.9992,
2018,520205,1.0,
2018,520206,0.9984,
2018,520207,0.9997,
2018,520208,0.9935,
2018,530002,0.9988,
2018,530006,1.0,
2018,530008,0.9991,
2018,530010,1.0,
2018,530011,0.9968,
2018,530012,0.9883,
2018,530014,0.9929,
2018,530015,0.9807,
2018,530025,1.0,
2018,530032,0.9889,
2018,530033,0.9876,
2018,670002,1.0,
2018,670004,0.99,
2018,670005,0.97,
2018,670006,0.97,
2018,670008,0.9788,
2018,670012,0.9729,
2018,670018,1.0,no_measure_data
2018,670019,1.0,
2018,670023,0.9929,
2018,670024,0.9924,
2018,670025,1.0,
2018,670029,1.0,
2018,670031,0.9967,
2018,670034,0.9998,
2018,670041,0.999,
2018,670043,0.9858,
2018,670044,0.9884,
2018,670046,1.0,
2018,670047,0.9949,
2018,670049,1.0,
2018,670050,1.0,
2018,670053,0.9993,
2018,670054,1.0,
2018,670055,0.9973,
2018,670056,0.9956,
2018,670058,1.0,
2018,670059,1.0,
2018,670060,1.0,
2018,670061,0.97,
2018,670062,1.0,
2018,670066,1.0,
2018,670067,1.0,
2018,670068,0.9822,
2018,670069,1.0,
2018,670071,0.9871,
2018,670073,1.0,
2018,670075,1.0,
2018,670076,0.97,
2018,670077,0.9999,
2018,670078,1.0,
2018,670079,0.9987,
2018,670080,0.9979,
2018,670082,0.9964,
2018,670083,1.0,
2018,670085,0.9977,
2018,670087,1.0,
2018,670088,0.9969,
2018,670089,1.0,
2018,670090,1.0,
2018,670091,1.0,
2018,670092,0.9866,
2018,670093,1.0,no_measure_data
2018,670094,1.0,
2018,670095,1.0,
2018,670096,0.9987,
2018,670097,1.0,
2018,670098,0.9907,
2018,670099,1.0,
2018,670100,1.0,
2018,670101,1.0,
2018,670102,1.0,no_measure_data
2018,670103,0.9979,
2018,670106,0.9999,
2018,670107,1.0,
2018,670108,1.0,
2018,670110,1.0,no_measure_data
2018,670111,1.0,
2018,670112,1.0,
2018,670114,1.0,
2019,010001,0.9916,
2019,010005,0.9954,
2019,010006,0.9849,
2019,010007,0.9917,
2019,010008,0.9995,
2019,010011,0.9985,
2019,010012,0.9954,
2019,010016,0.9985,
2019,010019,0.9906,
2019,010021,0.9984,
2019,010022,0.9999,
2019,010023,0.9886,
2019,010024,0.986,
2019,010029,0.9832,
2019,010032,0.9998,
2019,010033,0.9971,
2019,010034,0.9978,
2019,010035,0.9793,
2019,010036,0.9912,
2019,010038,0.9914,
2019,010039,0.993,
2019,010040,0.9779,
2019,010044,1.0,
2019,010045,0.988,
2019,010046,0.9791,
2019,010047,0.9932,
2019,010049,0.9946,
2019,010051,0.9979,
2019,010052,1.0,
2019,010055,0.9955,
2019,010056,0.9935,
2019,010058,1.0,
2019,010059,0.997,
2019,010061,0.9911,
2019,010062,0.9937,
2019,010065,0.9786,
2019,010069,0.9976,
2019,010073,0.9978,
2019,010078,0.985,
2019,010079,0.9937,
2019,010083,0.9915,
2019,010085,0.9829,
2019,010086,1.0,
2019,010087,0.9989,
2019,010089,0.9966,
2019,010090,0.9876,
2019,010091,0.9941,
2019,010092,0.9904,
2019,010095,1.0,
2019,010097,1.0,
2019,010099,0.9989,
2019,010100,0.9869,
2019,010101,0.9973,
2019,010102,1.0,
2019,010103,0.9946,
2019,010104,0.9718,
2019,010108,0.9993,
2019,010109,1.0,
2019,010110,1.0,
2019,010112,0.9992,
2019,010113,0.9942,
2019,010114,0.9986,
2019,010118,0.9965,
2019,010120,0.9982,
2019,010125,1.0,
2019,010126,0.9946,
2019,010128,0.997,
2019,010129,0.983,
2019,010130,1.0,
2019,010131,0.97,
2019,010138,1.0,
2019,010139,0.9869,
2019,010144,0.9923,
2019,010146,0.9957,
2019,010148,0.986,
2019,010149,0.9997,
2019,010150,0.9961,
2019,010157,0.9899,
2019,010158,0.9991,
2019,010164,0.9968,
2019,010168,0.9998,
2019,010169,1.0,
2019,010172,1.0,
2019,010173,1.0,
2019,020001,1.0,
2019,020006,0.9969,
2019,020008,1.0,
2019,020012,1.0,
2019,020017,0.9995,
2019,020018,1.0,
2019,020024,0.9763,
2019,020026,0.9988,
2019,030002,0.9982,
2019,030006,0.9961,
2019,030007,1.0,
2019,030010,0.9988,
2019,030011,0.9998,
2019,030012,0.9849,
2019,030013,0.9913,
2019,030014,0.9957,
2019,030016,0.9928,
2019,030022,1.0,
2019,030023,1.0,
2019,030024,0.9991,
2019,030030,0.9991,
2019,030033,0.99,
2019,030036,0.9982,
2019,030037,0.9998,
2019,030038,0.9988,
2019,030043,0.97,
2019,030055,0.977,
2019,030061,1.0,
2019,030062,0.9981,
2019,030064,0.9984,
2019,030065,0.996,
2019,030068,1.0,
2019,030069,0.9852,
2019,030071,1.0,
2019,030073,0.9899,
2019,030074,1.0,
2019,030077,1.0,
2019,030078,1.0,
2019,030083,0.9984,
2019,030084,1.0,
2019,030085,0.9709,
2019,030087,0.9912,
2019,030088,0.9942,
2019,030089,0.9985,
2019,030092,0.9935,
2019,030093,1.0,
2019,030094,0.9991,
2019,030101,0.9925,
2019,030103,0.9999,
2019,030105,0.9997,
2019,030107,1.0,
2019,030108,1.0,
2019,030110,0.9937,
2019,030111,0.9998,
2019,030112,0.97,
2019,030113,1.0,
2019,030114,0.9978,
2019,030115,0.9967,
2019,030117,0.995,
2019,030119,0.9974,
2019,030120,0.9955,
2019,030121,0.9985,
2019,030122,0.9985,
2019,030123,0.9996,
2019,030130,0.9943,
2019,030131,0.9782,
2019,030132,0.9966,
2019,030134,1.0,
2019,030136,1.0,
2019,030137,0.9995,
2019,040001,0.9899,
2019,040002,0.9971,
2019,040004,0.9995,
2019,040007,0.9933,
2019,040010,0.9927,
2019,040011,0.9703,
2019,040014,0.999,
2019,040015,0.9943,
2019,040016,0.9952,
2019,040017,0.9992,
2019,040018,0.9978,
2019,040019,0.9919,
2019,040020,0.9779,
2019,040022,0.9925,
2019,040026,0.9811,
2019,040027,0.9964,
2019,040029,0.991,
2019,040036,0.9853,
2019,040039,0.9829,
2019,040041,0.9968,
2019,040047,1.0,
2019,040050,0.9989,
2019,040051,0.9882,
2019,040055,0.9878,
2019,040062,0.987,
2019,040067,0.9904,
2019,040069,0.9919,
2019,040071,0.9944,
2019,040072,0.9857,
2019,040074,0.9923,
2019,040076,0.9801,
2019,040078,0.9869,
2019,040084,0.9777,
2019,040085,0.998,
2019,040088,1.0,
2019,040114,0.9948,
2019,040118,0.9746,
2019,040119,0.9964,
2019,040134,0.9768,
2019,040137,0.995,
2019,040147,1.0,
2019,040152,1.0,
2019,040153,0.9898,
2019,040154,0.9982,
2019,050002,0.9778,
2019,050006,1.0,
2019,050007,0.9998,
2019,050008,1.0,
2019,050009,1.0,
2019,050013,0.9986,
2019,050014,0.998,
2019,050017,0.995,
2019,050018,0.9989,
2019,050022,0.9911,
2019,050024,0.9994,
2019,050025,0.9998,
2019,050026,0.9948,
2019,050028,0.9996,
2019,050030,0.97,
2019,050036,0.9923,
2019,050038,0.9997,
2019,050039,0.9926,
2019,050040,0.9985,
2019,050042,0.9979,
2019,050043,0.9995,
2019,050045,0.9998,
2019,050047,0.9982,
2019,050054,0.9978,
2019,050055,0.9957,
2019,050056,0.9943,
2019,050057,0.9975,
2019,050058,0.9937,
2019,050060,0.9892,
2019,050063,0.9908,
2019,050067,0.9985,
2019,050069,0.9986,
2019,050070,1.0,
2019,050071,1.0,
2019,050072,1.0,
2019,050073,0.9996,
2019,050075,0.9997,
2019,050076,1.0,
2019,050077,0.9923,
2019,050078,0.9988,
2019,050082,0.9967,
2019,050084,0.9956,
2019,050089,0.997,
2019,050090,1.0,
2019,050091,0.9978,
2019,050093,0.9982,
2019,050096,1.0,
2019,050099,0.9957,
2019,050100,0.9973,
2019,050101,0.9794,
2019,050102,0.9807,
2019,050103,0.9957,
2019,050104,0.9985,
2019,050107,1.0,
2019,050108,0.9998,
2019,050110,0.9915,
2019,050112,0.9943,
2019,050113,0.9998,
2019,050115,0.9983,
2019,050116,0.9957,
2019,050118,0.9934,
2019,050121,0.9948,
2019,050122,1.0,
2019,050124,0.9775,
2019,050125,0.9735,
2019,050126,0.9883,
2019,050127,0.9962,
2019,050128,0.999,
2019,050129,0.9908,
2019,050131,0.9997,
2019,050132,0.9966,
2019,050133,0.9946,
2019,050135,0.9989,
2019,050136,1.0,
2019,050137,1.0,
2019,050138,1.0,
2019,050139,1.0,
2019,050140,0.9998,
2019,050145,1.0,
2019,050149,0.998,
2019,050150,0.9945,
2019,050152,0.9994,
2019,050153,0.9988,
2019,050158,0.995,
2019,050159,0.9965,
2019,050167,0.9976,
2019,050168,0.9993,
2019,050169,0.9895,
2019,050174,1.0,
2019,050179,0.9797,
2019,050180,0.9946,
2019,050189,1.0,
2019,050191,0.9949,
2019,050192,1.0,
2019,050194,0.9949,
2019,050195,0.9829,
2019,050197,1.0,
2019,050204,0.9945,
2019,050205,1.0,
2019,050211,0.9949,
2019,050222,0.995,
2019,050224,0.9974,
2019,050225,0.9999,
2019,050226,0.9979,
2019,050228,1.0,
2019,050230,0.9995,
2019,050231,0.9938,
2019,050232,1.0,
2019,050234,1.0,
2019,050235,0.9925,
2019,050236,0.9941,
2019,050238,0.9986,
2019,050239,0.9865,
2019,050242,0.994,
2019,050243,0.9961,
2019,050245,0.9978,
2019,050248,0.9994,
2019,050254,0.993,
2019,050257,0.9991,
2019,050261,0.9999,
2019,050262,0.9935,
2019,050272,0.9998,
2019,050276,1.0,
2019,050278,0.9941,
2019,050279,0.9919,
2019,050280,1.0,
2019,050281,1.0,
2019,050283,0.9982,
2019,050289,0.9968,
2019,050290,0.998,
2019,050291,1.0,
2019,050292,1.0,
2019,050295,0.9968,
2019,050296,0.9963,
2019,050298,0.9981,
2019,050300,0.9919,
2019,050301,1.0,
2019,050305,1.0,
2019,050308,0.9964,
2019,050309,1.0,
2019,050313,0.9982,
2019,050315,1.0,
2019,050320,0.997,
2019,050324,1.0,
2019,050327,0.9949,
2019,050329,0.9948,
2019,050334,0.9963,
2019,050335,0.9937,
2019,050336,0.9888,
2019,050342,0.9977,
2019,050348,0.9992,
2019,050350,0.9968,
2019,050351,0.9967,
2019,050352,0.9933,
2019,050353,0.9931,
2019,050357,1.0,
2019,050360,0.9986,
2019,050367,0.9937,
2019,050373,0.9997,
2019,050376,0.9976,
2019,050378,0.9996,
2019,050380,0.9869,
2019,050382,0.9939,
2019,050390,0.9956,
2019,050393,0.996,
2019,050394,0.9993,
2019,050396,1.0,
2019,050397,1.0,
2019,050407,1.0,
2019,050411,1.0,
2019,050414,0.9777,
2019,050417,0.9996,
2019,050423,1.0,
2019,050424,0.9992,
2019,050425,0.9998,
2019,050426,0.9968,
2019,050438,0.9974,
2019,050441,0.9989,
2019,050444,0.9844,
2019,050454,0.9993,
2019,050455,1.0,
2019,050457,0.9972,
2019,050464,0.9861,
2019,050468,0.9986,
2019,050471,0.9982,
2019,050481,0.9807,
2019,050485,0.9963,
2019,050488,0.9987,
2019,050492,0.9919,
2019,050496,0.9981,
2019,050498,0.9821,
2019,050502,0.994,
2019,050503,0.9992,
2019,050506,0.9968,
2019,050510,1.0,
2019,050512,1.0,
2019,050515,1.0,
2019,050516,0.9976,
2019,050517,0.9947,
2019,050523,0.9962,
2019,050526,0.9975,
2019,050528,1.0,
2019,050534,0.9985,
2019,050537,0.9798,
2019,050541,1.0,
2019,050546,1.0,
2019,050547,0.9995,
2019,050548,1.0,
2019,050549,0.9816,
2019,050551,0.995,
2019,050557,0.9969,
2019,050561,1.0,
2019,050567,0.9998,
2019,050568,0.9984,
2019,050570,0.9969,
2019,050573,0.9999,
2019,050580,0.999,
2019,050581,0.9956,
2019,050586,1.0,
2019,050588,1.0,
2019,050589,0.9885,
2019,050590,0.9931,
2019,050597,0.9965,
2019,050599,0.9997,
2019,050603,0.9981,
2019,050604,0.9997,
2019,050608,1.0,
2019,050609,1.0,
2019,050616,0.9874,
2019,050624,0.9844,
2019,050625,1.0,
2019,050633,0.9701,
2019,050636,0.989,
2019,050641,0.998,
2019,050663,0.9996,
2019,050668,0.9948,
2019,050674,0.9963,
2019,050677,1.0,
2019,050678,0.9999,
2019,050684,0.9978,
2019,050686,1.0,
2019,050688,0.9974,
2019,050689,0.9983,
2019,050690,1.0,
2019,050696,0.9995,
2019,050697,1.0,
2019,050701,0.9913,
2019,050704,0.9994,
2019,050708,1.0,
2019,050709,0.9852,
2019,050710,1.0,
2019,050714,1.0,
2019,050717,1.0,
2019,050723,1.0,
2019,050724,0.9942,
2019,050726,1.0,
2019,050727,0.9959,
2019,050735,0.9993,
2019,050736,0.9987,
2019,050737,0.9953,
2019,050738,1.0,
2019,050739,0.991,
2019,050740,0.9991,
2019,050742,0.9795,
2019,050744,1.0,
2019,050745,1.0,
2019,050746,0.9998,
2019,050747,1.0,
2019,050748,1.0,
2019,050751,1.0,
2019,050755,0.9902,
2019,050757,1.0,
2019,050758,0.9983,
2019,050760,0.9975,
2019,050761,0.9934,
2019,050763,0.9998,
2019,050764,0.9994,
2019,050765,1.0,
2019,050766,1.0,
2019,050767,1.0,
2019,050769,1.0,
2019,050770,0.9852,
2019,050771,0.9986,
2019,050772,1.0,
2019,050773,0.998,
2019,050775,0.9894,
2019,050776,0.9999,
2019,050777,1.0,
2019,050779,0.9981,
2019,050780,0.9987,
2019,050781,0.9998,
2019,050782,0.9957,
2019,060001,0.9998,
2019,060003,0.9763,
2019,060004,0.9998,
2019,060006,0.9997,
2019,060008,0.9979,
2019,060009,0.9999,
2019,060010,0.9984,
2019,060011,0.9995,
2019,060012,1.0,
2019,060013,1.0,
2019,060014,0.9993,
2019,060015,1.0,
2019,060016,0.9955,
2019,060020,1.0,
2019,060022,0.9994,
2019,060023,1.0,
2019,060024,0.9992,
2019,060027,0.9893,
2019,060028,0.9994,
2019,060030,0.9949,
2019,060031,0.9982,
2019,060032,0.9934,
2019,060034,0.9946,
2019,060044,0.9961,
2019,060049,0.9995,
2019,060054,1.0,
2019,060064,0.9997,
2019,060065,0.9993,
2019,060071,0.9998,
2019,060075,0.9998,
2019,060076,1.0,
2019,060096,0.9938,
2019,060100,0.9941,
2019,060103,0.9902,
2019,060104,0.9999,
2019,060107,1.0,
2019,060112,0.9997,
2019,060113,0.9925,
2019,060114,0.991,
2019,060116,0.997,
2019,060117,1.0,
2019,060118,0.9987,
2019,060119,0.9999,
2019,060124,1.0,
2019,060125,0.9968,
2019,060126,1.0,
2019,060127,1.0,
2019,070002,0.998,
2019,070003,0.9936,
2019,070004,0.9985,
2019,070005,0.9781,
2019,070006,1.0,
2019,070007,0.9981,
2019,070008,0.9829,
2019,070010,0.9799,
2019,070011,0.9925,
2019,070012,0.9975,
2019,070016,0.9981,
2019,070017,0.9863,
2019,070018,0.9929,
2019,070019,0.9953,
2019,070020,0.998,
2019,070021,0.9961,
2019,070022,0.9897,
2019,070024,0.9979,
2019,070025,0.9935,
2019,070027,0.9826,
2019,070028,0.9879,
2019,070029,0.9809,
2019,070031,0.9883,
2019,070033,0.9937,
2019,070034,0.9998,
2019,070035,0.9975,
2019,070036,0.9951,
2019,070039,0.9992,
2019,070040,1.0,
2019,080001,0.9944,
2019,080003,0.997,
2019,080004,0.9824,
2019,080006,0.9993,
2019,080007,0.9883,
2019,080009,0.9978,
2019,090001,0.995,
2019,090003,0.9956,
2019,090004,0.9981,
2019,090005,0.9996,
2019,090006,0.9901,
2019,090008,0.9949,
2019,090011,0.9968,
2019,100001,0.9944,
2019,100002,0.9948,
2019,100006,0.9909,
2019,100007,0.9783,
2019,100008,0.9996,
2019,100012,0.9967,
2019,100014,0.9936,
2019,100017,0.9985,
2019,100018,1.0,
2019,100019,0.9923,
2019,100022,0.994,
2019,100023,0.9976,
2019,100025,0.9946,
2019,100026,0.9945,
2019,100028,0.99,
2019,100029,0.9908,
2019,100030,0.9975,
2019,100032,0.989,
2019,100034,0.9898,
2019,100035,0.9913,
2019,100038,0.9962,
2019,100039,0.9938,
2019,100040,0.9917,
2019,100043,0.997,
2019,100044,0.9879,
2019,100045,0.9915,
2019,100046,0.9947,
2019,100047,0.9932,
2019,100048,0.9981,
2019,100049,0.9982,
2019,100050,0.9848,
2019,100051,0.9986,
2019,100052,0.9917,
2019,100053,0.9877,
2019,100054,0.9935,
2019,100055,0.9953,
2019,100057,0.9947,
2019,100062,0.9966,
2019,100063,0.9909,
2019,100067,0.9879,
2019,100068,0.9969,
2019,100069,0.9972,
2019,100070,1.0,
2019,100071,0.9925,
2019,100072,0.9896,
2019,100073,0.9985,
2019,100075,0.9935,
2019,100077,0.9856,
2019,100080,0.9927,
2019,100081,0.9941,
2019,100084,0.9766,
2019,100086,0.9973,
2019,100087,1.0,
2019,100088,0.9884,
2019,100090,0.9932,
2019,100092,0.9907,
2019,100093,0.9921,
2019,100099,0.9862,
2019,100102,0.9915,
2019,100105,0.9987,
2019,100106,0.9914,
2019,100107,0.9889,
2019,100109,0.9956,
2019,100110,0.9834,
2019,100113,0.9945,
2019,100117,0.997,
2019,100118,0.9797,
2019,100121,0.986,
2019,100122,0.9973,
2019,100124,0.9932,
2019,100125,0.9998,
2019,100126,0.9836,
2019,100127,0.9952,
2019,100128,0.9977,
2019,100130,0.9965,
2019,100131,0.989,
2019,100132,0.9989,
2019,100134,1.0,
2019,100135,0.9953,
2019,100137,0.9864,
2019,100140,0.9991,
2019,100142,0.99,
2019,100150,0.9898,
2019,100151,0.9989,
2019,100154,0.9955,
2019,100156,0.9837,
2019,100157,0.97,
2019,100161,0.9936,
2019,100166,0.9951,
2019,100167,0.9951,
2019,100168,0.9962,
2019,100173,0.9843,
2019,100175,0.9918,
2019,100176,0.9857,
2019,100177,0.9964,
2019,100179,0.9862,
2019,100180,0.9841,
2019,100181,0.9981,
2019,100183,0.994,
2019,100187,0.9978,
2019,100189,0.991,
2019,100191,0.987,
2019,100200,0.9937,
2019,100204,0.9712,
2019,100206,0.9849,
2019,100209,0.9862,
2019,100211,0.9995,
2019,100212,0.994,
2019,100213,0.9882,
2019,100217,0.9797,
2019,100220,0.9908,
2019,100223,0.9945,
2019,100224,0.9741,
2019,100226,0.9884,
2019,100228,0.9913,
2019,100230,0.9964,
2019,100231,0.9845,
2019,100232,0.9836,
2019,100236,0.9892,
2019,100238,0.9793,
2019,100242,0.983,
2019,100243,0.9867,
2019,100244,0.9849,
2019,100246,0.9748,
2019,100248,0.9817,
2019,100249,0.9997,
2019,100252,0.9816,
2019,100253,0.9999,
2019,100254,0.9902,
2019,100255,0.9932,
2019,100256,0.9907,
2019,100258,0.9937,
2019,100259,0.9825,
2019,100260,0.97,
2019,100264,0.9825,
2019,100265,1.0,
2019,100266,0.9834,
2019,100267,0.9922,
2019,100268,0.98,
2019,100269,0.9906,
2019,100275,0.991,
2019,100276,0.995,
2019,100277,1.0,
2019,100281,0.9969,
2019,100284,0.9905,
2019,100285,0.9975,
2019,100286,0.9993,
2019,100287,0.9944,
2019,100288,0.9957,
2019,100289,0.9972,
2019,100290,0.9975,
2019,100291,0.99,
2019,100292,0.9969,
2019,100296,0.9976,
2019,100299,1.0,
2019,100302,0.9848,
2019,100307,0.9868,
2019,100313,0.9988,
2019,100314,1.0,
2019,100315,0.9821,
2019,100316,0.9875,
2019,100319,0.9889,
2019,100320,0.997,
2019,100321,0.9803,
2019,100322,1.0,
2019,100329,1.0,
2019,110001,0.9915,
2019,110002,1.0,
2019,110003,0.9858,
2019,110005,0.9942,
2019,110006,0.999,
2019,110007,0.9973,
2019,110008,0.9906,
2019,110010,0.9993,
2019,110011,0.9873,
2019,110015,0.9897,
2019,110016,0.9972,
2019,110018,0.9767,
2019,110023,0.9969,
2019,110024,0.9971,
2019,110025,0.9768,
2019,110026,0.9989,
2019,110027,0.9871,
2019,110028,0.9935,
2019,110029,0.9976,
2019,110030,0.9915,
2019,110031,0.9949,
2019,110032,0.9969,
2019,110034,0.9964,
2019,110035,0.9946,
2019,110036,0.9966,
2019,110038,0.9879,
2019,110040,0.9978,
2019,110041,0.9829,
2019,110042,0.9931,
2019,110043,0.9919,
2019,110044,0.9961,
2019,110045,0.9991,
2019,110046,0.9981,
2019,110050,1.0,
2019,110051,0.9923,
2019,110054,0.9897,
2019,110064,0.9996,
2019,110069,0.9716,
2019,110071,0.9955,
2019,110073,1.0,
2019,110074,0.9993,
2019,110075,0.9949,
2019,110076,0.9951,
2019,110078,0.9987,
2019,110079,0.9972,
2019,110082,0.9901,
2019,110083,0.9947,
2019,110086,0.9998,
2019,110087,1.0,
2019,110089,0.9922,
2019,110091,0.9962,
2019,110092,0.9974,
2019,110095,1.0,
2019,110100,1.0,
2019,110101,0.9971,
2019,110104,0.995,
2019,110105,0.983,
2019,110107,0.9949,
2019,110109,1.0,
2019,110111,0.994,
2019,110113,0.9909,
2019,110115,0.9945,
2019,110121,1.0,
2019,110122,0.9961,
2019,110124,0.984,
2019,110125,1.0,
2019,110128,0.9975,
2019,110129,1.0,
2019,110130,1.0,
2019,110132,0.9942,
2019,110135,1.0,
2019,110142,0.9967,
2019,110143,0.9977,
2019,110146,0.9871,
2019,110150,0.9953,
2019,110153,0.9882,
2019,110161,0.9948,
2019,110164,0.9931,
2019,110165,0.9966,
2019,110168,0.9807,
2019,110177,0.9879,
2019,110184,0.9981,
2019,110187,0.97,
2019,110189,0.9952,
2019,110191,0.9856,
2019,110192,0.9829,
2019,110194,0.9921,
2019,110198,0.9806,
2019,110200,0.9756,
2019,110201,0.9933,
2019,110215,0.9862,
2019,110225,1.0,
2019,110226,0.9916,
2019,110229,0.9939,
2019,110230,0.9918,
2019,110233,1.0,
2019,110234,0.9982,
2019,110236,1.0,
2019,120001,1.0,
2019,120002,0.999,
2019,120004,1.0,
2019,120005,1.0,
2019,120006,1.0,
2019,120007,0.9992,
2019,120011,0.9985,
2019,120014,1.0,
2019,120019,0.9966,
2019,120022,0.9997,
2019,120026,0.9998,
2019,120028,0.9978,
2019,130002,0.9997,
2019,130003,1.0,
2019,130006,1.0,
2019,130007,1.0,
2019,130013,0.9967,
2019,130014,0.9812,
2019,130018,1.0,
2019,130025,0.9956,
2019,130028,1.0,
2019,130049,0.9989,
2019,130063,1.0,
2019,130065,1.0,
2019,130066,0.97,
2019,130067,1.0,
2019,140001,0.9838,
2019,140002,0.982,
2019,140007,0.9811,
2019,140008,0.999,
2019,140010,0.9952,
2019,140011,0.9744,
2019,140012,0.9998,
2019,140013,0.9706,
2019,140015,0.9942,
2019,140018,0.9988,
2019,140019,0.9978,
2019,140029,0.9975,
2019,140030,0.996,
2019,140032,0.9996,
2019,140034,0.9898,
2019,140040,0.9951,
2019,140043,1.0,
2019,140046,0.9839,
2019,140048,0.9965,
2019,140049,0.9932,
2019,140052,0.9839,
2019,140053,1.0,
2019,140054,0.9894,
2019,140058,1.0,
2019,140059,0.9955,
2019,140062,0.9914,
2019,140063,0.9965,
2019,140064,0.9896,
2019,140065,0.9994,
2019,140067,0.9906,
2019,140068,0.9996,
2019,140077,0.9985,
2019,140080,0.9856,
2019,140082,0.9972,
2019,140083,1.0,
2019,140084,0.9922,
2019,140088,0.9977,
2019,140089,1.0,
2019,140091,0.9991,
2019,140093,0.9775,
2019,140095,0.9971,
2019,140100,1.0,
2019,140101,0.9923,
2019,140103,0.9861,
2019,140110,0.9956,
2019,140113,0.986,
2019,140114,0.9832,
2019,140115,0.9974,
2019,140116,0.9951,
2019,140117,0.9892,
2019,140118,0.9866,
2019,140119,0.9949,
2019,140120,0.981,
2019,140122,0.9931,
2019,140124,0.9964,
2019,140125,0.992,
2019,140127,1.0,
2019,140130,0.97,
2019,140133,0.9914,
2019,140135,0.9999,
2019,140137,1.0,
2019,140143,0.9924,
2019,140145,0.9999,
2019,140147,0.9868,
2019,140148,0.9985,
2019,140150,0.9982,
2019,140155,0.9954,
2019,140158,0.9895,
2019,140160,0.9916,
2019,140161,1.0,
2019,140162,0.9917,
2019,140164,0.9844,
2019,140166,0.9877,
2019,140167,0.9974,
2019,140172,0.9806,
2019,140174,0.9996,
2019,140176,0.9959,
2019,140177,0.9965,
2019,140179,0.9844,
2019,140180,0.9998,
2019,140181,0.9986,
2019,140182,0.9966,
2019,140184,0.9821,
2019,140185,0.9947,
2019,140186,0.9985,
2019,140187,0.9971,
2019,140189,0.9922,
2019,140191,0.9991,
2019,140197,0.9964,
2019,140200,0.9974,
2019,140202,0.9959,
2019,140206,0.9944,
2019,140208,0.9932,
2019,140209,0.995,
2019,140210,0.994,
2019,140211,0.9994,
2019,140213,0.9995,
2019,140217,1.0,
2019,140223,0.9973,
2019,140224,0.9921,
2019,140228,0.9975,
2019,140231,0.9972,
2019,140233,0.9915,
2019,140234,0.9948,
2019,140239,0.9954,
2019,140240,0.9993,
2019,140242,0.9996,
2019,140250,0.9937,
2019,140251,0.9984,
2019,140252,0.9969,
2019,140258,0.9943,
2019,140275,0.9954,
2019,140276,0.9951,
2019,140280,0.9932,
2019,140281,0.9998,
2019,140286,0.9879,
2019,140288,0.994,
2019,140289,0.9986,
2019,140290,0.9878,
2019,140291,0.9992,
2019,140292,0.9989,
2019,140294,0.9895,
2019,140300,1.0,
2019,140304,0.9946,
2019,140307,0.9952,
2019,150001,0.9987,
2019,150002,0.9855,
2019,150004,0.9879,
2019,150005,0.995,
2019,150006,0.9882,
2019,150007,0.9971,
2019,150008,0.9987,
2019,150009,0.9992,
2019,150010,0.9972,
2019,150011,0.9991,
2019,150012,1.0,
2019,150015,0.9945,
2019,150017,0.9985,
2019,150018,0.9994,
2019,150021,0.9993,
2019,150022,0.9941,
2019,150023,0.9975,
2019,150024,1.0,
2019,150026,0.9987,
2019,150030,0.9981,
2019,150034,0.9812,
2019,150035,0.9961,
2019,150037,0.9976,
2019,150042,0.9973,
2019,150044,0.9907,
2019,150045,0.9752,
2019,150046,0.9842,
2019,150047,0.9997,
2019,150048,1.0,
2019,150051,1.0,
2019,150056,0.9977,
2019,150057,1.0,
2019,150058,0.9992,
2019,150059,1.0,
2019,150061,0.9966,
2019,150064,0.9988,
2019,150065,1.0,
2019,150069,0.992,
2019,150072,1.0,
2019,150074,0.9985,
2019,150075,0.9885,
2019,150076,1.0,
2019,150082,0.9875,
2019,150084,1.0,
2019,150086,0.9848,
2019,150088,0.9917,
2019,150089,0.9982,
2019,150090,0.9929,
2019,150091,0.9962,
2019,150097,0.997,
2019,150100,0.9897,
2019,150101,0.9985,
2019,150102,0.9969,
2019,150104,0.9891,
2019,150109,0.9993,
2019,150112,0.9985,
2019,150113,0.9891,
2019,150115,1.0,
2019,150125,0.99,
2019,150126,0.996,
2019,150128,0.9924,
2019,150133,0.9934,
2019,150146,0.999,
2019,150150,0.9988,
2019,150153,1.0,
2019,150157,0.9994,
2019,150158,0.994,
2019,150160,1.0,
2019,150161,0.9997,
2019,150162,0.9993,
2019,150165,0.9901,
2019,150166,0.9965,
2019,150167,1.0,
2019,150168,1.0,
2019,150169,0.9844,
2019,150172,1.0,
2019,150173,0.9987,
2019,150175,0.9915,
2019,150176,0.97,
2019,150177,0.9969,
2019,150181,0.9984,
2019,150182,1.0,
2019,150183,0.9982,
2019,160001,0.9971,
2019,160005,0.9986,
2019,160008,0.9881,
2019,160013,1.0,
2019,160016,0.9957,
2019,160024,0.9917,
2019,160028,0.9999,
2019,160029,1.0,
2019,160030,0.9998,
2019,160032,0.9897,
2019,160033,0.9916,
2019,160040,1.0,
2019,160045,1.0,
2019,160047,0.9993,
2019,160057,0.989,
2019,160058,0.9985,
2019,160064,1.0,
2019,160067,0.9996,
2019,160069,0.9952,
2019,160079,1.0,
2019,160080,0.9922,
2019,160082,1.0,
2019,160083,1.0,
2019,160089,0.999,
2019,160101,0.998,
2019,160104,0.97,
2019,160110,0.9943,
2019,160112,0.9976,
2019,160117,0.9913,
2019,160122,1.0,
2019,160124,1.0,
2019,160146,0.9993,
2019,160147,0.9997,
2019,160153,0.9979,
2019,170006,0.9983,
2019,170009,0.9986,
2019,170012,0.9974,
2019,170013,0.9907,
2019,170014,0.9946,
2019,170016,0.9996,
2019,170017,0.9943,
2019,170020,0.9973,
2019,170023,0.9905,
2019,170027,0.9999,
2019,170039,0.9995,
2019,170040,0.9988,
2019,170049,0.9817,
2019,170058,0.9972,
2019,170068,0.9999,
2019,170074,0.9923,
2019,170075,1.0,
2019,170086,0.994,
2019,170103,0.9992,
2019,170104,0.9952,
2019,170105,0.9939,
2019,170109,0.9868,
2019,170110,1.0,
2019,170120,0.9995,
2019,170122,0.9994,
2019,170123,0.9997,
2019,170133,0.983,
2019,170137,0.9941,
2019,170142,0.998,
2019,170145,0.9998,
2019,170146,0.97,
2019,170150,0.9983,
2019,170166,0.9996,
2019,170175,0.9959,
2019,170176,0.988,
2019,170182,0.9886,
2019,170183,1.0,
2019,170185,0.9859,
2019,170186,1.0,
2019,170187,1.0,
2019,170188,1.0,
2019,170190,1.0,
2019,170191,0.9991,
2019,170196,1.0,
2019,170197,1.0,
2019,170198,1.0,
2019,170200,0.9915,
2019,170203,1.0,
2019,180001,0.9861,
2019,180002,0.9797,
2019,180004,0.9958,
2019,180005,0.9783,
2019,180009,0.9856,
2019,180010,0.9978,
2019,180011,0.9963,
2019,180012,0.9972,
2019,180013,0.9817,
2019,180016,0.9973,
2019,180017,0.9962,
2019,180018,0.9985,
2019,180019,0.9967,
2019,180020,0.9967,
2019,180021,0.9966,
2019,180024,0.9985,
2019,180025,1.0,
2019,180027,0.9937,
2019,180029,0.97,
2019,180035,0.9876,
2019,180036,0.9833,
2019,180038,0.9992,
2019,180040,0.9893,
2019,180043,0.9966,
2019,180044,0.9817,
2019,180045,0.9845,
2019,180046,0.9995,
2019,180048,0.9893,
2019,180049,0.9941,
2019,180050,0.97,
2019,180051,0.9908,
2019,180053,0.9949,
2019,180056,0.99,
2019,180064,0.9938,
2019,180066,0.9963,
2019,180067,0.9966,
2019,180069,0.97,
2019,180070,0.9949,
2019,180078,0.9972,
2019,180079,0.9993,
2019,180080,0.9943,
2019,180087,0.9987,
2019,180088,0.9963,
2019,180092,0.9976,
2019,180093,0.9931,
2019,180095,0.9992,
2019,180101,0.9975,
2019,180102,0.9874,
2019,180103,1.0,
2019,180104,0.9905,
2019,180105,0.9909,
2019,180106,0.9975,
2019,180115,0.9859,
2019,180116,0.9737,
2019,180124,0.97,
2019,180127,0.9918,
2019,180128,0.9899,
2019,180130,1.0,
2019,180132,0.9937,
2019,180138,0.9959,
2019,180139,0.9858,
2019,180141,0.9991,
2019,180143,0.9812,
2019,180149,1.0,
2019,190002,0.9847,
2019,190004,0.9964,
2019,190005,0.9989,
2019,190006,0.9988,
2019,190007,0.9983,
2019,190008,0.9904,
2019,190011,0.9977,
2019,190013,0.9927,
2019,190014,0.9915,
2019,190015,0.9989,
2019,190017,1.0,
2019,190019,0.9982,
2019,190020,0.9713,
2019,190025,0.9995,
2019,190026,0.9958,
2019,190027,0.9977,
2019,190034,1.0,
2019,190036,0.9937,
2019,190039,0.9977,
2019,190040,0.987,
2019,190041,0.9715,
2019,190044,1.0,
2019,190045,0.9916,
2019,190046,0.9983,
2019,190050,0.9834,
2019,190053,1.0,
2019,190054,0.9934,
2019,190060,0.99,
2019,190064,0.9994,
2019,190065,0.9928,
2019,190079,0.9959,
2019,190081,0.9988,
2019,190086,0.9952,
2019,190088,1.0,
2019,190090,0.9955,
2019,190098,0.9989,
2019,190099,0.995,
2019,190102,0.9976,
2019,190106,1.0,
2019,190111,0.9983,
2019,190114,1.0,
2019,190116,0.9987,
2019,190118,0.9978,
2019,190125,1.0,
2019,190133,1.0,
2019,190140,1.0,
2019,190144,0.9964,
2019,190145,0.9957,
2019,190146,0.9996,
2019,190151,0.9899,
2019,190160,0.9844,
2019,190164,0.9841,
2019,190167,0.9997,
2019,190176,0.9953,
2019,190183,0.9978,
2019,190184,0.9991,
2019,190190,0.9925,
2019,190199,1.0,
2019,190201,0.97,
2019,190202,0.9948,
2019,190204,0.9948,
2019,190205,0.9979,
2019,190208,1.0,
2019,190218,0.999,
2019,190236,0.9976,
2019,190241,1.0,
2019,190242,0.9963,
2019,190245,1.0,
2019,190246,1.0,
2019,190255,1.0,
2019,190256,1.0,
2019,190259,0.9857,
2019,190263,0.9999,
2019,190267,0.9947,
2019,190268,0.97,
2019,190270,0.9959,
2019,190274,0.9951,
2019,190278,0.9724,
2019,190297,0.97,
2019,190298,1.0,
2019,190300,1.0,
2019,190302,1.0,
2019,190303,0.9976,
2019,190308,0.9984,
2019,190312,0.9952,
2019,190313,1.0,
2019,200001,0.9949,
2019,200008,1.0,
2019,200009,1.0,
2019,200018,0.9979,
2019,200019,1.0,
2019,200020,0.9932,
2019,200021,0.9992,
2019,200024,0.9987,
2019,200031,0.9938,
2019,200033,0.9974,
2019,200034,0.9833,
2019,200037,0.9954,
2019,200039,1.0,
2019,200041,1.0,
2019,200050,1.0,
2019,200052,1.0,
2019,200063,0.999,
2019,220001,0.9941,
2019,220002,0.9964,
2019,220008,0.975,
2019,220010,0.9862,
2019,220011,0.9943,
2019,220012,0.9931,
2019,220015,0.9947,
2019,220016,0.9956,
2019,220017,0.9975,
2019,220019,0.9904,
2019,220020,0.9772,
2019,220024,0.9957,
2019,220029,0.9806,
2019,220030,0.9934,
2019,220031,0.9952,
2019,220033,0.9864,
2019,220035,0.9989,
2019,220036,0.9888,
2019,220046,0.9938,
2019,220049,0.995,
2019,220052,0.993,
2019,220058,0.999,
2019,220060,0.9967,
2019,220063,0.9864,
2019,220065,0.9921,
2019,220066,0.9831,
2019,220070,0.973,
2019,220071,0.9968,
2019,220073,0.9898,
2019,220074,0.97,
2019,220075,1.0,
2019,220077,0.9986,
2019,220080,0.9852,
2019,220083,0.9921,
2019,220084,0.9998,
2019,220086,0.9846,
2019,220088,1.0,
2019,220090,0.9832,
2019,220095,0.999,
2019,220098,0.9918,
2019,220100,0.9736,
2019,220101,0.9995,
2019,220105,0.9966,
2019,220108,0.9765,
2019,220110,0.9966,
2019,220111,0.9829,
2019,220116,0.9926,
2019,220119,0.997,
2019,220126,0.9845,
2019,220135,0.9777,
2019,220163,0.9972,
2019,220171,0.9853,
2019,220175,0.9991,
2019,220176,0.9989,
2019,220177,0.9993,
2019,230002,0.9873,
2019,230003,0.9989,
2019,230005,1.0,
2019,230013,1.0,
2019,230015,0.9945,
2019,230017,1.0,
2019,230019,0.9999,
2019,230020,0.9843,
2019,230021,1.0,
2019,230022,0.9958,
2019,230024,0.9911,
2019,230029,0.995,
2019,230030,1.0,
2019,230031,0.97,
2019,230035,0.9974,
2019,230036,0.9922,
2019,230037,1.0,
2019,230038,0.9993,
2019,230040,0.9909,
2019,230041,0.9867,
2019,230046,0.9997,
2019,230047,0.9897,
2019,230053,0.9941,
2019,230054,0.9977,
2019,230055,0.9977,
2019,230058,0.9945,
2019,230059,0.992,
2019,230066,1.0,
2019,230069,0.9954,
2019,230070,0.9914,
2019,230071,1.0,
2019,230072,0.9998,
2019,230075,0.9987,
2019,230077,0.9932,
2019,230078,0.9993,
2019,230080,0.9986,
2019,230081,1.0,
2019,230085,0.9965,
2019,230089,0.9872,
2019,230092,0.9923,
2019,230093,0.996,
2019,230095,0.9971,
2019,230096,0.9899,
2019,230097,0.9963,
2019,230099,0.9851,
2019,230100,1.0,
2019,230104,0.9855,
2019,230105,0.9951,
2019,230108,1.0,
2019,230110,0.9972,
2019,230117,1.0,
2019,230118,0.9976,
2019,230121,0.9909,
2019,230130,0.9852,
2019,230132,0.988,
2019,230133,0.9885,
2019,230141,0.9844,
2019,230142,0.9857,
2019,230146,0.9803,
2019,230151,0.9888,
2019,230156,0.995,
2019,230165,0.9946,
2019,230167,0.9991,
2019,230174,0.9997,
2019,230176,0.996,
2019,230180,0.9974,
2019,230193,0.9971,
2019,230195,0.9938,
2019,230197,0.9899,
2019,230207,0.9977,
2019,230208,0.9877,
2019,230216,0.9815,
2019,230217,0.9993,
2019,230222,0.9993,
2019,230227,0.9906,
2019,230230,0.9925,
2019,230236,1.0,
2019,230239,0.9996,
2019,230241,0.9943,
2019,230244,0.9813,
2019,230254,0.9937,
2019,230259,0.9919,
2019,230264,1.0,
2019,230269,0.9941,
2019,230270,0.9938,
2019,230273,0.9936,
2019,230277,0.9958,
2019,230297,0.9999,
2019,230301,0.9972,
2019,230302,0.9806,
2019,230303,0.9878,
2019,240001,1.0,
2019,240002,0.9993,
2019,240004,0.9987,
2019,240006,0.9984,
2019,240010,0.9991,
2019,240014,0.9905,
2019,240018,0.9997,
2019,240019,0.9999,
2019,240020,0.995,
2019,240022,1.0,
2019,240030,0.9995,
2019,240036,0.9991,
2019,240038,0.9974,
2019,240040,0.9975,
2019,240043,0.9969,
2019,240044,0.9982,
2019,240047,0.9965,
2019,240050,1.0,
2019,240052,0.9954,
2019,240053,0.9998,
2019,240056,0.997,
2019,240057,0.9977,
2019,240059,0.9981,
2019,240063,0.9982,
2019,240064,0.9999,
2019,240066,0.999,
2019,240069,0.9975,
2019,240071,0.9956,
2019,240075,0.998,
2019,240076,1.0,
2019,240078,0.9979,
2019,240080,0.9992,
2019,240084,0.9925,
2019,240088,0.9991,
2019,240093,0.9985,
2019,240100,1.0,
2019,240101,0.9991,
2019,240104,0.9983,
2019,240106,1.0,
2019,240115,0.9974,
2019,240141,0.9971,
2019,240166,0.9932,
2019,240187,0.9997,
2019,240206,1.0,
2019,240207,0.9991,
2019,240210,0.9988,
2019,240213,0.9999,
2019,240214,0.9993,
2019,250001,0.9997,
2019,250002,0.9965,
2019,250004,0.9979,
2019,250006,0.9994,
2019,250007,0.992,
2019,250009,0.9794,
2019,250012,0.9952,
2019,250017,1.0,
2019,250018,1.0,
2019,250019,0.9932,
2019,250020,0.97,
2019,250025,0.9953,
2019,250027,0.9956,
2019,250031,0.9855,
2019,250034,0.9921,
2019,250036,0.9898,
2019,250038,0.9973,
2019,250040,0.9846,
2019,250042,0.9921,
2019,250043,0.998,
2019,250044,1.0,
2019,250048,0.9932,
2019,250049,0.9991,
2019,250050,0.994,
2019,250057,0.9952,
2019,250058,0.979,
2019,250060,1.0,
2019,250061,0.9959,
2019,250067,0.9994,
2019,250069,0.9935,
2019,250072,0.9938,
2019,250077,0.9986,
2019,250078,0.9835,
2019,250079,0.999,
2019,250082,1.0,
2019,250084,0.9994,
2019,250085,0.999,
2019,250093,0.982,
2019,250094,0.9944,
2019,250095,1.0,
2019,250096,0.9947,
2019,250097,0.994,
2019,250099,0.9929,
2019,250100,0.9927,
2019,250102,0.9956,
2019,250104,0.9914,
2019,250117,0.9898,
2019,250123,0.9915,
2019,250124,1.0,
2019,250126,0.998,
2019,250127,1.0,
2019,250128,0.9958,
2019,250134,1.0,
2019,250138,0.9873,
2019,250141,0.9835,
2019,250162,0.9967,
2019,250167,0.9981,
2019,250168,0.9994,
2019,260001,0.9803,
2019,260004,0.9992,
2019,260005,0.9929,
2019,260006,1.0,
2019,260009,0.9854,
2019,260011,0.987,
2019,260015,0.9936,
2019,260017,0.9945,
2019,260020,0.9982,
2019,260022,0.9994,
2019,260023,0.9778,
2019,260024,0.991,
2019,260025,0.9966,
2019,260027,0.9956,
2019,260032,0.9969,
2019,260034,0.9988,
2019,260040,0.9994,
2019,260047,0.9984,
2019,260048,0.9994,
2019,260050,1.0,
2019,260052,0.9999,
2019,260057,0.9994,
2019,260059,0.9901,
2019,260061,0.9979,
2019,260062,0.9984,
2019,260064,1.0,
2019,260065,0.9996,
2019,260068,0.9998,
2019,260070,0.9797,
2019,260074,0.9909,
2019,260077,0.9886,
2019,260078,0.9975,
2019,260080,0.9957,
2019,260081,0.9945,
2019,260085,0.99,
2019,260091,0.9988,
2019,260094,0.9936,
2019,260095,0.97,
2019,260096,0.9745,
2019,260097,0.9983,
2019,260102,0.9998,
2019,260104,0.9968,
2019,260105,0.9987,
2019,260108,0.9926,
2019,260110,0.9948,
2019,260113,0.9981,
2019,260119,0.9902,
2019,260137,0.9995,
2019,260138,0.9978,
2019,260141,0.9968,
2019,260142,0.9916,
2019,260160,0.9924,
2019,260162,0.9972,
2019,260163,0.9986,
2019,260175,0.9964,
2019,260176,0.9938,
2019,260177,0.9789,
2019,260179,1.0,
2019,260180,0.9897,
2019,260183,0.9984,
2019,260186,0.9956,
2019,260190,0.97,
2019,260191,0.9843,
2019,260193,0.97,
2019,260195,0.9983,
2019,260200,0.9995,
2019,260209,1.0,
2019,260210,0.9969,
2019,260214,0.9714,
2019,260216,0.9975,
2019,260219,0.9865,
2019,260227,0.9867,
2019,270003,0.9811,
2019,270004,0.9999,
2019,270012,0.9985,
2019,270014,1.0,
2019,270017,0.9913,
2019,270023,0.9974,
2019,270032,0.9964,
2019,270049,0.9993,
2019,270051,1.0,
2019,270057,1.0,
2019,270074,1.0,
2019,270086,0.9997,
2019,270087,1.0,
2019,270089,1.0,
2019,280003,1.0,
2019,280009,0.9994,
2019,280013,0.9992,
2019,280020,1.0,
2019,280023,1.0,
2019,280032,1.0,
2019,280040,0.9961,
2019,280060,0.9985,
2019,280061,0.9981,
2019,280065,0.9907,
2019,280077,0.998,
2019,280081,0.9934,
2019,280105,0.9964,
2019,280111,0.9993,
2019,280125,0.9968,
2019,280127,1.0,
2019,280128,1.0,
2019,280129,1.0,
2019,280130,0.9984,
2019,280131,1.0,
2019,280132,0.9846,
2019,280134,0.9916,
2019,290001,0.9994,
2019,290003,0.9817,
2019,290005,0.9881,
2019,290007,1.0,
2019,290008,0.9786,
2019,290009,0.9911,
2019,290012,0.9973,
2019,290019,0.9965,
2019,290021,0.9923,
2019,290022,0.9849,
2019,290032,0.977,
2019,290039,0.9878,
2019,290041,0.9922,
2019,290042,1.0,
2019,290045,0.9961,
2019,290046,0.9878,
2019,290047,0.9966,
2019,290049,0.9864,
2019,290053,0.9955,
2019,290054,0.986,
2019,290056,1.0,
2019,290057,0.9952,
2019,300001,0.9987,
2019,300003,1.0,
2019,300005,0.9949,
2019,300011,0.9848,
2019,300012,0.989,
2019,300014,1.0,
2019,300017,0.9803,
2019,300018,0.9944,
2019,300019,0.996,
2019,300020,0.9968,
2019,300023,0.9952,
2019,300029,0.9919,
2019,300034,0.9967,
2019,310001,0.9929,
2019,310002,0.9893,
2019,310003,0.9848,
2019,310005,0.9928,
2019,310006,0.9907,
2019,310008,0.9863,
2019,310009,0.994,
2019,310010,0.9996,
2019,310011,0.9929,
2019,310012,0.9954,
2019,310014,0.9919,
2019,310015,0.9954,
2019,310016,0.986,
2019,310017,0.9935,
2019,310019,0.9752,
2019,310021,0.9942,
2019,310022,0.994,
2019,310024,0.9838,
2019,310025,0.9853,
2019,310027,0.9963,
2019,310028,0.9864,
2019,310029,0.9981,
2019,310031,0.9925,
2019,310032,0.988,
2019,310034,0.9956,
2019,310038,0.989,
2019,310039,0.9826,
2019,310040,0.9904,
2019,310041,0.988,
2019,310044,0.9951,
2019,310045,0.9849,
2019,310047,0.9831,
2019,310048,0.9912,
2019,310050,0.9793,
2019,310051,0.9999,
2019,310052,0.9949,
2019,310054,0.9802,
2019,310057,0.9971,
2019,310058,0.9932,
2019,310060,0.997,
2019,310061,0.9951,
2019,310064,0.9946,
2019,310069,0.9908,
2019,310070,0.9856,
2019,310073,0.9981,
2019,310074,0.9868,
2019,310075,0.9989,
2019,310076,0.9888,
2019,310081,0.9921,
2019,310083,0.9857,
2019,310084,0.998,
2019,310086,0.991,
2019,310091,0.9947,
2019,310092,0.9943,
2019,310096,0.9903,
2019,310108,0.9816,
2019,310110,0.9845,
2019,310111,0.9927,
2019,310112,0.9971,
2019,310113,1.0,
2019,310115,0.9954,
2019,310118,0.9854,
2019,310119,0.9981,
2019,310130,0.9862,
2019,320001,0.9995,
2019,320002,1.0,
2019,320003,0.9959,
2019,320004,0.9848,
2019,320005,0.9949,
2019,320006,0.993,
2019,320009,0.9967,
2019,320011,1.0,
2019,320016,1.0,
2019,320017,0.9747,
2019,320018,0.9963,
2019,320021,1.0,
2019,320022,0.9947,
2019,320030,1.0,
2019,320033,0.9912,
2019,320038,0.9974,
2019,320058,1.0,
2019,320059,0.9977,
2019,320060,1.0,
2019,320061,0.9895,
2019,320062,1.0,
2019,320063,0.9978,
2019,320065,0.9999,
2019,320067,1.0,
2019,320070,1.0,
2019,320074,0.9886,
2019,320084,0.9923,
2019,320085,0.989,
2019,320086,0.9814,
2019,320089,1.0,
2019,330003,1.0,
2019,330004,0.9816,
2019,330005,0.9945,
2019,330006,0.995,
2019,330008,0.9924,
2019,330009,0.9964,
2019,330011,0.9916,
2019,330013,0.9968,
2019,330014,0.9963,
2019,330019,0.9854,
2019,330023,0.9737,
2019,330024,0.9957,
2019,330027,0.9939,
2019,330028,0.9923,
2019,330030,0.9832,
2019,330033,0.9923,
2019,330043,0.9987,
2019,330044,0.9904,
2019,330045,0.9816,
2019,330046,0.9891,
2019,330047,0.9953,
2019,330049,0.9967,
2019,330055,0.9908,
2019,330056,0.9877,
2019,330057,0.9981,
2019,330058,0.9815,
2019,330059,0.9919,
2019,330061,0.9756,
2019,330065,0.9984,
2019,330073,0.9866,
2019,330074,0.9897,
2019,330078,0.9939,
2019,330079,0.9995,
2019,330080,0.9934,
2019,330084,1.0,
2019,330085,0.9949,
2019,330086,0.9981,
2019,330088,0.9996,
2019,330090,0.97,
2019,330094,0.9908,
2019,330096,1.0,
2019,330101,0.998,
2019,330102,0.9989,
2019,330103,0.9999,
2019,330104,0.9866,
2019,330106,0.9834,
2019,330107,0.9818,
2019,330108,1.0,
2019,330111,0.97,
2019,330115,0.9965,
2019,330119,0.9982,
2019,330125,0.9852,
2019,330126,0.9707,
2019,330127,1.0,
2019,330128,0.9924,
2019,330132,1.0,
2019,330135,0.9926,
2019,330136,0.9975,
2019,330140,0.9886,
2019,330141,0.9974,
2019,330144,0.9957,
2019,330151,0.9999,
2019,330153,0.9984,
2019,330157,0.9985,
2019,330158,0.9906,
2019,330160,0.9929,
2019,330162,0.9826,
2019,330163,0.9933,
2019,330164,0.9999,
2019,330166,1.0,
2019,330167,0.9912,
2019,330169,0.9948,
2019,330175,0.9878,
2019,330180,0.998,
2019,330181,0.9837,
2019,330182,0.9915,
2019,330184,0.9909,
2019,330185,0.9776,
2019,330188,0.999,
2019,330191,0.9979,
2019,330193,0.9848,
2019,330194,0.9915,
2019,330195,0.9824,
2019,330196,0.9796,
2019,330197,0.9895,
2019,330198,0.9919,
2019,330199,0.998,
2019,330201,0.9857,
2019,330202,0.9959,
2019,330203,0.984,
2019,330204,0.9996,
2019,330205,0.9845,
2019,330208,0.9818,
2019,330211,1.0,
2019,330214,0.9984,
2019,330215,0.976,
2019,330218,0.9835,
2019,330219,0.9992,
2019,330221,0.9916,
2019,330222,0.9917,
2019,330223,0.9807,
2019,330224,1.0,
2019,330226,0.9961,
2019,330229,0.9966,
2019,330231,0.9791,
2019,330232,1.0,
2019,330233,0.9994,
2019,330234,0.9924,
2019,330235,0.9718,
2019,330236,0.9884,
2019,330238,0.991,
2019,330239,0.9931,
2019,330240,0.994,
2019,330241,0.9959,
2019,330245,0.9994,
2019,330246,0.9772,
2019,330250,0.9875,
2019,330259,0.9862,
2019,330261,0.9968,
2019,330264,0.9827,
2019,330265,0.9964,
2019,330267,0.9784,
2019,330268,1.0,
2019,330270,1.0,
2019,330273,0.9809,
2019,330276,0.9978,
2019,330277,0.9933,
2019,330279,0.9989,
2019,330285,0.9941,
2019,330286,0.9777,
2019,330304,0.9894,
2019,330307,0.9975,
2019,330331,0.9929,
2019,330332,0.9847,
2019,330350,0.991,
2019,330385,0.9987,
2019,330386,0.9893,
2019,330393,0.9928,
2019,330394,0.9961,
2019,330395,0.9792,
2019,330396,0.9939,
2019,330397,0.9992,
2019,330399,1.0,
2019,330401,0.9992,
2019,330403,1.0,
2019,340001,0.9921,
2019,340002,1.0,
2019,340003,0.9905,
2019,340004,0.9953,
2019,340008,0.9989,
2019,340010,0.9836,
2019,340013,0.9985,
2019,340014,0.9987,
2019,340015,0.9868,
2019,340016,0.9903,
2019,340017,1.0,
2019,340020,0.9831,
2019,340021,0.9993,
2019,340023,1.0,
2019,340024,0.9896,
2019,340027,0.9847,
2019,340028,0.9972,
2019,340030,0.9959,
2019,340032,0.9997,
2019,340037,1.0,
2019,340039,0.9928,
2019,340040,0.9947,
2019,340041,0.9903,
2019,340042,0.9957,
2019,340047,0.9992,
2019,340049,1.0,
2019,340050,0.979,
2019,340051,0.993,
2019,340053,0.9953,
2019,340060,0.9919,
2019,340061,0.9977,
2019,340064,0.9951,
2019,340068,0.9976,
2019,340069,0.9996,
2019,340070,0.9982,
2019,340071,0.9831,
2019,340073,0.9907,
2019,340075,0.9996,
2019,340084,1.0,
2019,340085,0.9996,
2019,340087,1.0,
2019,340090,0.99,
2019,340091,0.9996,
2019,340096,0.994,
2019,340097,0.999,
2019,340098,0.9904,
2019,340099,0.9904,
2019,340107,0.9885,
2019,340109,0.9976,
2019,340113,0.999,
2019,340114,0.9991,
2019,340115,0.9961,
2019,340116,0.993,
2019,340119,0.9998,
2019,340120,0.9916,
2019,340123,1.0,
2019,340126,0.9933,
2019,340127,0.997,
2019,340129,0.9925,
2019,340130,0.9945,
2019,340131,1.0,
2019,340132,0.988,
2019,340133,0.9876,
2019,340141,0.9989,
2019,340142,0.9966,
2019,340143,1.0,
2019,340144,0.9972,
2019,340145,0.9989,
2019,340147,0.9829,
2019,340151,0.9964,
2019,340155,0.9952,
2019,340156,1.0,
2019,340158,0.9761,
2019,340159,0.9968,
2019,340166,0.9923,
2019,340171,0.9903,
2019,340173,0.9911,
2019,340183,0.997,
2019,340184,0.9968,
2019,340186,0.999,
2019,340187,1.0,
2019,340188,0.9977,
2019,350002,1.0,
2019,350006,0.9932,
2019,350011,1.0,
2019,350015,0.9964,
2019,350019,0.9965,
2019,350063,0.9953,
2019,350064,1.0,
2019,350070,0.9973,
2019,360001,0.9953,
2019,360002,0.9984,
2019,360003,0.9985,
2019,360006,0.9977,
2019,360008,0.9861,
2019,360009,0.9953,
2019,360010,0.9977,
2019,360011,0.9888,
2019,360012,0.997,
2019,360013,0.9951,
2019,360014,0.9964,
2019,360016,0.9953,
2019,360017,0.9966,
2019,360020,0.9931,
2019,360025,1.0,
2019,360026,0.9922,
2019,360027,0.9974,
2019,360029,0.9966,
2019,360032,0.9999,
2019,360035,0.9977,
2019,360036,0.9958,
2019,360037,0.9998,
2019,360039,0.995,
2019,360040,0.9984,
2019,360041,0.9966,
2019,360044,0.9986,
2019,360046,0.9837,
2019,360048,0.996,
2019,360051,0.9979,
2019,360052,0.9794,
2019,360054,0.9947,
2019,360055,0.992,
2019,360056,0.9907,
2019,360058,0.9999,
2019,360059,0.9952,
2019,360064,0.9917,
2019,360065,0.9963,
2019,360066,0.9968,
2019,360068,1.0,
2019,360070,0.9943,
2019,360071,0.9923,
2019,360072,0.9987,
2019,360074,0.9993,
2019,360075,0.9907,
2019,360076,0.9994,
2019,360077,0.9905,
2019,360078,0.9947,
2019,360079,0.9919,
2019,360080,0.999,
2019,360081,0.9976,
2019,360082,1.0,
2019,360084,0.9889,
2019,360085,0.9989,
2019,360086,0.9896,
2019,360087,0.9989,
2019,360089,0.9981,
2019,360090,0.9931,
2019,360091,0.9913,
2019,360092,0.9972,
2019,360095,0.9971,
2019,360096,0.9789,
2019,360098,0.9852,
2019,360107,0.9983,
2019,360109,0.9953,
2019,360112,0.9945,
2019,360118,0.997,
2019,360121,0.9993,
2019,360123,0.9968,
2019,360125,0.9781,
2019,360131,0.9916,
2019,360132,0.9892,
2019,360133,0.9981,
2019,360134,0.9948,
2019,360137,0.9966,
2019,360141,0.9798,
2019,360143,0.9939,
2019,360144,0.9958,
2019,360145,0.9854,
2019,360147,0.9957,
2019,360148,1.0,
2019,360150,0.995,
2019,360151,0.9888,
2019,360152,0.9926,
2019,360153,1.0,
2019,360155,1.0,
2019,360156,1.0,
2019,360159,0.9978,
2019,360161,0.9983,
2019,360163,0.9997,
2019,360170,0.9967,
2019,360172,0.9944,
2019,360174,0.9904,
2019,360175,0.9888,
2019,360179,0.998,
2019,360180,0.9983,
2019,360185,0.9965,
2019,360189,0.996,
2019,360192,0.9948,
2019,360197,0.9989,
2019,360203,0.9957,
2019,360210,0.9985,
2019,360211,0.9932,
2019,360218,0.996,
2019,360230,0.9939,
2019,360234,0.9936,
2019,360236,0.9865,
2019,360239,0.9996,
2019,360259,0.9974,
2019,360262,0.9966,
2019,360263,1.0,
2019,360266,1.0,
2019,360270,0.9995,
2019,360274,0.9793,
2019,360276,0.9779,
2019,360348,0.9996,
2019,360351,1.0,
2019,360352,1.0,
2019,360354,0.9877,
2019,360355,0.9908,
2019,360358,1.0,
2019,360359,0.9964,
2019,360360,0.9858,
2019,360361,0.9763,
2019,360362,0.974,
2019,360364,0.9898,
2019,360365,1.0,
2019,370001,0.9972,
2019,370002,0.992,
2019,370004,0.9979,
2019,370006,0.9874,
2019,370008,0.9999,
2019,370011,1.0,
2019,370013,0.9998,
2019,370014,0.9815,
2019,370015,0.9945,
2019,370016,1.0,
2019,370018,0.9967,
2019,370019,0.9975,
2019,370020,0.9967,
2019,370022,0.9816,
2019,370023,0.9915,
2019,370025,0.986,
2019,370026,1.0,
2019,370028,0.9996,
2019,370029,1.0,
2019,370030,0.9994,
2019,370032,0.9852,
2019,370034,0.9868,
2019,370037,0.9984,
2019,370039,0.9987,
2019,370041,0.996,
2019,370047,0.9993,
2019,370048,0.9994,
2019,370049,0.9972,
2019,370054,0.9987,
2019,370056,0.993,
2019,370057,1.0,
2019,370072,1.0,
2019,370078,0.9945,
2019,370080,1.0,
2019,370083,0.9957,
2019,370089,0.9972,
2019,370091,0.9882,
2019,370093,0.9954,
2019,370094,0.9887,
2019,370097,0.991,
2019,370099,1.0,
2019,370100,0.9953,
2019,370106,0.9985,
2019,370112,1.0,
2019,370113,0.9949,
2019,370114,0.9965,
2019,370139,0.991,
2019,370149,0.9879,
2019,370153,0.9974,
2019,370156,1.0,
2019,370158,1.0,
2019,370166,0.999,
2019,370170,1.0,
2019,370171,0.9972,
2019,370172,1.0,
2019,370173,0.9981,
2019,370178,0.9994,
2019,370180,0.9969,
2019,370183,0.9989,
2019,370190,1.0,
2019,370192,1.0,
2019,370201,1.0,
2019,370202,0.9926,
2019,370203,1.0,
2019,370210,1.0,
2019,370211,0.9986,
2019,370212,0.97,
2019,370214,1.0,
2019,370215,1.0,
2019,370216,1.0,
2019,370218,0.9955,
2019,370220,0.9732,
2019,370222,1.0,
2019,370225,1.0,
2019,370227,1.0,
2019,370228,0.9991,
2019,370229,1.0,
2019,370234,1.0,
2019,370235,0.97,
2019,370236,0.9766,
2019,370237,1.0,
2019,380001,0.9995,
2019,380002,0.9996,
2019,380004,0.9998,
2019,380005,0.9725,
2019,380007,0.9997,
2019,380009,0.9996,
2019,380014,1.0,
2019,380017,0.997,
2019,380018,0.9998,
2019,380020,0.9939,
2019,380021,1.0,
2019,380022,1.0,
2019,380025,0.9962,
2019,380027,1.0,
2019,380029,0.9976,
2019,380033,0.9988,
2019,380037,0.9997,
2019,380038,1.0,
2019,380040,1.0,
2019,380047,1.0,
2019,380050,0.9992,
2019,380051,0.9968,
2019,380052,0.9826,
2019,380056,0.9962,
2019,380060,0.995,
2019,380061,1.0,
2019,380071,0.9947,
2019,380075,0.9949,
2019,380082,0.9857,
2019,380089,0.9999,
2019,380090,0.995,
2019,380091,0.9999,
2019,380102,0.9997,
2019,380103,1.0,
2019,390001,0.996,
2019,390002,0.9989,
2019,390003,1.0,
2019,390004,0.9979,
2019,390006,0.9978,
2019,390008,0.9998,
2019,390009,0.9974,
2019,390012,0.9704,
2019,390013,0.997,
2019,390016,0.9926,
2019,390019,0.9972,
2019,390026,0.9921,
2019,390027,0.9966,
2019,390028,0.9983,
2019,390030,0.989,
2019,390031,0.9934,
2019,390032,0.9988,
2019,390035,1.0,
2019,390036,0.9892,
2019,390037,0.986,
2019,390039,0.9962,
2019,390041,0.9952,
2019,390042,0.9919,
2019,390044,1.0,
2019,390045,0.9947,
2019,390046,0.9978,
2019,390048,0.9971,
2019,390049,0.9977,
2019,390050,0.993,
2019,390052,0.9942,
2019,390056,1.0,
2019,390057,0.9989,
2019,390058,0.9983,
2019,390061,0.996,
2019,390062,0.9746,
2019,390063,0.9954,
2019,390065,0.9914,
2019,390066,1.0,
2019,390067,0.9783,
2019,390068,0.9961,
2019,390070,0.9941,
2019,390071,1.0,
2019,390072,0.9829,
2019,390073,0.9936,
2019,390076,0.9969,
2019,390079,0.983,
2019,390080,0.9923,
2019,390081,0.9942,
2019,390084,1.0,
2019,390086,0.9947,
2019,390090,0.9969,
2019,390091,0.993,
2019,390093,0.9962,
2019,390096,0.9981,
2019,390097,0.9888,
2019,390100,1.0,
2019,390101,0.9953,
2019,390102,0.997,
2019,390104,1.0,
2019,390107,0.9995,
2019,390110,0.9915,
2019,390111,0.9996,
2019,390112,0.9991,
2019,390113,0.9951,
2019,390114,0.9991,
2019,390115,0.9769,
2019,390116,0.9993,
2019,390117,0.9983,
2019,390118,0.9995,
2019,390119,0.9755,
2019,390123,0.9823,
2019,390125,0.9913,
2019,390127,0.9956,
2019,390130,0.9933,
2019,390133,0.9912,
2019,390137,0.9924,
2019,390138,0.985,
2019,390139,1.0,
2019,390142,0.9962,
2019,390145,0.9918,
2019,390146,0.9967,
2019,390147,0.983,
2019,390150,0.9974,
2019,390151,0.9983,
2019,390153,1.0,
2019,390156,0.9908,
2019,390157,0.9977,
2019,390160,0.9921,
2019,390162,0.983,
2019,390163,0.9994,
2019,390164,0.9928,
2019,390168,1.0,
2019,390173,0.9942,
2019,390174,0.9886,
2019,390178,0.9911,
2019,390179,0.9958,
2019,390180,0.997,
2019,390183,0.9942,
2019,390184,0.9997,
2019,390185,0.993,
2019,390192,0.9958,
2019,390194,0.9958,
2019,390195,0.9998,
2019,390197,0.9989,
2019,390198,0.9938,
2019,390199,1.0,
2019,390201,0.9896,
2019,390203,0.9912,
2019,390204,0.9991,
2019,390211,0.9881,
2019,390217,0.9895,
2019,390219,0.9942,
2019,390220,0.9971,
2019,390222,0.9994,
2019,390223,0.9923,
2019,390225,0.9887,
2019,390226,0.9877,
2019,390228,0.9924,
2019,390231,0.9981,
2019,390233,0.9893,
2019,390236,0.9838,
2019,390237,0.9926,
2019,390256,0.9954,
2019,390258,0.9964,
2019,390263,0.9938,
2019,390265,0.9867,
2019,390266,1.0,
2019,390267,0.9911,
2019,390268,0.9918,
2019,390270,0.9935,
2019,390290,0.9967,
2019,390304,0.9846,
2019,390307,1.0,
2019,390312,1.0,
2019,390314,0.974,
2019,390316,1.0,
2019,390321,0.97,
2019,390322,1.0,
2019,390323,0.9801,
2019,390324,1.0,
2019,390325,1.0,
2019,390326,0.9996,
2019,390327,0.97,
2019,390328,0.9956,
2019,390329,0.9877,
2019,390330,0.9981,
2019,410001,0.9982,
2019,410004,0.9975,
2019,410005,0.9961,
2019,410006,0.9979,
2019,410007,0.9947,
2019,410008,1.0,
2019,410009,0.9932,
2019,410010,1.0,
2019,410011,0.9882,
2019,410012,0.995,
2019,410013,0.996,
2019,420002,0.9936,
2019,420004,0.9981,
2019,420005,0.9994,
2019,420007,0.9943,
2019,420009,0.9915,
2019,420010,0.9919,
2019,420011,0.9989,
2019,420015,0.9752,
2019,420018,0.9976,
2019,420019,1.0,
2019,420020,0.9967,
2019,420023,1.0,
2019,420026,0.9916,
2019,420027,0.9937,
2019,420030,0.9996,
2019,420033,1.0,
2019,420036,0.9909,
2019,420037,0.9946,
2019,420038,0.9999,
2019,420043,0.9999,
2019,420048,0.9968,
2019,420049,1.0,
2019,420051,0.998,
2019,420053,0.9945,
2019,420055,0.9941,
2019,420057,1.0,
2019,420065,0.9991,
2019,420066,0.9975,
2019,420067,0.9994,
2019,420068,0.9926,
2019,420070,0.9921,
2019,420071,0.9965,
2019,420072,0.9988,
2019,420073,0.9989,
2019,420078,0.9991,
2019,420079,0.9831,
2019,420080,0.97,
2019,420082,0.9831,
2019,420083,0.9991,
2019,420085,0.9721,
2019,420086,0.9808,
2019,420087,0.9961,
2019,420089,0.9903,
2019,420091,0.9881,
2019,420098,1.0,
2019,420101,0.9943,
2019,420102,1.0,
2019,420103,0.9993,
2019,420104,0.9995,
2019,420105,0.995,
2019,420106,0.9968,
2019,420107,0.9991,
2019,420108,0.998,
2019,420109,1.0,
2019,430005,0.9917,
2019,430008,1.0,
2019,430012,1.0,
2019,430013,1.0,
2019,430014,1.0,
2019,430015,0.9992,
2019,430016,1.0,
2019,430027,1.0,
2019,430048,0.9949,
2019,430077,0.9996,
2019,430082,1.0,
2019,430083,1.0,
2019,430084,1.0,
2019,430089,1.0,
2019,430090,1.0,
2019,430091,1.0,
2019,430095,1.0,
2019,430097,0.9968,
2019,440001,0.986,
2019,440002,0.9914,
2019,440003,0.9729,
2019,440006,0.987,
2019,440007,0.9992,
2019,440008,1.0,
2019,440009,0.9898,
2019,440010,1.0,
2019,440011,0.9909,
2019,440012,0.9913,
2019,440015,0.9922,
2019,440016,0.9945,
2019,440017,0.993,
2019,440018,0.9823,
2019,440020,0.9978,
2019,440025,0.977,
2019,440029,0.9977,
2019,440030,0.9854,
2019,440031,0.9938,
2019,440032,1.0,
2019,440033,0.9838,
2019,440034,0.9955,
2019,440035,0.9843,
2019,440039,0.9999,
2019,440040,0.9752,
2019,440046,0.9937,
2019,440048,0.9849,
2019,440049,0.9981,
2019,440050,0.9948,
2019,440053,0.9928,
2019,440056,0.9882,
2019,440057,0.9941,
2019,440058,0.9952,
2019,440059,0.9962,
2019,440060,0.9975,
2019,440061,1.0,
2019,440063,0.9858,
2019,440065,0.9881,
2019,440067,0.9961,
2019,440068,1.0,
2019,440070,0.9842,
2019,440072,0.982,
2019,440073,0.9915,
2019,440081,0.9955,
2019,440082,0.9998,
2019,440083,1.0,
2019,440084,0.9877,
2019,440091,1.0,
2019,440102,1.0,
2019,440104,0.9974,
2019,440109,0.9859,
2019,440110,0.9992,
2019,440111,1.0,
2019,440120,0.9941,
2019,440125,0.9949,
2019,440130,0.9906,
2019,440131,1.0,
2019,440132,0.97,
2019,440133,0.9998,
2019,440137,0.9919,
2019,440144,0.9971,
2019,440148,0.9966,
2019,440150,0.9828,
2019,440151,0.9973,
2019,440152,0.9918,
2019,440153,0.9939,
2019,440156,0.9969,
2019,440159,1.0,
2019,440161,0.9916,
2019,440173,0.996,
2019,440175,0.9963,
2019,440176,0.9869,
2019,440180,0.9931,
2019,440181,0.9922,
2019,440182,0.9997,
2019,440183,0.9774,
2019,440184,0.9988,
2019,440185,0.9944,
2019,440187,0.997,
2019,440189,0.9841,
2019,440192,1.0,
2019,440193,0.9996,
2019,440194,0.9962,
2019,440197,0.9953,
2019,440200,1.0,
2019,440218,1.0,
2019,440227,0.9883,
2019,440228,0.9961,
2019,440231,1.0,
2019,440232,0.9871,
2019,450002,0.9921,
2019,450007,0.9995,
2019,450010,0.9964,
2019,450011,0.9871,
2019,450015,0.9995,
2019,450018,0.9812,
2019,450021,0.9971,
2019,450023,0.9975,
2019,450024,0.999,
2019,450028,0.9874,
2019,450029,0.9973,
2019,450032,0.9814,
2019,450033,0.9998,
2019,450034,0.9905,
2019,450035,0.9994,
2019,450037,0.9899,
2019,450039,0.9992,
2019,450040,0.9956,
2019,450042,0.9933,
2019,450044,0.9983,
2019,450046,0.9954,
2019,450051,0.9999,
2019,450054,0.9986,
2019,450055,0.9948,
2019,450056,0.9951,
2019,450058,0.9997,
2019,450064,0.9928,
2019,450068,0.9985,
2019,450072,0.9974,
2019,450078,0.9998,
2019,450079,0.9984,
2019,450080,0.9977,
2019,450082,1.0,
2019,450083,0.9848,
2019,450085,0.9998,
2019,450087,0.9913,
2019,450090,0.998,
2019,450092,0.9997,
2019,450097,0.9941,
2019,450099,0.9895,
2019,450101,0.9977,
2019,450102,0.999,
2019,450104,0.9968,
2019,450107,0.9895,
2019,450108,0.9975,
2019,450119,0.9977,
2019,450124,0.9979,
2019,450128,0.9964,
2019,450130,0.9994,
2019,450132,0.9997,
2019,450133,0.997,
2019,450135,0.9967,
2019,450137,0.9982,
2019,450143,1.0,
2019,450144,1.0,
2019,450147,0.9894,
2019,450148,0.9886,
2019,450152,0.9979,
2019,450154,0.9992,
2019,450155,1.0,
2019,450162,1.0,
2019,450163,0.9859,
2019,450165,0.9985,
2019,450176,0.9917,
2019,450184,0.9862,
2019,450187,0.9998,
2019,450192,0.9994,
2019,450193,0.9933,
2019,450194,0.9976,
2019,450196,0.9975,
2019,450200,0.9936,
2019,450203,0.9938,
2019,450209,0.9989,
2019,450210,0.9887,
2019,450211,0.9881,
2019,450213,0.9995,
2019,450219,0.99,
2019,450222,0.9808,
2019,450229,0.992,
2019,450231,0.9988,
2019,450235,0.9998,
2019,450236,0.9937,
2019,450237,0.9993,
2019,450241,0.9984,
2019,450243,1.0,
2019,450253,1.0,
2019,450271,0.9962,
2019,450272,0.9955,
2019,450280,0.9977,
2019,450289,0.9996,
2019,450292,0.9919,
2019,450299,0.9912,
2019,450306,1.0,
2019,450324,0.9873,
2019,450330,0.9991,
2019,450340,0.988,
2019,450346,0.993,
2019,450347,0.991,
2019,450348,0.9997,
2019,450351,0.9977,
2019,450352,0.9892,
2019,450358,0.9952,
2019,450369,0.9992,
2019,450370,1.0,
2019,450372,0.991,
2019,450379,0.998,
2019,450388,0.9931,
2019,450389,1.0,
2019,450395,0.9979,
2019,450399,0.9975,
2019,450400,0.9985,
2019,450403,0.9801,
2019,450411,1.0,
2019,450419,0.9959,
2019,450422,1.0,
2019,450424,0.9955,
2019,450431,0.9981,
2019,450447,0.9988,
2019,450451,0.9985,
2019,450460,0.9951,
2019,450462,0.9996,
2019,450465,0.9993,
2019,450469,0.9908,
2019,450475,0.9919,
2019,450484,0.9953,
2019,450488,1.0,
2019,450489,1.0,
2019,450498,1.0,
2019,450508,0.9953,
2019,450518,0.9925,
2019,450537,0.9984,
2019,450539,1.0,
2019,450558,0.9994,
2019,450563,0.9923,
2019,450565,0.9926,
2019,450571,0.9977,
2019,450573,1.0,
2019,450578,0.994,
2019,450584,1.0,
2019,450586,1.0,
2019,450587,0.994,
2019,450596,0.9994,
2019,450597,0.9999,
2019,450604,1.0,
2019,450605,1.0,
2019,450610,0.993,
2019,450617,0.9896,
2019,450634,0.9766,
2019,450638,0.9918,
2019,450639,0.997,
2019,450641,0.9978,
2019,450643,0.997,
2019,450644,0.9951,
2019,450647,0.986,
2019,450651,0.9966,
2019,450653,0.9844,
2019,450654,0.9964,
2019,450656,0.9966,
2019,450658,0.9926,
2019,450659,1.0,
2019,450661,0.9882,
2019,450662,0.9838,
2019,450668,0.9937,
2019,450669,0.9863,
2019,450670,0.9959,
2019,450672,0.9921,
2019,450675,0.9868,
2019,450677,0.9953,
2019,450678,0.9945,
2019,450684,0.9852,
2019,450686,0.9967,
2019,450688,0.9916,
2019,450690,1.0,
2019,450694,0.9998,
2019,450697,0.9984,
2019,450698,1.0,
2019,450702,0.9937,
2019,450709,0.9952,
2019,450711,0.9976,
2019,450713,0.9855,
2019,450716,0.9997,
2019,450718,0.9896,
2019,450723,0.9998,
2019,450730,0.9966,
2019,450742,0.9874,
2019,450743,0.9936,
2019,450746,0.9941,
2019,450747,0.9959,
2019,450754,1.0,
2019,450755,1.0,
2019,450766,0.9975,
2019,450771,0.9867,
2019,450774,1.0,
2019,450775,0.9883,
2019,450779,1.0,
2019,450780,1.0,
2019,450788,0.9897,
2019,450797,1.0,
2019,450801,0.9953,
2019,450803,1.0,
2019,450804,1.0,
2019,450808,1.0,
2019,450809,0.9934,
2019,450820,0.9918,
2019,450822,0.9924,
2019,450825,1.0,
2019,450827,1.0,
2019,450828,0.9988,
2019,450831,1.0,
2019,450833,1.0,
2019,450834,0.97,
2019,450840,0.9956,
2019,450844,0.9923,
2019,450845,0.97,
2019,450847,0.9997,
2019,450848,0.9963,
2019,450851,1.0,
2019,450853,0.97,
2019,450855,1.0,
2019,450856,0.9714,
2019,450860,0.97,
2019,450862,0.993,
2019,450864,1.0,
2019,450865,1.0,
2019,450867,0.995,
2019,450869,0.9969,
2019,450871,1.0,
2019,450872,1.0,
2019,450874,1.0,
2019,450875,1.0,
2019,450876,0.9819,
2019,450877,1.0,
2019,450880,1.0,
2019,450883,0.9814,
2019,450885,0.997,
2019,450888,0.9776,
2019,450889,1.0,
2019,450890,0.9989,
2019,450891,1.0,
2019,450893,0.9903,
2019,450894,0.97,
2019,460001,0.996,
2019,460003,1.0,
2019,460004,1.0,
2019,460005,0.9998,
2019,460006,1.0,
2019,460007,0.9998,
2019,460009,0.999,
2019,460010,1.0,
2019,460011,0.9994,
2019,460013,0.9991,
2019,460014,0.9998,
2019,460015,0.9998,
2019,460017,0.999,
2019,460019,0.9983,
2019,460021,1.0,
2019,460023,0.9997,
2019,460026,0.9999,
2019,460030,1.0,
2019,460039,1.0,
2019,460041,0.9872,
2019,460042,0.9997,
2019,460044,0.9928,
2019,460047,0.9812,
2019,460049,1.0,
2019,460051,0.9927,
2019,460052,0.9851,
2019,460054,0.9925,
2019,460057,0.9992,
2019,460058,1.0,
2019,460060,0.9982,
2019,470001,0.9936,
2019,470003,1.0,
2019,470005,0.9997,
2019,470011,1.0,
2019,470012,0.9922,
2019,470024,0.9937,
2019,490001,0.9929,
2019,490002,0.9768,
2019,490004,0.9917,
2019,490005,0.9934,
2019,490007,0.9999,
2019,490009,0.9991,
2019,490011,0.9973,
2019,490013,0.9924,
2019,490017,0.9968,
2019,490018,0.9989,
2019,490019,0.9823,
2019,490020,0.9863,
2019,490021,0.9983,
2019,490022,0.9978,
2019,490023,0.9903,
2019,490024,0.9954,
2019,490032,1.0,
2019,490033,0.9996,
2019,490037,1.0,
2019,490038,0.9969,
2019,490040,0.9921,
2019,490041,0.9969,
2019,490042,0.9915,
2019,490043,0.9834,
2019,490044,0.9976,
2019,490045,0.9893,
2019,490046,0.9955,
2019,490048,0.9914,
2019,490050,0.9975,
2019,490052,0.9888,
2019,490053,0.9813,
2019,490057,0.9914,
2019,490059,0.9998,
2019,490060,0.9967,
2019,490063,0.9953,
2019,490066,1.0,
2019,490067,0.9796,
2019,490069,0.9978,
2019,490075,0.9898,
2019,490077,1.0,
2019,490079,0.9893,
2019,490084,1.0,
2019,490088,0.9913,
2019,490089,1.0,
2019,490090,0.9987,
2019,490092,0.9887,
2019,490093,0.9956,
2019,490094,0.9989,
2019,490097,0.9957,
2019,490098,0.9899,
2019,490101,0.9986,
2019,490107,0.97,
2019,490110,0.9774,
2019,490111,0.9967,
2019,490112,0.988,
2019,490113,0.9951,
2019,490114,0.9854,
2019,490115,0.9998,
2019,490116,0.9827,
2019,490117,0.9772,
2019,490118,0.9966,
2019,490119,0.9989,
2019,490120,0.9916,
2019,490122,0.9962,
2019,490126,0.9956,
2019,490127,0.9821,
2019,490130,0.9986,
2019,490136,1.0,
2019,490140,0.9972,
2019,490141,0.9927,
2019,490143,0.9931,
2019,490144,0.9892,
2019,490145,1.0,
2019,500001,0.9925,
2019,500002,0.9992,
2019,500003,0.9992,
2019,500005,0.9965,
2019,500007,0.999,
2019,500008,0.9986,
2019,500011,0.9937,
2019,500012,0.9975,
2019,500014,0.9954,
2019,500015,1.0,
2019,500016,1.0,
2019,500019,0.9918,
2019,500021,1.0,
2019,500024,0.9983,
2019,500025,0.9997,
2019,500026,0.9932,
2019,500027,0.9985,
2019,500030,1.0,
2019,500031,0.9996,
2019,500033,0.9973,
2019,500036,0.9918,
2019,500037,1.0,
2019,500039,0.9991,
2019,500041,0.9878,
2019,500044,0.9978,
2019,500050,0.9987,
2019,500051,1.0,
2019,500053,0.9935,
2019,500054,1.0,
2019,500058,0.996,
2019,500060,0.9958,
2019,500064,0.999,
2019,500072,0.9999,
2019,500077,0.9955,
2019,500079,0.9987,
2019,500084,0.9982,
2019,500088,0.9922,
2019,500108,0.9993,
2019,500119,0.9923,
2019,500124,0.9991,
2019,500129,0.9996,
2019,500139,0.9991,
2019,500141,0.9994,
2019,500148,1.0,
2019,500150,0.9998,
2019,500151,0.9996,
2019,500152,0.994,
2019,510001,0.9957,
2019,510002,0.9943,
2019,510006,0.996,
2019,510007,0.9936,
2019,510008,0.9993,
2019,510012,0.9991,
2019,510013,0.9994,
2019,510022,0.9981,
2019,510023,0.9962,
2019,510024,0.9872,
2019,510029,0.983,
2019,510030,0.9896,
2019,510031,0.9985,
2019,510038,0.9716,
2019,510039,0.9881,
2019,510046,0.9862,
2019,510047,0.9879,
2019,510048,0.9952,
2019,510050,0.97,
2019,510055,0.9993,
2019,510058,0.9914,
2019,510062,0.997,
2019,510070,0.9874,
2019,510071,0.9859,
2019,510072,0.999,
2019,510077,0.9924,
2019,510082,0.9938,
2019,510086,1.0,
2019,510091,0.97,
2019,520002,0.9993,
2019,520004,0.9801,
2019,520008,0.9998,
2019,520009,0.9953,
2019,520011,0.9996,
2019,520013,0.9945,
2019,520017,0.9963,
2019,520019,0.9984,
2019,520021,0.9905,
2019,520027,0.9995,
2019,520028,0.995,
2019,520030,0.9986,
2019,520033,0.9906,
2019,520034,0.9994,
2019,520035,1.0,
2019,520037,0.9907,
2019,520038,0.9981,
2019,520041,0.9909,
2019,520044,0.9982,
2019,520045,1.0,
2019,520048,0.9998,
2019,520049,1.0,
2019,520051,0.9991,
2019,520057,0.9989,
2019,520059,0.9996,
2019,520062,0.9969,
2019,520063,1.0,
2019,520066,0.9956,
2019,520070,1.0,
2019,520071,1.0,
2019,520075,1.0,
2019,520076,1.0,
2019,520078,0.999,
2019,520083,0.9974,
2019,520087,0.9998,
2019,520088,0.9993,
2019,520089,0.9965,
2019,520091,0.9971,
2019,520095,1.0,
2019,520096,0.998,
2019,520097,0.996,
2019,520098,0.9982,
2019,520100,0.9892,
2019,520102,1.0,
2019,520103,0.9937,
2019,520107,0.9983,
2019,520109,0.9984,
2019,520113,0.9979,
2019,520116,0.9946,
2019,520136,0.9991,
2019,520138,0.9996,
2019,520139,0.9984,
2019,520160,0.9986,
2019,520177,0.9993,
2019,520189,0.9827,
2019,520193,0.9986,
2019,520194,1.0,
2019,520196,1.0,
2019,520198,0.9816,
2019,520202,0.9875,
2019,520204,0.9984,
2019,520205,1.0,
2019,520206,1.0,
2019,520207,0.9986,
2019,520208,0.9939,
2019,530002,0.9937,
2019,530006,1.0,
2019,530008,0.9968,
2019,530011,0.9993,
2019,530012,0.9888,
2019,530014,0.9874,
2019,530015,0.9718,
2019,530025,0.9997,
2019,530032,0.9964,
2019,530033,0.9846,
2019,670004,0.9774,
2019,670005,0.97,
2019,670006,0.97,
2019,670008,0.97,
2019,670023,0.9909,
2019,670024,0.9979,
2019,670025,1.0,
2019,670031,0.9997,
2019,670034,0.9965,
2019,670041,0.9969,
2019,670043,0.9721,
2019,670044,0.9968,
2019,670046,0.97,
2019,670047,0.9964,
2019,670049,1.0,
2019,670053,0.9989,
2019,670054,1.0,
2019,670055,0.997,
2019,670056,0.9976,
2019,670058,1.0,
2019,670059,1.0,
2019,670060,1.0,
2019,670061,0.9838,
2019,670062,1.0,
2019,670067,0.9832,
2019,670068,0.9831,
2019,670069,0.97,
2019,670071,0.9957,
2019,670073,1.0,
2019,670075,0.9963,
2019,670076,0.97,
2019,670077,0.9987,
2019,670078,1.0,
2019,670080,0.9998,
2019,670082,0.9965,
2019,670083,1.0,
2019,670085,0.9905,
2019,670087,1.0,
2019,670088,0.9959,
2019,670090,1.0,
2019,670093,1.0,
2019,670094,1.0,
2019,670095,1.0,
2019,670096,0.9924,
2019,670097,1.0,
2019,670098,0.985,
2019,670099,1.0,
2019,670102,1.0,
2019,670103,0.9944,
2019,670106,1.0,
2019,670107,1.0,
2019,670108,0.9995,
2019,670109,1.0,
2019,670110,1.0,
2019,670112,0.9815,
2019,670114,1.0,
2019,670115,1.0,
2019,670116,1.0,
2019,670117,1.0,
2019,670118,1.0,
2019,670119,1.0,
2019,670120,1.0,
2020,010001,0.9846,
2020,010005,0.9989,
2020,010006,0.9935,
2020,010007,0.9851,
2020,010008,1.0,
2020,010011,0.9937,
2020,010012,0.9961,
2020,010016,0.9982,
2020,010019,0.9827,
2020,010021,0.9987,
2020,010022,1.0,
2020,010023,0.9903,
2020,010024,0.9815,
2020,010029,0.9832,
2020,010033,0.9958,
2020,010034,0.9986,
2020,010035,0.985,
2020,010036,0.997,
2020,010038,0.9892,
2020,010039,0.9863,
2020,010040,0.9794,
2020,010044,1.0,
2020,010045,0.9942,
2020,010046,0.9819,
2020,010047,0.9889,
2020,010049,0.9936,
2020,010051,1.0,
2020,010052,0.9964,
2020,010055,0.9918,
2020,010056,0.9869,
2020,010058,1.0,
2020,010059,0.9936,
2020,010061,0.9955,
2020,010062,0.9971,
2020,010065,0.9859,
2020,010069,0.9967,
2020,010073,1.0,
2020,010078,0.9824,
2020,010079,0.9906,
2020,010083,0.9892,
2020,010085,0.9779,
2020,010086,1.0,
2020,010087,0.9989,
2020,010089,0.9969,
2020,010090,0.9923,
2020,010091,0.9953,
2020,010092,0.9899,
2020,010095,1.0,
2020,010097,1.0,
2020,010099,0.9997,
2020,010100,0.97,
2020,010101,0.9968,
2020,010102,1.0,
2020,010103,0.9961,
2020,010104,0.97,
2020,010108,0.9998,
2020,010109,0.9999,
2020,010110,1.0,
2020,010112,0.997,
2020,010113,0.9955,
2020,010114,0.9988,
2020,010118,0.995,
2020,010120,0.9977,
2020,010125,1.0,
2020,010126,0.9958,
2020,010128,0.9933,
2020,010129,0.9912,
2020,010130,0.9987,
2020,010131,0.97,
2020,010138,1.0,
2020,010139,0.9883,
2020,010144,0.9902,
2020,010148,0.9848,
2020,010149,0.9993,
2020,010150,0.9968,
2020,010157,0.9965,
2020,010158,0.9996,
2020,010164,0.9979,
2020,010168,1.0,
2020,010169,0.999,
2020,010173,1.0,
2020,020001,1.0,
2020,020006,0.9933,
2020,020008,1.0,
2020,020012,1.0,
2020,020017,0.9991,
2020,020018,1.0,
2020,020024,0.9859,
2020,020026,0.9992,
2020,030002,0.9986,
2020,030006,0.9994,
2020,030007,1.0,
2020,030010,0.9963,
2020,030011,0.9991,
2020,030012,0.9868,
2020,030013,0.9989,
2020,030014,0.9934,
2020,030016,0.9913,
2020,030022,1.0,
2020,030023,1.0,
2020,030024,0.9987,
2020,030030,0.9999,
2020,030036,0.9986,
2020,030037,0.9971,
2020,030038,0.9997,
2020,030043,0.97,
2020,030055,0.9774,
2020,030061,1.0,
2020,030062,0.9958,
2020,030064,0.9992,
2020,030065,0.9962,
2020,030068,0.9913,
2020,030069,0.9853,
2020,030071,0.9996,
2020,030073,0.9908,
2020,030074,1.0,
2020,030077,1.0,
2020,030078,1.0,
2020,030083,0.9987,
2020,030084,0.9989,
2020,030085,0.9721,
2020,030087,0.9971,
2020,030088,1.0,
2020,030089,0.9997,
2020,030092,0.9926,
2020,030093,1.0,
2020,030094,0.9932,
2020,030101,0.9953,
2020,030103,0.9979,
2020,030105,0.991,
2020,030107,1.0,
2020,030108,1.0,
2020,030110,0.9957,
2020,030111,0.9999,
2020,030112,0.97,
2020,030113,1.0,
2020,030114,0.997,
2020,030115,0.9965,
2020,030117,0.9981,
2020,030119,0.9991,
2020,030121,0.9975,
2020,030122,0.9994,
2020,030123,0.9986,
2020,030130,0.9991,
2020,030131,1.0,
2020,030134,1.0,
2020,030136,1.0,
2020,030137,0.9984,
2020,040001,0.9968,
2020,040002,0.9905,
2020,040004,0.9998,
2020,040007,0.994,
2020,040010,0.9975,
2020,040011,0.9742,
2020,040014,1.0,
2020,040015,0.9961,
2020,040016,0.9953,
2020,040017,0.9966,
2020,040018,0.9946,
2020,040019,0.9872,
2020,040020,0.9812,
2020,040022,0.9896,
2020,040026,0.9823,
2020,040027,0.9877,
2020,040029,0.9872,
2020,040036,0.9923,
2020,040039,0.9861,
2020,040041,0.9938,
2020,040047,0.9941,
2020,040050,0.9903,
2020,040051,0.9884,
2020,040055,0.9884,
2020,040062,0.9891,
2020,040067,0.9981,
2020,040069,0.9968,
2020,040071,0.9915,
2020,040072,0.9907,
2020,040074,0.9898,
2020,040076,0.9951,
2020,040078,0.9883,
2020,040084,0.9839,
2020,040085,0.9937,
2020,040088,0.999,
2020,040114,0.9909,
2020,040118,0.97,
2020,040119,0.998,
2020,040134,0.97,
2020,040137,0.9963,
2020,040147,1.0,
2020,040152,1.0,
2020,040153,0.9904,
2020,040154,0.9969,
2020,050002,0.9797,
2020,050006,0.9984,
2020,050007,0.9999,
2020,050008,1.0,
2020,050009,0.9997,
2020,050013,0.9992,
2020,050014,0.9976,
2020,050017,0.9975,
2020,050022,0.9916,
2020,050024,1.0,
2020,050025,0.9993,
2020,050026,0.9908,
2020,050028,1.0,
2020,050030,0.97,
2020,050036,0.9943,
2020,050038,1.0,
2020,050039,0.9964,
2020,050040,0.9966,
2020,050042,1.0,
2020,050043,1.0,
2020,050045,0.9999,
2020,050047,0.9974,
2020,050054,0.9956,
2020,050055,0.9959,
2020,050056,0.9924,
2020,050057,0.9981,
2020,050058,0.9994,
2020,050060,0.9934,
2020,050063,0.9852,
2020,050067,0.9968,
2020,050069,0.9995,
2020,050070,1.0,
2020,050071,0.9998,
2020,050072,1.0,
2020,050073,1.0,
2020,050075,0.9994,
2020,050076,1.0,
2020,050077,0.9919,
2020,050078,0.9996,
2020,050082,0.999,
2020,050084,0.9952,
2020,050089,0.9951,
2020,050090,1.0,
2020,050091,0.9963,
2020,050093,0.9983,
2020,050096,1.0,
2020,050099,0.9938,
2020,050100,0.9988,
2020,050101,0.9773,
2020,050102,0.9789,
2020,050103,0.9986,
2020,050104,0.9967,
2020,050107,0.9987,
2020,050108,0.9996,
2020,050110,0.9923,
2020,050112,0.9962,
2020,050113,1.0,
2020,050115,0.999,
2020,050116,0.9941,
2020,050118,0.993,
2020,050121,0.991,
2020,050122,0.9848,
2020,050124,0.9771,
2020,050125,0.9773,
2020,050126,0.9894,
2020,050127,0.993,
2020,050128,0.9998,
2020,050129,0.9908,
2020,050131,0.9978,
2020,050132,0.9997,
2020,050133,0.9969,
2020,050135,0.9945,
2020,050136,0.9928,
2020,050137,1.0,
2020,050138,0.9995,
2020,050139,1.0,
2020,050140,1.0,
2020,050145,1.0,
2020,050149,0.9981,
2020,050150,0.9988,
2020,050152,0.9995,
2020,050153,0.9947,
2020,050158,0.9984,
2020,050159,0.9961,
2020,050167,0.9968,
2020,050168,1.0,
2020,050169,0.9862,
2020,050174,1.0,
2020,050179,0.97,
2020,050180,0.9944,
2020,050189,1.0,
2020,050191,0.9987,
2020,050192,1.0,
2020,050194,0.9961,
2020,050195,0.9858,
2020,050197,1.0,
2020,050204,0.9917,
2020,050205,1.0,
2020,050211,0.9947,
2020,050222,0.9967,
2020,050224,0.9963,
2020,050225,1.0,
2020,050226,0.9993,
2020,050228,0.9993,
2020,050230,0.9956,
2020,050231,0.9933,
2020,050232,0.9984,
2020,050234,1.0,
2020,050235,0.993,
2020,050236,0.9971,
2020,050238,0.9969,
2020,050239,0.9933,
2020,050242,0.9937,
2020,050243,0.998,
2020,050245,0.9954,
2020,050248,0.9986,
2020,050254,0.9979,
2020,050257,1.0,
2020,050261,0.9998,
2020,050262,0.9969,
2020,050272,1.0,
2020,050276,1.0,
2020,050278,0.9933,
2020,050279,0.9973,
2020,050280,0.999,
2020,050281,0.9991,
2020,050283,0.9982,
2020,050289,0.9981,
2020,050290,0.9945,
2020,050291,1.0,
2020,050292,1.0,
2020,050295,0.9997,
2020,050296,0.9943,
2020,050298,1.0,
2020,050300,0.9914,
2020,050301,1.0,
2020,050305,1.0,
2020,050308,0.9948,
2020,050309,1.0,
2020,050313,0.9964,
2020,050315,1.0,
2020,050320,0.9962,
2020,050324,1.0,
2020,050327,0.9946,
2020,050329,0.9975,
2020,050334,0.9976,
2020,050335,0.9757,
2020,050336,0.991,
2020,050342,0.9931,
2020,050348,0.999,
2020,050350,0.9952,
2020,050351,0.9942,
2020,050352,0.9899,
2020,050353,0.9869,
2020,050357,0.9999,
2020,050360,0.9991,
2020,050367,0.9925,
2020,050373,0.9996,
2020,050376,0.9974,
2020,050378,0.9998,
2020,050380,0.9858,
2020,050382,0.9905,
2020,050390,0.9919,
2020,050393,0.9924,
2020,050394,0.9998,
2020,050396,1.0,
2020,050397,1.0,
2020,050407,1.0,
2020,050411,1.0,
2020,050414,0.9748,
2020,050417,1.0,
2020,050423,1.0,
2020,050424,0.9997,
2020,050425,0.9995,
2020,050426,0.9955,
2020,050438,0.9981,
2020,050441,0.9996,
2020,050444,0.9729,
2020,050454,0.998,
2020,050455,0.9987,
2020,050457,0.9983,
2020,050464,0.9853,
2020,050468,0.996,
2020,050471,0.995,
2020,050481,0.977,
2020,050485,0.994,
2020,050488,0.996,
2020,050492,0.9873,
2020,050496,0.9987,
2020,050498,0.9951,
2020,050502,0.9944,
2020,050503,0.999,
2020,050506,0.9997,
2020,050510,1.0,
2020,050512,1.0,
2020,050515,0.9994,
2020,050516,0.9973,
2020,050517,0.9929,
2020,050523,0.9966,
2020,050526,0.9973,
2020,050528,1.0,
2020,050534,0.9976,
2020,050537,0.9895,
2020,050541,1.0,
2020,050546,1.0,
2020,050547,1.0,
2020,050548,1.0,
2020,050549,0.9834,
2020,050551,0.9908,
2020,050557,0.9966,
2020,050561,1.0,
2020,050567,0.9995,
2020,050568,0.9985,
2020,050570,0.9951,
2020,050573,0.9977,
2020,050580,0.9997,
2020,050581,0.9966,
2020,050586,0.999,
2020,050588,0.9937,
2020,050589,0.997,
2020,050590,0.9956,
2020,050597,0.9946,
2020,050599,0.999,
2020,050603,0.9984,
2020,050604,0.999,
2020,050608,0.9996,
2020,050609,1.0,
2020,050616,0.982,
2020,050624,0.9881,
2020,050625,0.9991,
2020,050633,0.9815,
2020,050636,0.9999,
2020,050641,1.0,
2020,050663,0.9998,
2020,050668,1.0,
2020,050674,0.9951,
2020,050677,1.0,
2020,050678,0.9968,
2020,050684,0.9986,
2020,050686,1.0,
2020,050688,0.995,
2020,050689,0.999,
2020,050690,1.0,
2020,050696,0.999,
2020,050697,1.0,
2020,050701,0.9829,
2020,050704,1.0,
2020,050708,1.0,
2020,050709,0.9856,
2020,050710,1.0,
2020,050714,0.9847,
2020,050717,0.9934,
2020,050723,1.0,
2020,050724,0.9954,
2020,050726,1.0,
2020,050727,0.9934,
2020,050735,0.999,
2020,050736,0.9981,
2020,050737,0.9926,
2020,050738,1.0,
2020,050739,0.9825,
2020,050740,0.9971,
2020,050742,0.9822,
2020,050744,1.0,
2020,050745,0.981,
2020,050746,0.9965,
2020,050747,1.0,
2020,050748,1.0,
2020,050751,1.0,
2020,050755,0.9855,
2020,050757,0.9994,
2020,050758,1.0,
2020,050760,0.9984,
2020,050761,0.9947,
2020,050763,1.0,
2020,050764,0.9986,
2020,050765,1.0,
2020,050766,0.9992,
2020,050767,1.0,
2020,050769,1.0,
2020,050770,0.9869,
2020,050771,0.9998,
2020,050772,1.0,
2020,050773,0.9979,
2020,050775,0.9874,
2020,050776,0.9997,
2020,050777,1.0,
2020,050779,0.9949,
2020,050780,0.997,
2020,050781,0.998,
2020,050782,0.9962,
2020,050783,1.0,
2020,060001,0.9995,
2020,060003,0.9801,
2020,060004,0.9984,
2020,060006,0.9997,
2020,060008,0.9996,
2020,060009,0.9996,
2020,060010,0.9988,
2020,060011,0.9991,
2020,060012,1.0,
2020,060013,1.0,
2020,060014,0.9982,
2020,060015,1.0,
2020,060020,1.0,
2020,060022,0.9997,
2020,060023,1.0,
2020,060024,0.9991,
2020,060027,0.9931,
2020,060028,0.9983,
2020,060030,0.988,
2020,060031,0.9993,
2020,060032,0.9991,
2020,060034,0.9959,
2020,060044,0.9985,
2020,060049,0.9995,
2020,060054,1.0,
2020,060064,0.9997,
2020,060065,0.9994,
2020,060071,1.0,
2020,060075,0.9948,
2020,060076,0.9991,
2020,060096,1.0,
2020,060100,0.9933,
2020,060103,1.0,
2020,060104,0.9974,
2020,060112,1.0,
2020,060113,0.9897,
2020,060114,0.9844,
2020,060116,0.9962,
2020,060117,1.0,
2020,060118,1.0,
2020,060119,1.0,
2020,060124,1.0,
2020,060125,0.9934,
2020,060126,1.0,
2020,060128,1.0,
2020,060129,1.0,
2020,060130,1.0,
2020,070002,0.9961,
2020,070003,0.9985,
2020,070004,0.9998,
2020,070005,0.9756,
2020,070006,1.0,
2020,070007,0.9975,
2020,070008,0.9839,
2020,070010,0.9734,
2020,070011,0.9919,
2020,070012,0.9933,
2020,070016,0.9987,
2020,070017,0.994,
2020,070018,0.9944,
2020,070019,0.994,
2020,070020,0.9978,
2020,070021,0.9997,
2020,070022,0.9922,
2020,070024,0.9997,
2020,070025,0.995,
2020,070027,0.9762,
2020,070028,0.9892,
2020,070029,0.9777,
2020,070031,0.9911,
2020,070033,0.9915,
2020,070034,0.9962,
2020,070035,0.9945,
2020,070036,0.9914,
2020,070039,1.0,
2020,070040,1.0,
2020,080001,0.9959,
2020,080003,0.9976,
2020,080004,0.9869,
2020,080006,0.9978,
2020,080007,0.9882,
2020,080009,0.9955,
2020,090001,0.9933,
2020,090003,0.9948,
2020,090004,0.9985,
2020,090005,0.9975,
2020,090006,0.9925,
2020,090008,0.9966,
2020,090011,0.9962,
2020,100001,0.9955,
2020,100002,0.9964,
2020,100006,0.9805,
2020,100007,0.9834,
2020,100008,0.9983,
2020,100012,0.9949,
2020,100014,0.9901,
2020,100017,0.9976,
2020,100018,1.0,
2020,100019,0.9928,
2020,100022,0.9932,
2020,100023,0.9966,
2020,100025,0.9932,
2020,100026,0.9955,
2020,100028,0.9937,
2020,100029,0.9925,
2020,100030,0.9955,
2020,100032,0.989,
2020,100034,0.9915,
2020,100035,0.9859,
2020,100038,0.9966,
2020,100039,0.9945,
2020,100040,0.9814,
2020,100043,0.9986,
2020,100044,0.9911,
2020,100045,0.9874,
2020,100046,0.9957,
2020,100047,0.9927,
2020,100048,0.9966,
2020,100049,0.9866,
2020,100050,0.9897,
2020,100051,0.9976,
2020,100052,0.9914,
2020,100053,0.9925,
2020,100054,0.9725,
2020,100055,0.9948,
2020,100057,0.9946,
2020,100062,0.9954,
2020,100063,0.994,
2020,100067,0.9931,
2020,100068,0.9936,
2020,100069,0.9957,
2020,100070,1.0,
2020,100071,0.9932,
2020,100072,0.9859,
2020,100073,0.9991,
2020,100075,0.9938,
2020,100077,0.9839,
2020,100080,0.9924,
2020,100081,0.9983,
2020,100084,0.9879,
2020,100086,0.9983,
2020,100087,1.0,
2020,100088,0.9903,
2020,100090,0.9935,
2020,100092,0.9906,
2020,100093,0.9984,
2020,100099,0.9907,
2020,100102,0.9881,
2020,100105,0.9987,
2020,100106,0.9858,
2020,100107,0.991,
2020,100109,0.9942,
2020,100110,0.9821,
2020,100113,0.9938,
2020,100117,0.9957,
2020,100118,0.9803,
2020,100121,0.9795,
2020,100122,0.9982,
2020,100124,0.9852,
2020,100125,0.9992,
2020,100126,0.97,
2020,100127,0.9983,
2020,100128,0.9982,
2020,100130,0.9935,
2020,100131,0.9891,
2020,100132,0.9987,
2020,100134,0.9937,
2020,100135,0.9999,
2020,100137,0.9875,
2020,100140,0.993,
2020,100142,0.9885,
2020,100150,0.9977,
2020,100151,0.9989,
2020,100154,0.995,
2020,100156,0.9736,
2020,100157,0.97,
2020,100161,0.9945,
2020,100166,0.997,
2020,100167,0.9946,
2020,100168,0.994,
2020,100173,0.9861,
2020,100175,0.9905,
2020,100176,0.9849,
2020,100177,0.9994,
2020,100179,0.9824,
2020,100180,0.9887,
2020,100181,0.9986,
2020,100183,0.9953,
2020,100187,0.9964,
2020,100189,0.9912,
2020,100191,0.9875,
2020,100200,0.9951,
2020,100204,0.9721,
2020,100206,0.9917,
2020,100209,0.986,
2020,100211,0.9988,
2020,100212,0.9933,
2020,100213,0.9867,
2020,100217,0.9853,
2020,100220,0.9917,
2020,100223,0.9898,
2020,100224,0.9759,
2020,100226,0.9894,
2020,100228,0.9925,
2020,100230,0.9966,
2020,100231,0.9784,
2020,100232,0.9839,
2020,100236,0.9874,
2020,100238,0.9779,
2020,100242,0.9871,
2020,100243,0.9888,
2020,100244,0.9864,
2020,100246,0.9769,
2020,100248,0.9812,
2020,100249,0.9989,
2020,100252,0.97,
2020,100253,0.9954,
2020,100254,0.9852,
2020,100255,0.995,
2020,100256,0.9882,
2020,100258,0.9963,
2020,100259,0.9789,
2020,100260,0.97,
2020,100264,0.9738,
2020,100265,1.0,
2020,100266,0.9951,
2020,100267,0.9903,
2020,100268,0.985,
2020,100269,0.9909,
2020,100275,0.987,
2020,100276,0.9932,
2020,100277,1.0,
2020,100281,0.9968,
2020,100284,0.9864,
2020,100285,0.9996,
2020,100286,0.9929,
2020,100287,0.9975,
2020,100288,0.9983,
2020,100289,0.9942,
2020,100290,0.9897,
2020,100291,0.9773,
2020,100292,0.9984,
2020,100296,0.9979,
2020,100299,1.0,
2020,100302,0.9877,
2020,100307,0.97,
2020,100313,0.9905,
2020,100314,0.9996,
2020,100315,0.9951,
2020,100316,0.9972,
2020,100319,0.9895,
2020,100320,0.9896,
2020,100321,0.9854,
2020,100322,1.0,
2020,100329,0.9972,
2020,110001,0.9956,
2020,110002,0.9992,
2020,110003,0.9916,
2020,110005,0.9977,
2020,110006,0.9855,
2020,110007,0.9946,
2020,110008,0.9855,
2020,110010,0.9994,
2020,110011,0.9841,
2020,110015,0.9926,
2020,110016,0.9947,
2020,110018,0.9811,
2020,110023,0.998,
2020,110024,0.9967,
2020,110025,0.972,
2020,110026,0.9985,
2020,110027,0.9881,
2020,110028,0.9916,
2020,110029,0.9929,
2020,110030,0.9849,
2020,110031,0.9945,
2020,110032,1.0,
2020,110034,0.9965,
2020,110035,0.992,
2020,110036,0.9908,
2020,110038,0.9859,
2020,110040,0.9986,
2020,110041,0.9941,
2020,110042,0.9933,
2020,110043,0.9921,
2020,110044,0.9918,
2020,110045,1.0,
2020,110046,0.9958,
2020,110050,0.9983,
2020,110051,0.9907,
2020,110054,0.987,
2020,110064,0.9991,
2020,110069,0.9764,
2020,110071,0.9962,
2020,110073,0.9964,
2020,110074,0.996,
2020,110075,0.9938,
2020,110076,0.994,
2020,110078,0.9977,
2020,110079,0.9949,
2020,110082,0.9934,
2020,110083,0.9979,
2020,110086,0.9987,
2020,110087,0.9988,
2020,110089,0.9844,
2020,110091,0.997,
2020,110092,0.9997,
2020,110095,0.9984,
2020,110100,1.0,
2020,110101,0.9984,
2020,110104,0.9934,
2020,110105,0.9851,
2020,110107,0.9895,
2020,110109,1.0,
2020,110111,0.998,
2020,110113,0.9996,
2020,110115,0.9942,
2020,110121,1.0,
2020,110122,0.9989,
2020,110124,0.9937,
2020,110125,0.9967,
2020,110128,0.9998,
2020,110129,1.0,
2020,110130,1.0,
2020,110132,0.9994,
2020,110135,0.9999,
2020,110142,1.0,
2020,110143,0.9944,
2020,110146,0.9865,
2020,110150,0.9979,
2020,110153,0.9734,
2020,110161,0.9948,
2020,110164,0.9886,
2020,110165,0.9928,
2020,110168,0.979,
2020,110177,0.9945,
2020,110184,0.9963,
2020,110187,0.97,
2020,110189,0.9847,
2020,110191,0.9933,
2020,110192,0.985,
2020,110194,0.9919,
2020,110198,0.9787,
2020,110200,0.9718,
2020,110201,0.9853,
2020,110215,0.9905,
2020,110225,1.0,
2020,110226,0.9961,
2020,110229,0.9918,
2020,110230,0.9957,
2020,110233,1.0,
2020,110234,1.0,
2020,110236,1.0,
2020,120001,1.0,
2020,120002,0.9997,
2020,120004,1.0,
2020,120005,0.9978,
2020,120006,1.0,
2020,120007,0.9999,
2020,120011,0.9993,
2020,120014,0.9999,
2020,120019,0.9981,
2020,120022,1.0,
2020,120026,0.9983,
2020,120028,0.9965,
2020,130002,1.0,
2020,130003,0.9985,
2020,130006,0.9998,
2020,130007,0.9959,
2020,130013,0.9978,
2020,130014,0.9921,
2020,130018,0.9963,
2020,130025,0.991,
2020,130028,0.9972,
2020,130049,1.0,
2020,130063,1.0,
2020,130065,1.0,
2020,130066,0.9702,
2020,130067,1.0,
2020,130071,0.9996,
2020,130072,1.0,
2020,140001,0.9871,
2020,140002,0.9735,
2020,140007,0.9854,
2020,140008,0.9947,
2020,140010,0.9929,
2020,140011,0.9753,
2020,140012,0.9995,
2020,140013,0.982,
2020,140015,0.9951,
2020,140018,0.996,
2020,140019,1.0,
2020,140029,0.9974,
2020,140030,0.9955,
2020,140032,0.9934,
2020,140034,0.9994,
2020,140040,0.9958,
2020,140043,0.9976,
2020,140046,0.9933,
2020,140048,0.9962,
2020,140049,0.9924,
2020,140052,0.9907,
2020,140053,0.9997,
2020,140054,0.9911,
2020,140058,1.0,
2020,140059,0.9977,
2020,140062,0.9786,
2020,140063,0.9963,
2020,140064,0.9944,
2020,140065,0.9983,
2020,140067,0.9861,
2020,140068,1.0,
2020,140077,0.9995,
2020,140080,0.9935,
2020,140082,0.9986,
2020,140083,0.9982,
2020,140084,0.9901,
2020,140088,0.9998,
2020,140089,1.0,
2020,140091,0.9983,
2020,140093,0.9887,
2020,140095,0.9939,
2020,140100,1.0,
2020,140101,0.9933,
2020,140103,0.9904,
2020,140110,0.9977,
2020,140113,0.9863,
2020,140114,0.985,
2020,140115,0.9993,
2020,140116,0.9964,
2020,140117,0.9931,
2020,140118,0.9787,
2020,140119,0.9896,
2020,140120,0.9803,
2020,140122,0.9966,
2020,140124,0.9961,
2020,140125,0.989,
2020,140127,0.9987,
2020,140130,0.9774,
2020,140133,0.9933,
2020,140135,0.9998,
2020,140137,1.0,
2020,140143,0.9774,
2020,140145,1.0,
2020,140147,0.9934,
2020,140148,0.9962,
2020,140150,0.9968,
2020,140155,0.9997,
2020,140158,0.9873,
2020,140160,0.9832,
2020,140161,1.0,
2020,140162,0.9909,
2020,140164,0.9866,
2020,140166,0.9869,
2020,140167,0.9979,
2020,140172,0.987,
2020,140174,0.9986,
2020,140177,0.997,
2020,140179,0.9882,
2020,140180,0.9959,
2020,140181,0.9992,
2020,140182,0.9982,
2020,140184,0.9949,
2020,140185,0.9945,
2020,140186,0.9858,
2020,140187,0.9976,
2020,140189,0.9865,
2020,140191,0.9995,
2020,140197,0.9979,
2020,140200,0.9956,
2020,140202,0.9981,
2020,140206,0.9939,
2020,140208,0.9876,
2020,140209,0.9973,
2020,140210,0.9959,
2020,140211,1.0,
2020,140213,0.9987,
2020,140217,0.9996,
2020,140223,0.9967,
2020,140224,0.9964,
2020,140228,0.9983,
2020,140231,0.9982,
2020,140233,0.9792,
2020,140234,0.9959,
2020,140239,0.9973,
2020,140240,0.9978,
2020,140242,1.0,
2020,140250,0.9947,
2020,140251,0.9959,
2020,140252,0.9985,
2020,140258,0.9994,
2020,140275,0.9965,
2020,140276,0.9928,
2020,140280,0.993,
2020,140281,0.9966,
2020,140286,0.9878,
2020,140288,0.9938,
2020,140289,0.9967,
2020,140290,0.9978,
2020,140291,1.0,
2020,140292,1.0,
2020,140294,0.9949,
2020,140300,1.0,
2020,140304,0.9895,
2020,140307,0.9961,
2020,150001,0.9986,
2020,150002,0.9863,
2020,150004,0.9939,
2020,150005,0.9988,
2020,150006,0.9894,
2020,150007,0.9954,
2020,150008,0.9973,
2020,150009,0.9974,
2020,150010,0.997,
2020,150011,0.9982,
2020,150012,1.0,
2020,150015,0.9964,
2020,150017,0.9987,
2020,150018,1.0,
2020,150021,0.9994,
2020,150022,0.9983,
2020,150023,0.9935,
2020,150024,1.0,
2020,150026,1.0,
2020,150030,0.9917,
2020,150034,0.9761,
2020,150035,0.9955,
2020,150037,0.9979,
2020,150042,0.9932,
2020,150044,0.9953,
2020,150045,0.9767,
2020,150046,0.9878,
2020,150047,1.0,
2020,150048,1.0,
2020,150051,1.0,
2020,150056,0.9972,
2020,150057,1.0,
2020,150058,1.0,
2020,150059,0.9998,
2020,150061,0.9984,
2020,150064,0.9991,
2020,150065,1.0,
2020,150069,1.0,
2020,150072,1.0,
2020,150074,0.9908,
2020,150075,0.99,
2020,150076,1.0,
2020,150082,0.988,
2020,150084,0.9999,
2020,150086,0.9828,
2020,150088,0.998,
2020,150089,0.9993,
2020,150090,0.9947,
2020,150091,0.9998,
2020,150097,0.9958,
2020,150100,0.9924,
2020,150101,0.993,
2020,150102,0.9969,
2020,150104,0.9921,
2020,150109,0.999,
2020,150112,1.0,
2020,150113,0.9917,
2020,150115,1.0,
2020,150125,0.9843,
2020,150126,0.996,
2020,150128,0.9946,
2020,150133,0.996,
2020,150146,1.0,
2020,150150,0.9965,
2020,150153,1.0,
2020,150157,0.9974,
2020,150158,0.9955,
2020,150160,0.9927,
2020,150161,0.9994,
2020,150162,0.9983,
2020,150165,0.9935,
2020,150166,0.9927,
2020,150167,1.0,
2020,150168,1.0,
2020,150169,0.9904,
2020,150172,1.0,
2020,150173,0.9962,
2020,150176,0.97,
2020,150177,1.0,
2020,150181,0.9973,
2020,150182,1.0,
2020,150183,0.9988,
2020,160001,0.9987,
2020,160005,0.9997,
2020,160008,1.0,
2020,160013,0.9994,
2020,160016,0.9966,
2020,160024,0.9998,
2020,160028,0.9998,
2020,160029,0.9992,
2020,160030,0.9977,
2020,160032,0.9889,
2020,160033,0.9923,
2020,160040,0.9999,
2020,160045,1.0,
2020,160047,0.9941,
2020,160057,0.9928,
2020,160058,1.0,
2020,160064,0.998,
2020,160067,0.9998,
2020,160069,0.9945,
2020,160079,1.0,
2020,160080,0.9968,
2020,160082,0.9982,
2020,160083,0.9976,
2020,160089,0.9972,
2020,160101,0.9992,
2020,160104,0.9832,
2020,160110,0.9997,
2020,160112,0.9971,
2020,160117,0.9903,
2020,160122,1.0,
2020,160124,1.0,
2020,160146,1.0,
2020,160147,0.9978,
2020,160153,0.9996,
2020,170006,0.9962,
2020,170009,0.9999,
2020,170012,0.9976,
2020,170013,0.9958,
2020,170014,1.0,
2020,170016,0.9988,
2020,170017,0.9931,
2020,170020,0.9974,
2020,170023,0.9934,
2020,170027,1.0,
2020,170039,0.999,
2020,170040,0.997,
2020,170049,0.9791,
2020,170058,0.9981,
2020,170068,0.9989,
2020,170074,0.9934,
2020,170075,1.0,
2020,170086,0.9931,
2020,170103,0.9997,
2020,170104,0.9959,
2020,170105,0.9962,
2020,170109,0.988,
2020,170110,0.997,
2020,170120,1.0,
2020,170122,0.9992,
2020,170123,0.9979,
2020,170133,0.9811,
2020,170137,0.9998,
2020,170142,0.9996,
2020,170145,0.9995,
2020,170146,0.97,
2020,170150,1.0,
2020,170166,0.9986,
2020,170175,0.9944,
2020,170176,0.9834,
2020,170182,0.9768,
2020,170183,1.0,
2020,170185,0.9973,
2020,170186,1.0,
2020,170187,1.0,
2020,170188,1.0,
2020,170190,1.0,
2020,170191,0.999,
2020,170196,1.0,
2020,170197,1.0,
2020,170198,1.0,
2020,170200,0.9973,
2020,170203,1.0,
2020,180001,0.988,
2020,180002,0.97,
2020,180004,0.9943,
2020,180005,0.9711,
2020,180009,0.9907,
2020,180010,0.9981,
2020,180011,0.9955,
2020,180012,0.9984,
2020,180013,0.9815,
2020,180016,0.9993,
2020,180017,0.9984,
2020,180018,0.9975,
2020,180019,1.0,
2020,180020,0.9993,
2020,180021,0.9946,
2020,180024,0.9978,
2020,180025,1.0,
2020,180027,0.9931,
2020,180029,0.97,
2020,180035,0.9922,
2020,180036,0.9824,
2020,180038,0.9993,
2020,180040,0.9876,
2020,180043,0.9994,
2020,180044,0.9703,
2020,180045,0.9891,
2020,180046,0.9976,
2020,180048,0.9998,
2020,180049,0.9968,
2020,180050,0.97,
2020,180051,0.9955,
2020,180053,1.0,
2020,180056,0.9889,
2020,180064,0.999,
2020,180066,0.9977,
2020,180067,0.9979,
2020,180069,0.97,
2020,180070,0.9974,
2020,180078,0.9939,
2020,180079,0.9986,
2020,180080,0.991,
2020,180087,0.9983,
2020,180088,0.9949,
2020,180092,0.9959,
2020,180093,0.9917,
2020,180095,0.994,
2020,180101,0.9935,
2020,180102,0.989,
2020,180103,1.0,
2020,180104,0.9945,
2020,180105,0.9955,
2020,180106,0.9977,
2020,180115,0.9921,
2020,180116,0.975,
2020,180124,0.9703,
2020,180127,0.9882,
2020,180128,0.988,
2020,180130,1.0,
2020,180132,0.9953,
2020,180138,0.9957,
2020,180139,0.9872,
2020,180141,0.9994,
2020,180143,0.97,
2020,180149,1.0,
2020,190002,0.9898,
2020,190004,0.9977,
2020,190005,0.9987,
2020,190006,0.9993,
2020,190007,0.999,
2020,190008,0.9909,
2020,190011,0.9969,
2020,190013,0.9933,
2020,190014,0.9896,
2020,190015,0.9994,
2020,190017,0.9992,
2020,190019,0.9979,
2020,190020,0.9856,
2020,190025,0.999,
2020,190026,0.9907,
2020,190027,0.9987,
2020,190034,1.0,
2020,190036,0.9947,
2020,190039,0.9981,
2020,190040,0.9897,
2020,190041,0.9751,
2020,190044,0.9968,
2020,190045,0.9892,
2020,190046,0.9999,
2020,190050,0.9833,
2020,190053,0.9967,
2020,190054,0.9909,
2020,190060,0.9962,
2020,190064,1.0,
2020,190065,0.989,
2020,190079,0.9933,
2020,190081,0.9998,
2020,190086,0.9977,
2020,190088,0.9996,
2020,190090,0.991,
2020,190098,0.9993,
2020,190099,0.993,
2020,190102,0.9945,
2020,190106,1.0,
2020,190111,0.9978,
2020,190114,1.0,
2020,190116,0.9986,
2020,190118,0.9985,
2020,190125,0.9971,
2020,190133,1.0,
2020,190140,0.9999,
2020,190144,0.9951,
2020,190145,0.9995,
2020,190146,0.9989,
2020,190151,0.9912,
2020,190160,0.9875,
2020,190164,0.9841,
2020,190167,0.9995,
2020,190176,0.9948,
2020,190183,0.997,
2020,190184,0.9881,
2020,190190,0.985,
2020,190201,0.97,
2020,190202,0.9971,
2020,190204,0.9981,
2020,190205,1.0,
2020,190208,1.0,
2020,190218,0.9932,
2020,190241,1.0,
2020,190242,1.0,
2020,190245,1.0,
2020,190251,1.0,
2020,190255,1.0,
2020,190256,1.0,
2020,190259,0.9909,
2020,190263,0.9903,
2020,190267,1.0,
2020,190268,0.9764,
2020,190270,0.9767,
2020,190274,0.9964,
2020,190278,1.0,
2020,190297,0.9982,
2020,190298,0.9989,
2020,190300,1.0,
2020,190302,1.0,
2020,190303,0.9951,
2020,190308,0.9995,
2020,190312,0.9919,
2020,190313,0.9997,
2020,200001,0.9941,
2020,200008,1.0,
2020,200009,1.0,
2020,200018,0.9879,
2020,200019,1.0,
2020,200020,0.9936,
2020,200021,1.0,
2020,200024,1.0,
2020,200031,0.9921,
2020,200033,0.9984,
2020,200034,0.9742,
2020,200037,0.9966,
2020,200039,0.9951,
2020,200041,1.0,
2020,200050,1.0,
2020,200052,1.0,
2020,200063,0.9999,
2020,220001,0.9928,
2020,220002,0.9956,
2020,220008,0.97,
2020,220010,0.9875,
2020,220011,0.9943,
2020,220012,0.993,
2020,220015,0.9964,
2020,220016,0.9934,
2020,220017,0.9976,
2020,220019,0.9887,
2020,220020,0.9755,
2020,220024,0.9968,
2020,220029,0.9743,
2020,220030,0.9906,
2020,220031,0.9949,
2020,220033,0.9911,
2020,220035,0.9926,
2020,220036,0.9853,
2020,220046,0.9962,
2020,220049,0.9862,
2020,220052,0.9958,
2020,220060,0.978,
2020,220063,0.9888,
2020,220065,0.9955,
2020,220066,0.9861,
2020,220070,0.97,
2020,220071,0.9976,
2020,220073,0.9828,
2020,220074,0.9726,
2020,220075,1.0,
2020,220077,0.9983,
2020,220080,0.9862,
2020,220083,0.9899,
2020,220084,1.0,
2020,220086,0.9824,
2020,220088,1.0,
2020,220090,0.989,
2020,220095,0.9987,
2020,220098,0.9964,
2020,220100,0.9768,
2020,220101,0.9995,
2020,220105,0.9952,
2020,220108,0.97,
2020,220110,0.9949,
2020,220111,0.9732,
2020,220116,0.9927,
2020,220119,0.9962,
2020,220126,0.9794,
2020,220135,0.9956,
2020,220163,0.9951,
2020,220171,0.9852,
2020,220175,0.9981,
2020,220176,0.9941,
2020,220177,0.9948,
2020,230002,0.9867,
2020,230003,1.0,
2020,230005,0.9998,
2020,230013,1.0,
2020,230015,0.9954,
2020,230017,1.0,
2020,230019,0.9999,
2020,230020,0.9862,
2020,230021,1.0,
2020,230022,0.9969,
2020,230024,0.9889,
2020,230029,0.9978,
2020,230030,0.9994,
2020,230031,0.9744,
2020,230035,0.9883,
2020,230036,0.9926,
2020,230037,0.9995,
2020,230038,0.9979,
2020,230040,0.9903,
2020,230041,0.9872,
2020,230046,0.9991,
2020,230047,0.9946,
2020,230053,0.9961,
2020,230054,0.9993,
2020,230055,1.0,
2020,230058,0.9993,
2020,230059,0.99,
2020,230066,1.0,
2020,230069,0.9945,
2020,230070,0.9882,
2020,230071,1.0,
2020,230072,0.998,
2020,230075,0.995,
2020,230077,0.9922,
2020,230078,0.9922,
2020,230080,0.9962,
2020,230081,1.0,
2020,230085,0.9985,
2020,230089,0.988,
2020,230092,0.995,
2020,230093,0.9999,
2020,230095,0.9968,
2020,230096,0.9946,
2020,230097,1.0,
2020,230099,0.9857,
2020,230100,0.9988,
2020,230104,0.9861,
2020,230105,1.0,
2020,230108,0.9987,
2020,230110,0.9945,
2020,230117,1.0,
2020,230118,0.9925,
2020,230121,0.9939,
2020,230130,0.986,
2020,230132,0.9916,
2020,230133,0.9963,
2020,230141,0.9858,
2020,230142,0.9911,
2020,230146,0.9749,
2020,230151,0.9917,
2020,230156,0.999,
2020,230165,0.9956,
2020,230167,1.0,
2020,230174,0.98,
2020,230176,0.9965,
2020,230180,0.9946,
2020,230193,0.9981,
2020,230195,0.9911,
2020,230197,0.9883,
2020,230207,0.9945,
2020,230208,0.9991,
2020,230216,0.9801,
2020,230217,1.0,
2020,230222,0.9923,
2020,230227,0.9893,
2020,230230,0.9998,
2020,230236,1.0,
2020,230239,0.9993,
2020,230241,1.0,
2020,230244,0.9819,
2020,230254,0.9971,
2020,230259,0.9999,
2020,230264,1.0,
2020,230269,0.9927,
2020,230270,0.9863,
2020,230273,0.9967,
2020,230277,0.9922,
2020,230297,1.0,
2020,230301,1.0,
2020,230302,0.9769,
2020,230303,0.9923,
2020,240001,0.9997,
2020,240002,1.0,
2020,240004,0.9995,
2020,240006,0.999,
2020,240010,1.0,
2020,240014,0.9887,
2020,240018,0.997,
2020,240019,0.9998,
2020,240020,0.9918,
2020,240022,0.9978,
2020,240030,0.9999,
2020,240036,0.9987,
2020,240038,0.9978,
2020,240040,0.9988,
2020,240043,0.9971,
2020,240044,0.9997,
2020,240047,0.9993,
2020,240050,0.9995,
2020,240052,0.9986,
2020,240053,0.9985,
2020,240056,0.9976,
2020,240057,0.9981,
2020,240059,0.9988,
2020,240063,0.9979,
2020,240064,0.9986,
2020,240066,0.9993,
2020,240069,0.998,
2020,240071,0.999,
2020,240075,0.9982,
2020,240076,0.9998,
2020,240078,0.9969,
2020,240080,0.9996,
2020,240084,0.991,
2020,240088,1.0,
2020,240093,0.9994,
2020,240100,1.0,
2020,240101,0.9978,
2020,240104,0.9973,
2020,240106,1.0,
2020,240115,0.998,
2020,240141,0.9994,
2020,240166,0.9995,
2020,240187,0.9998,
2020,240206,1.0,
2020,240207,0.996,
2020,240210,0.9991,
2020,240213,0.9999,
2020,240214,0.9993,
2020,250001,0.9983,
2020,250002,0.9985,
2020,250004,0.9969,
2020,250006,0.9966,
2020,250007,0.9911,
2020,250009,0.9766,
2020,250012,0.9953,
2020,250017,1.0,
2020,250018,1.0,
2020,250019,0.9957,
2020,250020,0.9881,
2020,250025,0.9924,
2020,250027,0.9985,
2020,250031,0.9866,
2020,250034,0.993,
2020,250036,0.9937,
2020,250038,0.9979,
2020,250040,0.9782,
2020,250042,0.9975,
2020,250043,0.9961,
2020,250044,0.9981,
2020,250048,0.9961,
2020,250049,0.9962,
2020,250050,0.989,
2020,250057,0.9891,
2020,250058,0.9853,
2020,250060,1.0,
2020,250061,0.9967,
2020,250067,0.9997,
2020,250069,0.9996,
2020,250072,0.9956,
2020,250077,0.9991,
2020,250078,0.9847,
2020,250079,0.9999,
2020,250082,0.9972,
2020,250084,0.9977,
2020,250085,1.0,
2020,250093,0.981,
2020,250094,0.9932,
2020,250095,0.9997,
2020,250096,0.9959,
2020,250097,0.9963,
2020,250099,0.9953,
2020,250100,0.9955,
2020,250102,0.9931,
2020,250104,0.9904,
2020,250117,0.9831,
2020,250123,0.9977,
2020,250124,1.0,
2020,250126,0.9977,
2020,250127,1.0,
2020,250128,0.9971,
2020,250134,1.0,
2020,250138,0.9961,
2020,250141,0.9782,
2020,250162,0.9985,
2020,250167,0.9961,
2020,250168,0.9976,
2020,260001,0.9844,
2020,260004,0.9996,
2020,260005,0.9995,
2020,260006,0.9983,
2020,260009,0.9909,
2020,260011,0.9945,
2020,260017,1.0,
2020,260020,0.996,
2020,260022,0.9983,
2020,260023,0.983,
2020,260024,0.9882,
2020,260025,0.9948,
2020,260027,0.9941,
2020,260032,0.9963,
2020,260034,1.0,
2020,260040,0.9948,
2020,260047,0.9954,
2020,260048,0.9999,
2020,260050,0.9997,
2020,260052,0.9977,
2020,260057,0.999,
2020,260059,0.9914,
2020,260061,0.9986,
2020,260062,0.9956,
2020,260064,0.9981,
2020,260065,1.0,
2020,260068,0.9993,
2020,260070,0.9904,
2020,260074,0.9991,
2020,260077,0.9882,
2020,260078,0.9934,
2020,260080,0.9897,
2020,260081,0.9905,
2020,260085,0.9939,
2020,260091,1.0,
2020,260094,1.0,
2020,260095,0.9707,
2020,260096,0.9758,
2020,260097,1.0,
2020,260102,0.9885,
2020,260104,0.9982,
2020,260105,0.9968,
2020,260108,0.998,
2020,260110,0.9913,
2020,260113,0.9983,
2020,260119,0.9908,
2020,260137,1.0,
2020,260138,0.9973,
2020,260141,0.9987,
2020,260142,0.9904,
2020,260160,0.9978,
2020,260162,0.9985,
2020,260163,0.9966,
2020,260175,0.9992,
2020,260176,0.9956,
2020,260177,0.9913,
2020,260179,0.9999,
2020,260180,0.9967,
2020,260183,1.0,
2020,260186,0.9901,
2020,260190,0.977,
2020,260191,0.9822,
2020,260193,0.97,
2020,260195,0.989,
2020,260200,0.9989,
2020,260209,1.0,
2020,260210,0.997,
2020,260214,0.9739,
2020,260216,0.9922,
2020,260219,0.9816,
2020,260227,0.9906,
2020,270003,0.9963,
2020,270004,1.0,
2020,270012,0.999,
2020,270014,1.0,
2020,270017,0.9967,
2020,270023,0.9977,
2020,270032,0.9955,
2020,270049,1.0,
2020,270051,0.9987,
2020,270057,0.9993,
2020,270074,1.0,
2020,270086,0.9992,
2020,270087,0.9999,
2020,270089,1.0,
2020,280003,1.0,
2020,280009,0.9977,
2020,280013,0.9992,
2020,280020,0.9997,
2020,280023,0.9999,
2020,280032,1.0,
2020,280040,0.9969,
2020,280060,0.9987,
2020,280061,0.9988,
2020,280065,0.9926,
2020,280077,1.0,
2020,280081,0.9951,
2020,280105,0.9945,
2020,280111,0.9999,
2020,280125,0.9988,
2020,280127,1.0,
2020,280128,1.0,
2020,280129,1.0,
2020,280130,0.9929,
2020,280131,1.0,
2020,280132,0.9869,
2020,280134,1.0,
2020,290001,1.0,
2020,290003,0.9827,
2020,290005,0.9878,
2020,290007,0.9998,
2020,290008,0.9862,
2020,290009,0.9889,
2020,290012,0.9934,
2020,290019,0.9951,
2020,290021,0.9881,
2020,290022,0.9829,
2020,290032,0.97,
2020,290039,0.9852,
2020,290041,0.9836,
2020,290042,1.0,
2020,290045,0.9953,
2020,290046,0.9901,
2020,290047,0.9971,
2020,290049,0.9735,
2020,290053,0.9932,
2020,290054,0.9795,
2020,290056,1.0,
2020,290057,0.9871,
2020,300001,0.9949,
2020,300003,1.0,
2020,300005,0.9987,
2020,300011,0.9886,
2020,300012,0.9882,
2020,300014,0.9996,
2020,300017,0.9729,
2020,300018,0.9979,
2020,300019,0.9994,
2020,300020,0.9906,
2020,300023,0.994,
2020,300029,0.9936,
2020,300034,0.9953,
2020,310001,0.9929,
2020,310002,0.9912,
2020,310003,0.9911,
2020,310005,0.981,
2020,310006,0.9849,
2020,310008,0.9828,
2020,310009,0.9966,
2020,310010,0.9992,
2020,310011,0.9938,
2020,310012,0.9992,
2020,310014,0.9941,
2020,310015,0.9912,
2020,310016,0.9924,
2020,310017,0.9994,
2020,310019,0.9772,
2020,310021,0.9896,
2020,310022,0.9936,
2020,310024,0.9866,
2020,310025,0.9825,
2020,310027,0.9944,
2020,310028,0.9912,
2020,310029,0.9997,
2020,310031,0.995,
2020,310032,0.9865,
2020,310034,0.9955,
2020,310038,0.9931,
2020,310039,0.9872,
2020,310040,0.9872,
2020,310041,0.9907,
2020,310044,0.9911,
2020,310045,0.9828,
2020,310047,0.9833,
2020,310048,0.9962,
2020,310050,0.9823,
2020,310051,0.9955,
2020,310052,0.995,
2020,310054,0.9782,
2020,310057,0.9986,
2020,310058,0.9938,
2020,310060,0.9963,
2020,310061,0.9936,
2020,310064,0.9954,
2020,310069,0.9893,
2020,310070,0.9891,
2020,310073,0.9988,
2020,310074,0.9876,
2020,310075,0.9983,
2020,310076,0.9937,
2020,310081,0.99,
2020,310083,0.9866,
2020,310084,0.9933,
2020,310086,0.9938,
2020,310091,0.9944,
2020,310092,0.9977,
2020,310096,0.9907,
2020,310108,0.9821,
2020,310110,0.9826,
2020,310111,0.9966,
2020,310112,0.9873,
2020,310113,1.0,
2020,310115,0.997,
2020,310118,0.9857,
2020,310119,0.9979,
2020,310130,0.9838,
2020,320001,0.9994,
2020,320002,1.0,
2020,320003,1.0,
2020,320004,0.9905,
2020,320005,0.9958,
2020,320006,0.9956,
2020,320009,0.9983,
2020,320011,0.9991,
2020,320016,0.9997,
2020,320017,0.9793,
2020,320018,0.9924,
2020,320021,1.0,
2020,320022,0.9974,
2020,320030,0.9867,
2020,320033,0.9985,
2020,320038,0.9984,
2020,320059,0.9981,
2020,320060,1.0,
2020,320061,0.9892,
2020,320062,1.0,
2020,320063,0.9983,
2020,320065,0.9996,
2020,320067,1.0,
2020,320070,1.0,
2020,320074,0.9991,
2020,320084,0.9927,
2020,320085,0.9953,
2020,320086,0.97,
2020,320089,0.992,
2020,330003,0.9984,
2020,330004,0.9852,
2020,330005,0.9953,
2020,330006,0.9961,
2020,330008,0.9874,
2020,330009,0.9995,
2020,330011,0.9962,
2020,330013,0.9968,
2020,330014,0.9989,
2020,330019,0.9861,
2020,330023,0.9735,
2020,330024,0.9954,
2020,330027,0.9954,
2020,330028,0.9967,
2020,330030,0.9821,
2020,330033,0.9894,
2020,330043,0.9977,
2020,330044,0.9981,
2020,330045,0.983,
2020,330046,0.9897,
2020,330047,0.9977,
2020,330049,0.9894,
2020,330055,0.9932,
2020,330056,0.9932,
2020,330057,0.9963,
2020,330058,0.9807,
2020,330059,0.9907,
2020,330065,0.9983,
2020,330073,0.9916,
2020,330074,0.9921,
2020,330078,0.9966,
2020,330079,0.9757,
2020,330080,0.9977,
2020,330084,0.9969,
2020,330085,0.9937,
2020,330086,0.9981,
2020,330088,0.9999,
2020,330090,0.9787,
2020,330094,0.9883,
2020,330096,1.0,
2020,330101,0.9961,
2020,330102,0.9985,
2020,330103,0.9912,
2020,330104,0.9846,
2020,330106,0.9857,
2020,330107,0.9865,
2020,330108,1.0,
2020,330111,0.98,
2020,330115,1.0,
2020,330119,0.9983,
2020,330125,0.9882,
2020,330126,0.9793,
2020,330127,0.9985,
2020,330128,0.9939,
2020,330135,0.9938,
2020,330136,0.9982,
2020,330140,0.9861,
2020,330141,0.994,
2020,330144,0.9984,
2020,330151,1.0,
2020,330153,0.9954,
2020,330157,0.9987,
2020,330158,0.9847,
2020,330160,0.9914,
2020,330162,0.9706,
2020,330163,0.9901,
2020,330164,1.0,
2020,330166,1.0,
2020,330167,0.9956,
2020,330169,0.9954,
2020,330175,0.992,
2020,330180,0.9995,
2020,330181,0.9824,
2020,330182,0.9885,
2020,330184,0.9966,
2020,330185,0.9777,
2020,330188,0.9945,
2020,330191,0.9958,
2020,330193,0.99,
2020,330194,0.9899,
2020,330195,0.9847,
2020,330196,0.9768,
2020,330197,0.9992,
2020,330198,0.9895,
2020,330199,0.9987,
2020,330201,0.9902,
2020,330202,0.9971,
2020,330203,0.9881,
2020,330204,0.9997,
2020,330205,0.979,
2020,330208,0.9857,
2020,330211,1.0,
2020,330214,0.9995,
2020,330215,0.9876,
2020,330218,0.9928,
2020,330219,1.0,
2020,330221,0.9884,
2020,330222,0.9975,
2020,330223,0.9763,
2020,330224,1.0,
2020,330226,0.9935,
2020,330229,0.998,
2020,330231,0.9902,
2020,330232,1.0,
2020,330233,0.9979,
2020,330234,0.9926,
2020,330235,0.97,
2020,330236,0.9882,
2020,330238,0.9898,
2020,330239,0.989,
2020,330240,0.9968,
2020,330241,0.9965,
2020,330245,0.9924,
2020,330246,0.9897,
2020,330250,0.9965,
2020,330259,0.9887,
2020,330261,0.9941,
2020,330264,0.9846,
2020,330265,0.998,
2020,330267,0.9788,
2020,330270,1.0,
2020,330273,0.9946,
2020,330276,0.999,
2020,330277,0.989,
2020,330279,0.9985,
2020,330285,0.9935,
2020,330286,0.977,
2020,330304,0.9881,
2020,330307,0.9979,
2020,330331,0.9961,
2020,330332,0.989,
2020,330350,0.9919,
2020,330385,1.0,
2020,330386,0.9877,
2020,330393,0.993,
2020,330394,0.9991,
2020,330395,0.9891,
2020,330396,0.996,
2020,330397,0.9992,
2020,330399,0.9997,
2020,330401,0.9989,
2020,330403,1.0,
2020,340001,0.999,
2020,340002,1.0,
2020,340003,0.9969,
2020,340004,0.9905,
2020,340008,0.9971,
2020,340010,0.9849,
2020,340013,1.0,
2020,340014,0.9986,
2020,340015,0.9865,
2020,340016,0.9877,
2020,340017,0.9989,
2020,340020,0.9784,
2020,340021,0.9992,
2020,340023,0.9954,
2020,340024,0.9836,
2020,340027,0.9892,
2020,340028,0.9935,
2020,340030,0.9978,
2020,340032,0.9958,
2020,340037,1.0,
2020,340039,0.9823,
2020,340040,0.9948,
2020,340041,0.9958,
2020,340042,0.9909,
2020,340047,0.9995,
2020,340049,1.0,
2020,340050,0.9868,
2020,340051,0.9951,
2020,340053,0.9954,
2020,340060,0.99,
2020,340061,0.9986,
2020,340064,1.0,
2020,340068,0.9977,
2020,340069,0.9989,
2020,340070,0.9987,
2020,340071,0.9864,
2020,340073,0.993,
2020,340075,1.0,
2020,340084,1.0,
2020,340085,0.9968,
2020,340087,1.0,
2020,340090,0.9923,
2020,340091,1.0,
2020,340096,0.9993,
2020,340097,0.9959,
2020,340098,0.9847,
2020,340099,0.9976,
2020,340107,0.9951,
2020,340109,0.9971,
2020,340113,0.9993,
2020,340114,0.9999,
2020,340115,0.9938,
2020,340116,0.9801,
2020,340119,1.0,
2020,340120,0.9937,
2020,340123,0.9996,
2020,340126,0.9916,
2020,340127,0.9968,
2020,340129,0.9949,
2020,340130,0.9883,
2020,340131,1.0,
2020,340132,0.9873,
2020,340133,0.9861,
2020,340141,1.0,
2020,340142,0.9954,
2020,340143,1.0,
2020,340144,0.9948,
2020,340145,0.9977,
2020,340147,0.9798,
2020,340151,0.9911,
2020,340155,0.9998,
2020,340156,1.0,
2020,340158,0.9891,
2020,340159,0.9976,
2020,340166,0.9987,
2020,340171,0.9968,
2020,340173,0.9839,
2020,340183,0.9998,
2020,340184,0.9974,
2020,340186,0.9978,
2020,340187,0.9996,
2020,340188,0.9998,
2020,350002,0.9998,
2020,350006,0.9966,
2020,350011,1.0,
2020,350015,0.9957,
2020,350019,0.9981,
2020,350063,0.9938,
2020,350064,1.0,
2020,350070,0.9989,
2020,360001,0.9945,
2020,360002,0.9824,
2020,360003,0.9986,
2020,360006,0.9987,
2020,360008,0.9879,
2020,360009,0.9931,
2020,360010,0.9983,
2020,360011,0.9898,
2020,360012,0.999,
2020,360013,0.9921,
2020,360014,0.9925,
2020,360016,0.9945,
2020,360017,0.9969,
2020,360020,0.9962,
2020,360025,0.9982,
2020,360026,0.9918,
2020,360027,0.998,
2020,360029,0.9806,
2020,360032,0.9965,
2020,360035,0.9977,
2020,360036,0.9996,
2020,360037,1.0,
2020,360039,0.9926,
2020,360040,0.9934,
2020,360041,0.9922,
2020,360044,1.0,
2020,360046,0.9866,
2020,360048,0.9958,
2020,360051,0.9973,
2020,360054,0.9992,
2020,360055,0.9927,
2020,360056,0.9908,
2020,360058,1.0,
2020,360059,0.998,
2020,360064,0.9929,
2020,360065,0.9974,
2020,360066,0.9934,
2020,360068,1.0,
2020,360070,0.9942,
2020,360071,1.0,
2020,360072,0.9985,
2020,360074,0.9998,
2020,360075,0.9988,
2020,360076,0.9979,
2020,360077,0.9866,
2020,360078,0.9943,
2020,360079,0.9965,
2020,360080,0.9935,
2020,360081,0.9987,
2020,360082,0.9989,
2020,360084,0.9875,
2020,360085,0.9999,
2020,360086,0.9926,
2020,360087,0.997,
2020,360089,0.9942,
2020,360090,0.9968,
2020,360091,0.9892,
2020,360092,0.9967,
2020,360095,0.9976,
2020,360096,0.97,
2020,360098,0.9877,
2020,360107,0.9978,
2020,360109,0.9947,
2020,360112,0.9936,
2020,360118,0.9937,
2020,360121,0.9994,
2020,360123,0.996,
2020,360125,0.9805,
2020,360131,0.995,
2020,360132,0.9907,
2020,360133,0.9904,
2020,360134,0.9974,
2020,360137,0.9973,
2020,360141,0.993,
2020,360143,0.997,
2020,360144,0.9942,
2020,360145,0.9859,
2020,360147,0.9959,
2020,360148,0.9983,
2020,360150,0.9938,
2020,360152,0.9946,
2020,360153,1.0,
2020,360155,0.9994,
2020,360156,1.0,
2020,360159,0.9984,
2020,360161,0.997,
2020,360163,0.9993,
2020,360170,0.9784,
2020,360172,0.995,
2020,360174,0.9869,
2020,360175,0.9886,
2020,360179,0.9985,
2020,360180,0.9983,
2020,360185,0.9962,
2020,360189,0.9941,
2020,360192,0.9913,
2020,360197,0.9998,
2020,360203,0.9904,
2020,360210,1.0,
2020,360211,0.9927,
2020,360218,0.9969,
2020,360230,0.9903,
2020,360234,0.9962,
2020,360236,0.9832,
2020,360239,0.9987,
2020,360259,0.994,
2020,360262,0.9974,
2020,360263,0.9902,
2020,360266,1.0,
2020,360270,0.996,
2020,360276,0.9828,
2020,360348,0.9997,
2020,360351,1.0,
2020,360352,1.0,
2020,360354,0.9822,
2020,360355,0.9778,
2020,360358,1.0,
2020,360359,0.9956,
2020,360360,0.9879,
2020,360361,1.0,
2020,360362,0.97,
2020,360364,0.9821,
2020,360365,0.9981,
2020,370001,0.9971,
2020,370002,0.9921,
2020,370004,0.9977,
2020,370006,0.9932,
2020,370008,0.9987,
2020,370011,1.0,
2020,370013,0.9989,
2020,370014,0.9808,
2020,370015,0.9986,
2020,370016,0.9977,
2020,370018,0.9977,
2020,370019,0.9962,
2020,370020,0.9971,
2020,370022,0.9808,
2020,370023,0.9913,
2020,370025,0.9898,
2020,370026,0.9997,
2020,370028,0.9982,
2020,370029,1.0,
2020,370030,1.0,
2020,370034,0.9844,
2020,370037,0.9997,
2020,370039,0.9997,
2020,370041,0.97,
2020,370047,0.9924,
2020,370049,0.9986,
2020,370054,0.999,
2020,370056,0.9936,
2020,370057,1.0,
2020,370078,0.9959,
2020,370083,0.9995,
2020,370089,0.9964,
2020,370091,0.9895,
2020,370093,0.9953,
2020,370094,0.9871,
2020,370097,0.9884,
2020,370099,0.9995,
2020,370100,0.993,
2020,370106,0.9951,
2020,370112,1.0,
2020,370113,0.997,
2020,370114,0.9962,
2020,370139,0.9945,
2020,370149,0.9803,
2020,370153,0.9998,
2020,370158,1.0,
2020,370166,0.9963,
2020,370170,1.0,
2020,370171,0.9988,
2020,370172,1.0,
2020,370173,0.9982,
2020,370178,0.9996,
2020,370180,0.9997,
2020,370183,0.997,
2020,370190,1.0,
2020,370192,1.0,
2020,370201,0.9897,
2020,370202,0.9939,
2020,370203,1.0,
2020,370210,1.0,
2020,370211,0.9878,
2020,370212,0.97,
2020,370214,1.0,
2020,370215,1.0,
2020,370216,1.0,
2020,370218,0.9927,
2020,370220,0.97,
2020,370222,1.0,
2020,370225,1.0,
2020,370227,1.0,
2020,370228,0.9924,
2020,370229,1.0,
2020,370234,0.9998,
2020,370235,0.97,
2020,370236,0.9788,
2020,370237,0.9996,
2020,380001,0.9985,
2020,380002,1.0,
2020,380004,1.0,
2020,380005,0.976,
2020,380007,0.9969,
2020,380009,0.9989,
2020,380014,0.9998,
2020,380017,0.9958,
2020,380018,1.0,
2020,380020,0.9977,
2020,380021,1.0,
2020,380022,0.9995,
2020,380025,1.0,
2020,380027,0.9986,
2020,380029,0.9998,
2020,380033,0.9997,
2020,380037,0.9973,
2020,380038,0.9992,
2020,380040,0.9996,
2020,380047,1.0,
2020,380050,0.9957,
2020,380051,1.0,
2020,380052,0.9811,
2020,380056,1.0,
2020,380060,0.9948,
2020,380061,1.0,
2020,380071,0.995,
2020,380075,0.9828,
2020,380082,0.9832,
2020,380089,1.0,
2020,380090,0.9976,
2020,380091,0.9997,
2020,380102,0.998,
2020,380103,1.0,
2020,390001,0.9986,
2020,390002,0.9959,
2020,390003,0.9997,
2020,390004,0.9935,
2020,390006,0.9998,
2020,390008,1.0,
2020,390009,0.9988,
2020,390012,0.97,
2020,390013,0.9954,
2020,390016,0.9871,
2020,390019,0.9995,
2020,390026,0.9961,
2020,390027,0.9962,
2020,390028,0.9991,
2020,390030,0.9946,
2020,390032,0.9933,
2020,390035,0.9998,
2020,390036,0.9897,
2020,390037,0.9785,
2020,390039,0.9944,
2020,390041,0.9887,
2020,390042,0.9937,
2020,390044,1.0,
2020,390045,0.9895,
2020,390046,0.9958,
2020,390048,1.0,
2020,390049,0.9951,
2020,390050,0.9919,
2020,390052,0.9906,
2020,390056,1.0,
2020,390057,0.9985,
2020,390058,0.997,
2020,390061,1.0,
2020,390062,0.97,
2020,390063,0.9941,
2020,390065,0.9861,
2020,390066,0.9989,
2020,390067,0.9813,
2020,390068,0.9939,
2020,390070,0.9933,
2020,390071,0.9997,
2020,390072,0.9994,
2020,390073,0.9941,
2020,390076,0.9953,
2020,390079,0.985,
2020,390080,0.9926,
2020,390081,0.9929,
2020,390084,0.9993,
2020,390086,0.9927,
2020,390090,0.9958,
2020,390091,0.9927,
2020,390093,0.9934,
2020,390096,0.997,
2020,390097,0.9833,
2020,390100,1.0,
2020,390101,0.9967,
2020,390102,0.9981,
2020,390104,0.9968,
2020,390107,0.9969,
2020,390110,0.9919,
2020,390111,0.9989,
2020,390112,0.9963,
2020,390113,0.9968,
2020,390114,0.9991,
2020,390115,0.9821,
2020,390116,0.996,
2020,390117,1.0,
2020,390119,0.97,
2020,390123,0.9905,
2020,390125,0.9953,
2020,390127,0.9895,
2020,390130,0.9921,
2020,390133,0.994,
2020,390137,0.9935,
2020,390138,0.9908,
2020,390139,0.9998,
2020,390142,0.9933,
2020,390145,0.9894,
2020,390146,0.9956,
2020,390147,0.9792,
2020,390150,0.9975,
2020,390151,0.996,
2020,390153,0.9998,
2020,390156,0.9882,
2020,390157,0.9988,
2020,390160,0.9964,
2020,390162,0.9852,
2020,390163,0.9985,
2020,390164,0.9931,
2020,390168,0.9999,
2020,390173,0.9952,
2020,390174,0.9981,
2020,390178,0.9936,
2020,390179,0.9953,
2020,390180,0.9997,
2020,390183,0.986,
2020,390184,1.0,
2020,390185,0.9905,
2020,390192,0.9988,
2020,390194,0.998,
2020,390195,1.0,
2020,390197,0.9992,
2020,390198,0.9945,
2020,390199,1.0,
2020,390201,0.9939,
2020,390203,0.9882,
2020,390204,0.9998,
2020,390211,0.9916,
2020,390217,0.9925,
2020,390219,0.9959,
2020,390220,0.9934,
2020,390222,1.0,
2020,390223,0.9945,
2020,390225,0.9888,
2020,390226,0.9815,
2020,390228,0.996,
2020,390231,0.9923,
2020,390233,0.9857,
2020,390236,0.9968,
2020,390237,0.9944,
2020,390256,0.9982,
2020,390258,0.9937,
2020,390265,0.9787,
2020,390266,0.9989,
2020,390267,0.9888,
2020,390268,0.997,
2020,390270,0.9992,
2020,390290,0.9967,
2020,390304,0.9915,
2020,390307,0.9836,
2020,390312,1.0,
2020,390314,0.9817,
2020,390316,0.989,
2020,390321,0.97,
2020,390322,1.0,
2020,390323,1.0,
2020,390324,1.0,
2020,390325,1.0,
2020,390326,0.9964,
2020,390327,0.97,
2020,390328,0.9945,
2020,390329,0.9788,
2020,390330,0.9945,
2020,410004,0.9974,
2020,410005,0.9913,
2020,410006,0.9991,
2020,410007,0.9957,
2020,410008,1.0,
2020,410009,0.9932,
2020,410010,1.0,
2020,410011,0.9892,
2020,410012,0.9964,
2020,410013,0.9994,
2020,420002,0.9965,
2020,420004,0.9996,
2020,420005,0.9985,
2020,420007,0.9926,
2020,420009,0.9917,
2020,420010,0.9984,
2020,420011,0.9991,
2020,420015,0.9784,
2020,420018,0.9976,
2020,420019,1.0,
2020,420020,0.9971,
2020,420023,0.9984,
2020,420026,0.9892,
2020,420027,0.9916,
2020,420030,0.9995,
2020,420033,0.9984,
2020,420036,0.9937,
2020,420037,0.9986,
2020,420038,1.0,
2020,420043,1.0,
2020,420048,0.9978,
2020,420049,0.9976,
2020,420051,0.9945,
2020,420053,0.97,
2020,420055,0.9896,
2020,420057,1.0,
2020,420065,0.998,
2020,420066,0.9963,
2020,420067,0.9973,
2020,420068,0.9932,
2020,420070,0.9929,
2020,420071,0.9972,
2020,420072,0.9979,
2020,420073,0.9968,
2020,420078,0.9981,
2020,420079,0.9829,
2020,420080,0.9737,
2020,420082,0.986,
2020,420083,0.9991,
2020,420085,0.9737,
2020,420086,0.9943,
2020,420087,0.9966,
2020,420089,0.9803,
2020,420091,0.9881,
2020,420098,1.0,
2020,420101,0.9937,
2020,420102,1.0,
2020,420103,0.9993,
2020,420104,0.997,
2020,420105,0.998,
2020,420106,1.0,
2020,420107,0.9986,
2020,420108,0.9992,
2020,420109,0.9991,
2020,430005,0.9954,
2020,430008,1.0,
2020,430012,1.0,
2020,430013,1.0,
2020,430014,0.9991,
2020,430015,0.9995,
2020,430016,1.0,
2020,430027,1.0,
2020,430048,0.984,
2020,430077,0.999,
2020,430082,1.0,
2020,430083,1.0,
2020,430084,1.0,
2020,430089,1.0,
2020,430090,1.0,
2020,430091,1.0,
2020,430095,1.0,
2020,430097,0.9932,
2020,440001,0.9921,
2020,440002,0.9874,
2020,440003,0.97,
2020,440006,0.9851,
2020,440007,0.9973,
2020,440008,1.0,
2020,440009,0.9885,
2020,440010,0.9975,
2020,440011,0.9971,
2020,440012,0.9868,
2020,440015,0.9973,
2020,440016,0.9949,
2020,440017,0.9816,
2020,440018,0.976,
2020,440020,0.9985,
2020,440025,0.9758,
2020,440029,0.9979,
2020,440030,0.9876,
2020,440031,0.9974,
2020,440032,0.9995,
2020,440033,0.9733,
2020,440034,0.9957,
2020,440035,0.9904,
2020,440039,0.9995,
2020,440040,0.975,
2020,440046,0.9908,
2020,440048,0.9871,
2020,440049,0.9973,
2020,440050,0.9951,
2020,440053,0.9948,
2020,440056,0.9817,
2020,440057,0.996,
2020,440058,0.999,
2020,440059,0.9974,
2020,440060,0.9993,
2020,440061,0.9986,
2020,440063,0.9878,
2020,440065,0.9941,
2020,440067,0.9988,
2020,440068,1.0,
2020,440070,0.9958,
2020,440072,0.9913,
2020,440073,0.9778,
2020,440081,0.9933,
2020,440082,0.9974,
2020,440083,1.0,
2020,440084,0.993,
2020,440091,1.0,
2020,440102,1.0,
2020,440104,0.9996,
2020,440109,0.9843,
2020,440110,0.9892,
2020,440111,1.0,
2020,440120,0.9976,
2020,440125,0.9961,
2020,440130,0.988,
2020,440131,0.999,
2020,440132,0.9868,
2020,440133,0.9996,
2020,440137,0.9957,
2020,440144,0.9939,
2020,440148,0.9981,
2020,440150,0.9792,
2020,440151,0.994,
2020,440152,0.9924,
2020,440153,0.9927,
2020,440156,0.9878,
2020,440159,1.0,
2020,440161,0.9867,
2020,440173,0.9954,
2020,440175,0.9955,
2020,440176,0.9888,
2020,440180,0.9838,
2020,440183,0.9846,
2020,440184,0.9973,
2020,440185,0.9974,
2020,440187,1.0,
2020,440192,0.999,
2020,440193,0.9989,
2020,440194,0.9891,
2020,440197,0.992,
2020,440200,1.0,
2020,440218,1.0,
2020,440227,0.9914,
2020,440228,0.9945,
2020,440231,1.0,
2020,440235,1.0,
2020,450002,0.9875,
2020,450007,1.0,
2020,450010,0.9988,
2020,450011,0.9937,
2020,450015,0.9988,
2020,450018,0.9838,
2020,450021,0.9919,
2020,450023,0.9982,
2020,450024,0.9996,
2020,450028,0.9888,
2020,450029,0.9976,
2020,450032,0.97,
2020,450033,0.9985,
2020,450034,0.9953,
2020,450035,0.9998,
2020,450039,0.9999,
2020,450040,0.9996,
2020,450042,0.9983,
2020,450044,0.9979,
2020,450046,0.9945,
2020,450051,0.9999,
2020,450054,0.9967,
2020,450055,0.9987,
2020,450056,0.9992,
2020,450058,1.0,
2020,450064,0.9867,
2020,450068,0.9912,
2020,450072,0.9929,
2020,450078,0.9971,
2020,450079,0.9971,
2020,450080,0.9972,
2020,450082,0.9999,
2020,450083,0.9908,
2020,450085,0.9995,
2020,450087,0.9862,
2020,450090,0.9905,
2020,450092,1.0,
2020,450097,0.998,
2020,450099,0.9906,
2020,450101,1.0,
2020,450102,1.0,
2020,450104,0.9764,
2020,450107,0.9909,
2020,450108,0.9993,
2020,450119,0.9952,
2020,450124,0.9987,
2020,450128,0.993,
2020,450130,0.999,
2020,450132,0.9929,
2020,450133,0.9958,
2020,450135,0.9931,
2020,450137,0.9979,
2020,450143,1.0,
2020,450144,0.9996,
2020,450147,0.9947,
2020,450148,0.9967,
2020,450152,0.9951,
2020,450154,0.9976,
2020,450155,0.9982,
2020,450162,1.0,
2020,450163,0.9872,
2020,450165,0.999,
2020,450176,0.997,
2020,450184,0.9841,
2020,450187,0.9969,
2020,450192,0.9879,
2020,450193,0.9947,
2020,450194,0.9991,
2020,450196,0.9972,
2020,450200,0.9955,
2020,450203,0.9966,
2020,450209,0.9988,
2020,450210,0.9997,
2020,450211,0.9876,
2020,450213,0.9992,
2020,450219,0.9847,
2020,450222,0.9848,
2020,450229,0.9952,
2020,450231,0.9976,
2020,450235,0.9993,
2020,450236,0.9979,
2020,450237,0.9969,
2020,450241,1.0,
2020,450243,1.0,
2020,450253,1.0,
2020,450271,0.9946,
2020,450272,0.9988,
2020,450289,0.9989,
2020,450292,0.9966,
2020,450299,0.9859,
2020,450324,0.9833,
2020,450330,0.9979,
2020,450340,0.9944,
2020,450346,0.9877,
2020,450347,0.9867,
2020,450348,1.0,
2020,450351,0.9996,
2020,450352,0.9881,
2020,450358,0.9976,
2020,450369,0.9984,
2020,450370,1.0,
2020,450372,0.9964,
2020,450379,0.9966,
2020,450388,0.9933,
2020,450389,1.0,
2020,450395,0.9984,
2020,450399,0.9986,
2020,450400,0.9992,
2020,450403,0.9782,
2020,450411,1.0,
2020,450419,0.9948,
2020,450422,0.9842,
2020,450424,0.9967,
2020,450431,0.9976,
2020,450447,0.9997,
2020,450451,0.9984,
2020,450460,0.9957,
2020,450462,0.9988,
2020,450465,0.9971,
2020,450469,0.9912,
2020,450475,0.9917,
2020,450484,0.9972,
2020,450488,1.0,
2020,450489,1.0,
2020,450498,0.9998,
2020,450508,0.9955,
2020,450518,0.9859,
2020,450537,0.9968,
2020,450539,1.0,
2020,450558,0.9986,
2020,450563,0.9943,
2020,450565,0.9921,
2020,450571,1.0,
2020,450573,0.9992,
2020,450578,1.0,
2020,450584,0.9956,
2020,450586,0.9995,
2020,450587,0.9961,
2020,450596,0.9987,
2020,450597,0.9989,
2020,450604,0.9984,
2020,450605,1.0,
2020,450610,0.9819,
2020,450617,0.9883,
2020,450634,0.9754,
2020,450638,0.9912,
2020,450639,0.9976,
2020,450641,0.999,
2020,450643,0.999,
2020,450644,0.9935,
2020,450647,0.9856,
2020,450651,0.9964,
2020,450653,0.9885,
2020,450654,0.9991,
2020,450656,0.9968,
2020,450658,0.9985,
2020,450659,1.0,
2020,450661,0.9842,
2020,450662,0.9846,
2020,450668,0.9941,
2020,450669,0.9818,
2020,450670,0.9895,
2020,450672,0.991,
2020,450675,0.9879,
2020,450677,0.9914,
2020,450678,0.9894,
2020,450684,0.98,
2020,450686,0.9939,
2020,450688,0.9932,
2020,450690,1.0,
2020,450694,0.9988,
2020,450697,0.9963,
2020,450698,1.0,
2020,450702,0.9933,
2020,450709,0.9865,
2020,450711,0.9956,
2020,450713,0.9916,
2020,450716,0.9974,
2020,450718,0.9879,
2020,450723,0.995,
2020,450730,0.9968,
2020,450742,0.9897,
2020,450743,0.985,
2020,450746,1.0,
2020,450747,0.9987,
2020,450755,0.9962,
2020,450766,0.9971,
2020,450771,0.9844,
2020,450774,1.0,
2020,450775,0.986,
2020,450779,0.999,
2020,450780,1.0,
2020,450788,0.9909,
2020,450797,1.0,
2020,450801,0.9994,
2020,450803,1.0,
2020,450804,1.0,
2020,450808,1.0,
2020,450809,0.9955,
2020,450820,0.991,
2020,450822,0.9908,
2020,450825,1.0,
2020,450827,0.9997,
2020,450828,0.9984,
2020,450831,1.0,
2020,450833,0.9974,
2020,450834,0.97,
2020,450840,0.9991,
2020,450844,0.9904,
2020,450847,0.9974,
2020,450848,0.9861,
2020,450851,1.0,
2020,450853,0.97,
2020,450855,0.9986,
2020,450856,0.9766,
2020,450860,0.97,
2020,450862,0.9913,
2020,450864,1.0,
2020,450865,1.0,
2020,450867,0.9964,
2020,450869,0.9989,
2020,450871,1.0,
2020,450872,0.9992,
2020,450874,0.9853,
2020,450875,1.0,
2020,450876,0.9897,
2020,450877,1.0,
2020,450880,1.0,
2020,450883,0.9952,
2020,450885,0.9934,
2020,450888,1.0,
2020,450889,1.0,
2020,450890,0.9977,
2020,450891,0.9993,
2020,450893,0.9829,
2020,450894,0.97,
2020,460001,0.9943,
2020,460003,0.9998,
2020,460004,1.0,
2020,460005,0.9985,
2020,460006,0.9998,
2020,460007,0.9995,
2020,460009,0.9994,
2020,460010,0.9995,
2020,460011,1.0,
2020,460013,0.99,
2020,460014,0.9858,
2020,460015,0.9988,
2020,460017,0.9994,
2020,460019,1.0,
2020,460021,1.0,
2020,460023,0.9893,
2020,460026,1.0,
2020,460030,1.0,
2020,460039,0.9969,
2020,460041,0.9888,
2020,460042,0.9869,
2020,460044,0.9996,
2020,460047,0.9821,
2020,460049,1.0,
2020,460051,0.9894,
2020,460052,1.0,
2020,460054,0.9881,
2020,460057,0.999,
2020,460058,1.0,
2020,460060,0.9807,
2020,470001,0.9991,
2020,470003,0.9967,
2020,470005,0.9998,
2020,470011,0.9959,
2020,470012,0.9879,
2020,470024,0.9981,
2020,490001,0.9924,
2020,490002,0.9923,
2020,490004,0.9944,
2020,490005,0.9966,
2020,490007,0.9992,
2020,490009,0.9999,
2020,490011,0.9952,
2020,490013,0.9968,
2020,490017,0.9965,
2020,490018,1.0,
2020,490019,0.9802,
2020,490020,0.988,
2020,490021,1.0,
2020,490022,0.9978,
2020,490023,0.9844,
2020,490024,0.9982,
2020,490032,0.9987,
2020,490033,0.999,
2020,490037,0.9999,
2020,490038,0.9973,
2020,490040,0.9922,
2020,490041,0.9988,
2020,490042,0.992,
2020,490043,0.9835,
2020,490044,0.9965,
2020,490045,0.9935,
2020,490046,0.9959,
2020,490048,0.9914,
2020,490050,0.9982,
2020,490052,0.9931,
2020,490053,0.9875,
2020,490057,0.9875,
2020,490059,0.9994,
2020,490060,0.998,
2020,490063,0.9988,
2020,490066,0.9988,
2020,490067,0.9857,
2020,490069,0.9978,
2020,490075,0.9928,
2020,490077,1.0,
2020,490084,0.9992,
2020,490088,0.9978,
2020,490089,1.0,
2020,490090,0.9947,
2020,490092,0.9856,
2020,490093,0.9943,
2020,490094,0.9993,
2020,490097,0.997,
2020,490098,0.9944,
2020,490101,0.999,
2020,490107,0.9743,
2020,490110,0.9804,
2020,490111,0.97,
2020,490112,0.9891,
2020,490113,0.9944,
2020,490114,0.9848,
2020,490115,0.9989,
2020,490116,0.9849,
2020,490117,0.9879,
2020,490118,0.9899,
2020,490119,0.9965,
2020,490120,0.9953,
2020,490122,0.9955,
2020,490126,0.9971,
2020,490127,0.9815,
2020,490130,0.9907,
2020,490136,0.9997,
2020,490140,0.9966,
2020,490141,0.9886,
2020,490143,0.9874,
2020,490144,0.994,
2020,490145,0.998,
2020,500001,0.9919,
2020,500002,1.0,
2020,500003,0.998,
2020,500005,0.9997,
2020,500007,0.9991,
2020,500008,0.9979,
2020,500011,0.9975,
2020,500012,0.9854,
2020,500014,0.9976,
2020,500015,1.0,
2020,500016,1.0,
2020,500019,0.9981,
2020,500021,1.0,
2020,500024,0.9949,
2020,500025,1.0,
2020,500026,0.9972,
2020,500027,0.9995,
2020,500030,0.9968,
2020,500031,0.9999,
2020,500033,0.9942,
2020,500036,0.9877,
2020,500037,0.9975,
2020,500039,1.0,
2020,500041,0.9938,
2020,500044,0.9977,
2020,500050,0.9984,
2020,500051,0.9951,
2020,500053,0.9965,
2020,500054,1.0,
2020,500058,1.0,
2020,500060,0.9942,
2020,500064,0.9988,
2020,500072,0.9998,
2020,500077,1.0,
2020,500079,0.9961,
2020,500084,0.9996,
2020,500088,0.9911,
2020,500108,0.9988,
2020,500119,0.9734,
2020,500124,0.9988,
2020,500129,0.9949,
2020,500139,0.9982,
2020,500141,0.9986,
2020,500148,1.0,
2020,500150,0.9999,
2020,500151,1.0,
2020,500152,0.9819,
2020,500154,1.0,
2020,510001,0.9956,
2020,510002,0.9969,
2020,510006,0.9947,
2020,510007,0.9964,
2020,510008,1.0,
2020,510012,0.9984,
2020,510013,0.9941,
2020,510022,0.9992,
2020,510023,0.9986,
2020,510024,0.9837,
2020,510029,0.9894,
2020,510030,0.9901,
2020,510031,0.9996,
2020,510038,0.97,
2020,510039,0.9926,
2020,510046,0.9802,
2020,510047,0.9968,
2020,510048,0.9941,
2020,510050,0.9789,
2020,510055,1.0,
2020,510058,0.9915,
2020,510062,0.9978,
2020,510070,0.9887,
2020,510071,0.9905,
2020,510072,1.0,
2020,510077,0.9953,
2020,510086,1.0,
2020,510091,0.9771,
2020,520002,1.0,
2020,520004,0.989,
2020,520008,0.9983,
2020,520009,0.9986,
2020,520011,0.9988,
2020,520013,0.9992,
2020,520017,0.9978,
2020,520019,0.998,
2020,520021,0.9844,
2020,520027,0.9984,
2020,520028,0.9993,
2020,520030,0.9955,
2020,520033,1.0,
2020,520034,1.0,
2020,520035,1.0,
2020,520037,0.9912,
2020,520038,1.0,
2020,520041,0.9919,
2020,520044,0.9948,
2020,520045,0.9976,
2020,520049,0.9994,
2020,520051,0.9965,
2020,520057,0.9974,
2020,520059,0.9985,
2020,520062,0.9961,
2020,520063,1.0,
2020,520066,0.9976,
2020,520070,1.0,
2020,520071,1.0,
2020,520075,0.9994,
2020,520076,1.0,
2020,520078,0.998,
2020,520083,0.996,
2020,520087,0.9999,
2020,520088,0.9964,
2020,520089,0.9981,
2020,520091,0.9972,
2020,520095,1.0,
2020,520096,0.9923,
2020,520097,0.9822,
2020,520098,0.9991,
2020,520100,0.9942,
2020,520102,1.0,
2020,520103,0.992,
2020,520107,0.9912,
2020,520109,0.9994,
2020,520113,0.9956,
2020,520116,0.997,
2020,520136,1.0,
2020,520138,0.9999,
2020,520139,0.9994,
2020,520160,1.0,
2020,520177,0.999,
2020,520189,0.989,
2020,520193,0.9986,
2020,520194,1.0,
2020,520196,1.0,
2020,520198,0.9895,
2020,520202,0.9923,
2020,520205,1.0,
2020,520206,0.999,
2020,520207,0.9856,
2020,520208,0.9983,
2020,530002,0.9938,
2020,530006,0.9979,
2020,530008,1.0,
2020,530011,0.9985,
2020,530012,0.9886,
2020,530014,0.9933,
2020,530015,0.97,
2020,530025,0.9983,
2020,530032,0.9872,
2020,670004,0.9893,
2020,670005,0.97,
2020,670006,0.97,
2020,670008,0.97,
2020,670023,0.9924,
2020,670025,1.0,
2020,670031,0.998,
2020,670034,0.9942,
2020,670041,0.9952,
2020,670043,0.9853,
2020,670044,0.9959,
2020,670046,0.9928,
2020,670047,0.9965,
2020,670049,1.0,
2020,670053,0.9987,
2020,670054,1.0,
2020,670055,0.9896,
2020,670056,0.9975,
2020,670059,0.97,
2020,670060,0.9994,
2020,670061,1.0,
2020,670062,1.0,
2020,670067,1.0,
2020,670068,0.9818,
2020,670069,0.97,
2020,670071,0.9982,
2020,670073,1.0,
2020,670075,0.9934,
2020,670076,1.0,
2020,670077,0.9946,
2020,670078,1.0,
2020,670080,0.9996,
2020,670082,0.9962,
2020,670085,0.9915,
2020,670087,1.0,
2020,670088,0.9998,
2020,670090,0.9971,
2020,670093,1.0,
2020,670095,1.0,
2020,670098,0.9832,
2020,670099,1.0,
2020,670102,1.0,
2020,670103,0.9889,
2020,670106,0.9997,
2020,670107,1.0,
2020,670108,0.9971,
2020,670109,1.0,
2020,670110,1.0,
2020,670112,0.9722,
2020,670115,1.0,
2020,670116,1.0,
2020,670117,1.0,
2020,670118,1.0,
2020,670119,0.9748,
2020,670120,0.9936,
2020,670122,0.9783,
2020,670124,1.0,
2021,010001,0.9864,
2021,010005,0.999,
2021,010006,0.9905,
2021,010007,0.9918,
2021,010008,1.0,
2021,010011,0.9925,
2021,010012,0.9932,
2021,010016,0.9971,
2021,010019,0.9832,
2021,010021,1.0,
2021,010022,0.9984,
2021,010023,0.9966,
2021,010024,0.9838,
2021,010029,0.9829,
2021,010033,0.9944,
2021,010034,0.9989,
2021,010035,0.9862,
2021,010036,0.9968,
2021,010038,0.9868,
2021,010039,0.9884,
2021,010040,0.984,
2021,010044,1.0,
2021,010045,1.0,
2021,010046,0.9859,
2021,010049,0.9968,
2021,010051,1.0,
2021,010052,0.9978,
2021,010055,0.9937,
2021,010056,0.9875,
2021,010058,1.0,
2021,010059,0.9937,
2021,010061,0.9963,
2021,010062,0.9991,
2021,010065,0.9956,
2021,010069,0.9943,
2021,010073,1.0,
2021,010078,0.986,
2021,010079,0.9964,
2021,010083,0.9888,
2021,010085,0.9864,
2021,010086,1.0,
2021,010087,0.9998,
2021,010089,0.9976,
2021,010090,0.9948,
2021,010091,0.9989,
2021,010092,0.9904,
2021,010095,1.0,
2021,010097,1.0,
2021,010099,0.996,
2021,010100,0.9884,
2021,010101,0.9969,
2021,010102,1.0,
2021,010103,0.995,
2021,010104,0.9711,
2021,010108,0.9982,
2021,010109,1.0,
2021,010110,1.0,
2021,010112,0.9994,
2021,010113,0.9922,
2021,010114,0.9989,
2021,010118,0.9966,
2021,010120,0.9967,
2021,010125,1.0,
2021,010126,0.9932,
2021,010128,0.9931,
2021,010129,0.992,
2021,010130,0.9981,
2021,010131,0.984,
2021,010138,1.0,
2021,010139,0.9803,
2021,010144,0.9891,
2021,010148,0.9829,
2021,010149,0.9996,
2021,010150,0.9955,
2021,010157,0.9929,
2021,010158,0.9949,
2021,010164,0.9975,
2021,010168,1.0,
2021,010169,0.9928,
2021,010173,0.998,
2021,020001,1.0,
2021,020006,0.9975,
2021,020008,1.0,
2021,020012,1.0,
2021,020017,0.9995,
2021,020018,1.0,
2021,020024,0.9802,
2021,020026,0.9988,
2021,030002,0.9991,
2021,030006,0.9992,
2021,030007,0.9969,
2021,030010,0.9996,
2021,030011,0.9993,
2021,030012,0.9813,
2021,030013,0.9994,
2021,030014,0.9984,
2021,030016,0.9906,
2021,030022,1.0,
2021,030023,0.9989,
2021,030024,0.9986,
2021,030030,1.0,
2021,030036,0.9963,
2021,030037,0.9997,
2021,030038,0.9996,
2021,030043,0.9818,
2021,030055,0.9877,
2021,030061,0.9977,
2021,030062,1.0,
2021,030064,1.0,
2021,030065,0.9992,
2021,030068,0.9991,
2021,030069,0.9769,
2021,030071,1.0,
2021,030073,0.997,
2021,030074,1.0,
2021,030077,1.0,
2021,030078,1.0,
2021,030083,0.9884,
2021,030084,0.9991,
2021,030085,0.9882,
2021,030087,0.9943,
2021,030088,1.0,
2021,030089,0.9999,
2021,030092,0.9968,
2021,030093,0.9982,
2021,030094,0.9959,
2021,030101,0.9949,
2021,030103,0.9976,
2021,030105,0.9983,
2021,030107,1.0,
2021,030108,1.0,
2021,030110,0.9953,
2021,030111,0.9997,
2021,030112,0.9748,
2021,030113,1.0,
2021,030114,0.9784,
2021,030115,0.9984,
2021,030117,0.9925,
2021,030119,0.997,
2021,030121,0.9944,
2021,030122,0.9996,
2021,030123,0.9975,
2021,030130,1.0,
2021,030131,1.0,
2021,030134,1.0,
2021,030136,1.0,
2021,030137,0.9977,
2021,030138,1.0,
2021,030139,1.0,
2021,040001,1.0,
2021,040002,0.9859,
2021,040004,0.9995,
2021,040007,0.9927,
2021,040010,0.9936,
2021,040011,0.9876,
2021,040014,0.9993,
2021,040015,0.997,
2021,040016,0.9955,
2021,040017,0.995,
2021,040018,0.9975,
2021,040019,0.9978,
2021,040020,0.9843,
2021,040022,0.9904,
2021,040026,0.9928,
2021,040027,0.9879,
2021,040029,0.9874,
2021,040036,0.9927,
2021,040039,0.9836,
2021,040041,0.9935,
2021,040047,0.9877,
2021,040050,0.9986,
2021,040051,0.9957,
2021,040055,0.9914,
2021,040062,0.9924,
2021,040067,0.9997,
2021,040069,0.9929,
2021,040071,0.9857,
2021,040072,0.9958,
2021,040074,0.9943,
2021,040076,0.9932,
2021,040078,0.9823,
2021,040084,0.9927,
2021,040085,0.9955,
2021,040088,0.9998,
2021,040114,0.9908,
2021,040118,0.97,
2021,040119,1.0,
2021,040134,0.9757,
2021,040137,0.9958,
2021,040147,1.0,
2021,040152,1.0,
2021,040153,0.9909,
2021,040154,0.9985,
2021,040156,1.0,
2021,050002,0.9752,
2021,050006,0.9991,
2021,050007,0.9998,
2021,050008,1.0,
2021,050009,0.9985,
2021,050013,0.9981,
2021,050014,0.9999,
2021,050017,0.9999,
2021,050022,0.9889,
2021,050024,0.9991,
2021,050025,0.9991,
2021,050026,0.9935,
2021,050028,1.0,
2021,050030,0.97,
2021,050036,0.9967,
2021,050038,0.9996,
2021,050039,0.985,
2021,050040,0.9968,
2021,050042,1.0,
2021,050043,0.9987,
2021,050045,0.9955,
2021,050047,0.9981,
2021,050054,0.999,
2021,050055,0.999,
2021,050056,0.9948,
2021,050057,0.9962,
2021,050058,0.9945,
2021,050060,0.9905,
2021,050063,0.9839,
2021,050067,0.9996,
2021,050069,0.9959,
2021,050070,1.0,
2021,050071,1.0,
2021,050072,1.0,
2021,050073,0.9979,
2021,050075,0.999,
2021,050076,1.0,
2021,050077,0.9932,
2021,050078,0.9995,
2021,050082,0.9946,
2021,050084,0.9883,
2021,050089,0.9946,
2021,050090,1.0,
2021,050091,0.998,
2021,050093,0.996,
2021,050096,1.0,
2021,050099,0.9931,
2021,050100,0.9985,
2021,050101,0.9891,
2021,050102,0.9839,
2021,050103,0.9971,
2021,050104,0.9984,
2021,050107,0.9994,
2021,050108,0.9997,
2021,050110,0.9974,
2021,050112,0.998,
2021,050113,1.0,
2021,050115,0.9994,
2021,050116,0.9961,
2021,050118,0.9921,
2021,050121,0.9911,
2021,050122,0.9932,
2021,050124,0.9868,
2021,050125,0.9793,
2021,050126,0.9968,
2021,050127,0.9893,
2021,050128,1.0,
2021,050129,0.9908,
2021,050131,0.9977,
2021,050132,0.9996,
2021,050133,0.995,
2021,050135,0.9921,
2021,050136,0.9929,
2021,050137,1.0,
2021,050138,0.9993,
2021,050139,0.9998,
2021,050140,1.0,
2021,050145,0.9993,
2021,050149,0.9985,
2021,050150,0.9997,
2021,050152,0.9971,
2021,050158,0.9928,
2021,050159,0.9967,
2021,050167,0.9982,
2021,050168,1.0,
2021,050169,0.9842,
2021,050174,1.0,
2021,050179,0.97,
2021,050180,0.9929,
2021,050189,1.0,
2021,050191,0.9972,
2021,050192,0.9996,
2021,050194,0.9912,
2021,050195,0.9808,
2021,050197,1.0,
2021,050204,0.9894,
2021,050205,1.0,
2021,050211,0.9969,
2021,050222,0.995,
2021,050224,0.9938,
2021,050225,1.0,
2021,050226,0.9996,
2021,050228,0.9991,
2021,050230,0.9999,
2021,050231,0.9957,
2021,050232,0.9982,
2021,050234,1.0,
2021,050235,0.9933,
2021,050236,0.9936,
2021,050238,0.9984,
2021,050239,0.994,
2021,050242,0.9931,
2021,050243,0.9994,
2021,050245,0.998,
2021,050248,0.9976,
2021,050254,0.9985,
2021,050257,1.0,
2021,050261,0.9985,
2021,050262,0.9975,
2021,050272,1.0,
2021,050276,1.0,
2021,050278,0.9971,
2021,050279,1.0,
2021,050280,0.9995,
2021,050281,0.9993,
2021,050283,0.9986,
2021,050289,0.9944,
2021,050290,0.9968,
2021,050291,1.0,
2021,050292,1.0,
2021,050295,0.9993,
2021,050296,0.9948,
2021,050298,1.0,
2021,050300,0.9918,
2021,050301,1.0,
2021,050305,1.0,
2021,050308,0.997,
2021,050309,1.0,
2021,050313,0.9974,
2021,050315,0.9999,
2021,050320,0.9967,
2021,050324,0.9998,
2021,050327,0.9971,
2021,050329,1.0,
2021,050334,0.9959,
2021,050335,0.9902,
2021,050336,0.9931,
2021,050342,0.9965,
2021,050348,0.9986,
2021,050350,0.9934,
2021,050351,0.9879,
2021,050352,0.9995,
2021,050353,0.9853,
2021,050357,1.0,
2021,050360,0.9948,
2021,050367,0.9914,
2021,050373,0.9997,
2021,050376,0.9974,
2021,050378,0.9996,
2021,050380,0.9861,
2021,050382,0.9889,
2021,050390,0.9888,
2021,050393,0.9867,
2021,050394,0.9991,
2021,050396,0.9998,
2021,050397,1.0,
2021,050407,0.9996,
2021,050411,1.0,
2021,050414,0.9764,
2021,050417,0.9998,
2021,050423,1.0,
2021,050424,0.9998,
2021,050425,0.9995,
2021,050426,0.9971,
2021,050438,0.9967,
2021,050441,1.0,
2021,050444,0.9716,
2021,050454,0.9947,
2021,050455,0.9992,
2021,050457,0.9995,
2021,050464,0.985,
2021,050468,0.9979,
2021,050471,0.9964,
2021,050481,0.9766,
2021,050485,0.9979,
2021,050488,0.9967,
2021,050492,0.9947,
2021,050496,1.0,
2021,050498,1.0,
2021,050502,0.9933,
2021,050503,0.9996,
2021,050506,0.9995,
2021,050510,1.0,
2021,050512,1.0,
2021,050515,0.9997,
2021,050516,0.9962,
2021,050517,0.9942,
2021,050523,0.9952,
2021,050526,0.9992,
2021,050528,0.9996,
2021,050534,0.9992,
2021,050537,1.0,
2021,050541,1.0,
2021,050546,1.0,
2021,050547,1.0,
2021,050548,1.0,
2021,050549,0.9929,
2021,050551,0.9899,
2021,050557,0.9976,
2021,050561,1.0,
2021,050567,0.9957,
2021,050568,0.9994,
2021,050570,0.9986,
2021,050573,0.9994,
2021,050580,0.9996,
2021,050581,0.996,
2021,050586,0.9992,
2021,050588,0.9803,
2021,050589,0.9944,
2021,050590,0.9835,
2021,050597,0.9923,
2021,050599,0.9985,
2021,050603,1.0,
2021,050604,0.9999,
2021,050608,0.9967,
2021,050609,1.0,
2021,050616,0.9899,
2021,050624,0.9944,
2021,050625,0.9992,
2021,050633,0.9961,
2021,050636,0.9998,
2021,050641,0.999,
2021,050663,0.9999,
2021,050668,1.0,
2021,050674,0.9963,
2021,050677,1.0,
2021,050678,0.9992,
2021,050684,0.9992,
2021,050686,1.0,
2021,050689,0.9945,
2021,050690,1.0,
2021,050696,0.9988,
2021,050697,1.0,
2021,050701,0.9922,
2021,050704,1.0,
2021,050708,1.0,
2021,050709,0.9824,
2021,050710,1.0,
2021,050714,0.97,
2021,050717,0.9882,
2021,050723,1.0,
2021,050724,0.9983,
2021,050726,1.0,
2021,050735,0.9995,
2021,050736,0.9958,
2021,050737,0.9915,
2021,050738,1.0,
2021,050739,0.9852,
2021,050740,0.9939,
2021,050742,0.9884,
2021,050744,0.9964,
2021,050745,0.9776,
2021,050746,0.9944,
2021,050747,0.9969,
2021,050748,1.0,
2021,050755,0.9806,
2021,050757,0.9993,
2021,050758,1.0,
2021,050760,0.9991,
2021,050761,0.9919,
2021,050763,1.0,
2021,050764,0.9927,
2021,050765,1.0,
2021,050766,0.9993,
2021,050767,1.0,
2021,050769,1.0,
2021,050770,0.9857,
2021,050771,0.9972,
2021,050772,0.9998,
2021,050775,0.986,
2021,050776,1.0,
2021,050777,1.0,
2021,050779,0.9938,
2021,050780,0.9973,
2021,050782,0.9944,
2021,050783,0.9964,
2021,050784,1.0,
2021,060001,0.9993,
2021,060003,0.9842,
2021,060004,0.9925,
2021,060006,0.9999,
2021,060008,0.9917,
2021,060009,0.9997,
2021,060010,0.9989,
2021,060011,0.9989,
2021,060012,0.9998,
2021,060013,1.0,
2021,060014,0.9955,
2021,060015,0.9992,
2021,060020,0.9985,
2021,060022,0.9992,
2021,060023,0.999,
2021,060024,0.9975,
2021,060027,0.991,
2021,060028,0.9987,
2021,060030,0.9942,
2021,060031,1.0,
2021,060032,0.9995,
2021,060034,0.9972,
2021,060044,1.0,
2021,060049,1.0,
2021,060054,1.0,
2021,060064,0.9995,
2021,060065,0.9995,
2021,060071,1.0,
2021,060075,0.9999,
2021,060076,0.9965,
2021,060096,0.9996,
2021,060100,0.9944,
2021,060103,0.9998,
2021,060104,0.9949,
2021,060112,0.9997,
2021,060113,0.9981,
2021,060114,0.9922,
2021,060116,1.0,
2021,060117,1.0,
2021,060118,0.9949,
2021,060119,1.0,
2021,060124,1.0,
2021,060125,0.9908,
2021,060126,0.9974,
2021,060128,0.999,
2021,060129,1.0,
2021,060130,1.0,
2021,070002,0.995,
2021,070003,0.9973,
2021,070004,1.0,
2021,070005,0.9801,
2021,070006,0.9993,
2021,070007,0.9976,
2021,070008,0.9934,
2021,070010,0.9738,
2021,070011,0.9964,
2021,070012,0.9798,
2021,070016,0.9933,
2021,070017,0.9972,
2021,070018,0.9921,
2021,070020,0.9912,
2021,070021,0.9971,
2021,070022,0.993,
2021,070024,0.9971,
2021,070025,0.991,
2021,070027,0.9711,
2021,070028,0.9928,
2021,070029,0.9804,
2021,070031,0.9967,
2021,070033,0.9961,
2021,070034,0.9908,
2021,070035,0.9945,
2021,070036,0.9922,
2021,070039,1.0,
2021,070040,1.0,
2021,080001,0.9983,
2021,080003,0.9991,
2021,080004,0.9823,
2021,080006,0.9916,
2021,080007,0.9942,
2021,080009,0.9986,
2021,090001,0.9936,
2021,090003,0.9967,
2021,090004,0.9992,
2021,090005,0.9915,
2021,090008,0.9983,
2021,090011,0.9979,
2021,100001,0.9972,
2021,100002,0.9985,
2021,100006,0.9796,
2021,100007,0.9858,
2021,100008,0.9982,
2021,100012,0.9946,
2021,100014,0.9912,
2021,100017,0.9993,
2021,100018,1.0,
2021,100019,0.9939,
2021,100022,0.9949,
2021,100023,0.9947,
2021,100025,0.9984,
2021,100026,0.9957,
2021,100028,0.9975,
2021,100029,0.9909,
2021,100030,0.9906,
2021,100032,0.9911,
2021,100034,0.9959,
2021,100035,0.9828,
2021,100038,0.9953,
2021,100039,0.9921,
2021,100040,0.9748,
2021,100043,0.9992,
2021,100044,0.9801,
2021,100045,0.9885,
2021,100046,0.9972,
2021,100047,0.9933,
2021,100048,0.9965,
2021,100049,0.9805,
2021,100050,0.9869,
2021,100051,0.986,
2021,100052,0.9971,
2021,100053,0.9986,
2021,100054,0.9748,
2021,100055,0.9966,
2021,100057,0.9919,
2021,100062,0.9901,
2021,100063,0.9973,
2021,100067,0.9989,
2021,100068,0.9886,
2021,100069,0.9978,
2021,100070,0.9972,
2021,100071,0.9945,
2021,100072,0.9816,
2021,100073,0.9995,
2021,100075,0.9983,
2021,100077,0.9733,
2021,100080,0.9918,
2021,100081,0.9983,
2021,100084,0.9926,
2021,100086,0.9973,
2021,100087,1.0,
2021,100088,0.9929,
2021,100090,0.99,
2021,100092,0.9895,
2021,100093,0.9995,
2021,100099,0.9853,
2021,100102,0.9865,
2021,100105,0.9997,
2021,100106,0.9896,
2021,100107,0.9967,
2021,100109,0.9976,
2021,100110,0.9837,
2021,100113,0.9929,
2021,100117,0.994,
2021,100118,0.9798,
2021,100121,0.9832,
2021,100122,0.9976,
2021,100124,0.9867,
2021,100125,1.0,
2021,100126,0.97,
2021,100127,0.9993,
2021,100128,0.9971,
2021,100130,0.9942,
2021,100131,0.9887,
2021,100132,0.9993,
2021,100134,0.9947,
2021,100135,0.9987,
2021,100137,0.9867,
2021,100140,0.9924,
2021,100142,0.9897,
2021,100150,0.9991,
2021,100151,0.9944,
2021,100154,0.9956,
2021,100156,0.9729,
2021,100157,0.9747,
2021,100161,0.9906,
2021,100166,0.9976,
2021,100167,0.9941,
2021,100168,0.9848,
2021,100173,0.9911,
2021,100175,0.9931,
2021,100176,0.9836,
2021,100177,0.9982,
2021,100179,0.9839,
2021,100180,0.9912,
2021,100181,0.9994,
2021,100183,0.9985,
2021,100187,0.9987,
2021,100189,0.9896,
2021,100191,0.9886,
2021,100200,0.9922,
2021,100204,0.9781,
2021,100206,0.9905,
2021,100209,0.9866,
2021,100211,1.0,
2021,100212,0.9935,
2021,100213,0.9896,
2021,100217,0.9953,
2021,100220,0.9967,
2021,100223,0.9867,
2021,100224,0.9823,
2021,100226,0.9921,
2021,100228,0.9882,
2021,100230,0.9969,
2021,100231,0.9746,
2021,100232,0.9796,
2021,100236,0.9823,
2021,100238,0.9813,
2021,100242,0.9851,
2021,100243,0.9856,
2021,100244,0.9901,
2021,100246,0.9776,
2021,100248,0.9849,
2021,100249,0.9961,
2021,100252,0.9749,
2021,100253,0.9981,
2021,100254,0.9847,
2021,100256,0.9857,
2021,100258,0.9961,
2021,100259,0.9801,
2021,100260,0.97,
2021,100264,0.9802,
2021,100265,1.0,
2021,100266,0.9827,
2021,100267,0.9923,
2021,100268,0.9872,
2021,100269,0.9922,
2021,100275,0.9845,
2021,100276,0.9922,
2021,100277,1.0,
2021,100281,0.9959,
2021,100284,0.9843,
2021,100285,1.0,
2021,100286,0.9886,
2021,100287,0.997,
2021,100288,0.9982,
2021,100289,0.9978,
2021,100290,0.9944,
2021,100291,0.9824,
2021,100292,0.9982,
2021,100296,0.9987,
2021,100299,0.9989,
2021,100302,0.9965,
2021,100307,0.9898,
2021,100313,0.9979,
2021,100314,0.9946,
2021,100315,0.9968,
2021,100316,1.0,
2021,100319,0.9879,
2021,100320,0.9863,
2021,100321,0.9961,
2021,100329,0.9986,
2021,110001,0.9959,
2021,110002,0.9972,
2021,110003,0.9898,
2021,110005,0.9997,
2021,110006,0.9769,
2021,110007,0.9944,
2021,110008,0.9878,
2021,110010,0.9986,
2021,110011,0.9877,
2021,110015,0.9941,
2021,110016,0.9931,
2021,110018,0.9919,
2021,110023,0.9949,
2021,110024,0.9963,
2021,110025,0.9816,
2021,110027,0.9905,
2021,110028,0.9904,
2021,110029,0.9906,
2021,110030,0.9787,
2021,110031,0.9945,
2021,110032,1.0,
2021,110034,0.9979,
2021,110035,0.9947,
2021,110036,0.9931,
2021,110038,0.9899,
2021,110040,0.9977,
2021,110041,0.9986,
2021,110042,0.9909,
2021,110043,0.996,
2021,110044,0.9946,
2021,110045,1.0,
2021,110046,0.9972,
2021,110050,0.9995,
2021,110051,0.9887,
2021,110054,0.9839,
2021,110064,0.9983,
2021,110069,0.9801,
2021,110071,0.9988,
2021,110073,0.9948,
2021,110074,0.9973,
2021,110075,0.995,
2021,110076,0.9948,
2021,110078,0.9957,
2021,110079,0.9953,
2021,110082,0.9959,
2021,110083,0.9962,
2021,110086,0.9997,
2021,110087,0.9971,
2021,110089,0.9869,
2021,110091,0.9991,
2021,110092,1.0,
2021,110095,0.9952,
2021,110100,1.0,
2021,110101,0.9997,
2021,110104,0.9989,
2021,110105,0.9859,
2021,110107,0.9906,
2021,110109,1.0,
2021,110111,1.0,
2021,110113,1.0,
2021,110115,0.9962,
2021,110121,0.9977,
2021,110122,0.9963,
2021,110124,0.9753,
2021,110125,0.9977,
2021,110128,1.0,
2021,110129,0.9998,
2021,110130,1.0,
2021,110132,1.0,
2021,110135,0.9999,
2021,110142,0.9985,
2021,110143,0.9894,
2021,110146,0.9726,
2021,110150,0.9979,
2021,110153,0.97,
2021,110161,0.9984,
2021,110164,0.9783,
2021,110165,0.996,
2021,110168,0.9863,
2021,110177,0.9948,
2021,110184,0.9988,
2021,110189,0.9847,
2021,110191,0.9939,
2021,110192,0.9941,
2021,110194,0.9984,
2021,110198,0.9832,
2021,110200,0.9837,
2021,110201,0.9798,
2021,110215,0.9868,
2021,110225,0.9936,
2021,110226,0.9966,
2021,110229,0.9916,
2021,110230,0.9925,
2021,110233,0.9996,
2021,110234,1.0,
2021,110236,1.0,
2021,120001,0.9994,
2021,120002,0.9999,
2021,120004,1.0,
2021,120005,0.999,
2021,120006,0.996,
2021,120007,0.9998,
2021,120011,0.9982,
2021,120014,0.9979,
2021,120019,0.9981,
2021,120022,0.9999,
2021,120026,1.0,
2021,120028,0.9948,
2021,130002,1.0,
2021,130003,0.9999,
2021,130006,0.9984,
2021,130007,1.0,
2021,130013,0.9944,
2021,130014,0.9939,
2021,130018,0.9984,
2021,130025,1.0,
2021,130028,0.9992,
2021,130049,1.0,
2021,130063,1.0,
2021,130065,1.0,
2021,130066,1.0,
2021,130071,0.9998,
2021,140001,0.9927,
2021,140002,0.9786,
2021,140007,0.9901,
2021,140008,0.9982,
2021,140010,0.9937,
2021,140011,0.9803,
2021,140012,1.0,
2021,140013,0.9983,
2021,140015,0.9915,
2021,140018,0.9961,
2021,140019,1.0,
2021,140029,0.9938,
2021,140030,0.9965,
2021,140032,0.9916,
2021,140034,1.0,
2021,140040,0.9932,
2021,140043,0.9936,
2021,140046,0.9938,
2021,140048,0.9946,
2021,140049,0.9922,
2021,140052,0.9923,
2021,140053,0.9973,
2021,140054,0.9939,
2021,140058,1.0,
2021,140059,0.9992,
2021,140062,0.9712,
2021,140063,0.9944,
2021,140064,0.9875,
2021,140065,0.9987,
2021,140067,0.9816,
2021,140068,0.9992,
2021,140077,1.0,
2021,140080,0.9984,
2021,140082,0.9957,
2021,140083,0.9984,
2021,140084,0.9839,
2021,140088,0.9987,
2021,140089,0.993,
2021,140091,0.9894,
2021,140093,0.9775,
2021,140095,0.9989,
2021,140100,1.0,
2021,140101,0.9953,
2021,140103,0.9936,
2021,140110,0.9995,
2021,140113,0.9821,
2021,140114,0.9879,
2021,140115,0.9994,
2021,140116,0.9984,
2021,140117,0.9947,
2021,140119,0.9931,
2021,140120,0.9772,
2021,140122,0.9992,
2021,140124,0.9977,
2021,140125,0.9908,
2021,140127,0.9955,
2021,140130,0.9753,
2021,140133,0.9917,
2021,140135,0.9976,
2021,140137,0.9994,
2021,140143,0.9771,
2021,140145,1.0,
2021,140147,0.9969,
2021,140148,0.9919,
2021,140150,0.9953,
2021,140155,1.0,
2021,140158,0.9887,
2021,140160,0.9821,
2021,140161,0.9824,
2021,140162,0.993,
2021,140164,0.978,
2021,140166,0.978,
2021,140167,0.9999,
2021,140172,0.9834,
2021,140174,0.9978,
2021,140177,0.9994,
2021,140179,0.9921,
2021,140180,0.9976,
2021,140181,0.9997,
2021,140182,0.9979,
2021,140184,0.9972,
2021,140185,0.9914,
2021,140186,0.9792,
2021,140187,0.9954,
2021,140189,0.97,
2021,140191,0.9943,
2021,140197,1.0,
2021,140200,0.9959,
2021,140202,0.9988,
2021,140206,0.9945,
2021,140208,0.98,
2021,140209,0.9959,
2021,140210,0.9992,
2021,140211,0.999,
2021,140213,0.9996,
2021,140217,0.9985,
2021,140223,0.9977,
2021,140224,0.9978,
2021,140228,0.9959,
2021,140231,0.9973,
2021,140233,0.9742,
2021,140234,0.9996,
2021,140239,0.9935,
2021,140240,0.999,
2021,140242,0.999,
2021,140250,0.9966,
2021,140251,0.9957,
2021,140252,0.9993,
2021,140258,1.0,
2021,140275,0.9937,
2021,140276,0.9947,
2021,140280,0.9897,
2021,140281,0.9972,
2021,140286,0.9915,
2021,140288,0.9969,
2021,140289,0.9966,
2021,140290,0.9985,
2021,140291,0.9991,
2021,140292,0.9987,
2021,140294,0.9956,
2021,140300,1.0,
2021,140304,0.9863,
2021,140307,0.9905,
2021,150001,1.0,
2021,150002,0.9866,
2021,150004,0.9937,
2021,150005,0.9996,
2021,150006,0.9915,
2021,150007,0.9946,
2021,150008,0.9972,
2021,150009,0.9916,
2021,150010,1.0,
2021,150011,0.9984,
2021,150012,1.0,
2021,150015,0.9944,
2021,150017,1.0,
2021,150018,0.9981,
2021,150021,0.9997,
2021,150022,1.0,
2021,150023,0.9917,
2021,150024,1.0,
2021,150026,1.0,
2021,150030,0.97,
2021,150034,0.9715,
2021,150035,0.9939,
2021,150037,0.9997,
2021,150042,0.9927,
2021,150044,0.9976,
2021,150045,0.9883,
2021,150046,0.9879,
2021,150047,1.0,
2021,150048,0.9965,
2021,150051,1.0,
2021,150056,0.9979,
2021,150057,1.0,
2021,150058,0.9994,
2021,150059,0.9992,
2021,150061,0.9993,
2021,150065,1.0,
2021,150069,0.9968,
2021,150072,1.0,
2021,150074,0.9897,
2021,150075,0.9918,
2021,150076,1.0,
2021,150082,0.9926,
2021,150084,0.9997,
2021,150086,0.9918,
2021,150088,0.9988,
2021,150089,0.999,
2021,150090,0.9965,
2021,150091,0.9958,
2021,150097,0.9979,
2021,150100,0.9986,
2021,150101,0.9982,
2021,150102,0.9997,
2021,150104,0.9846,
2021,150109,1.0,
2021,150112,0.9996,
2021,150113,0.9919,
2021,150115,1.0,
2021,150125,0.9753,
2021,150126,0.9933,
2021,150128,0.9954,
2021,150133,0.9974,
2021,150146,0.9991,
2021,150150,0.9944,
2021,150153,1.0,
2021,150157,0.9984,
2021,150158,0.9981,
2021,150160,0.9889,
2021,150161,1.0,
2021,150162,0.999,
2021,150165,0.9929,
2021,150166,0.9972,
2021,150167,1.0,
2021,150168,1.0,
2021,150169,0.992,
2021,150172,1.0,
2021,150173,0.9967,
2021,150177,0.9959,
2021,150181,0.9988,
2021,150183,0.9939,
2021,160001,0.9994,
2021,160005,1.0,
2021,160008,1.0,
2021,160013,1.0,
2021,160016,0.9998,
2021,160028,0.9998,
2021,160029,0.9985,
2021,160030,0.9998,
2021,160032,0.9949,
2021,160033,0.9948,
2021,160040,0.9997,
2021,160045,0.9995,
2021,160047,0.9953,
2021,160057,0.9886,
2021,160058,1.0,
2021,160064,0.9975,
2021,160067,1.0,
2021,160069,0.9977,
2021,160079,0.9962,
2021,160080,0.9971,
2021,160082,0.9989,
2021,160083,0.993,
2021,160089,0.9973,
2021,160101,0.9984,
2021,160104,0.9799,
2021,160110,0.9964,
2021,160112,0.9953,
2021,160117,0.9953,
2021,160122,1.0,
2021,160124,1.0,
2021,160146,1.0,
2021,160147,0.9981,
2021,160153,0.9991,
2021,170006,0.9963,
2021,170009,0.9897,
2021,170012,0.9964,
2021,170013,0.999,
2021,170014,0.9985,
2021,170016,0.9987,
2021,170017,0.9911,
2021,170020,0.9941,
2021,170023,0.9939,
2021,170027,1.0,
2021,170039,0.9998,
2021,170040,0.9967,
2021,170049,0.9831,
2021,170068,0.9948,
2021,170074,0.9957,
2021,170075,1.0,
2021,170086,0.9864,
2021,170103,0.9999,
2021,170104,0.997,
2021,170105,0.9998,
2021,170109,0.9944,
2021,170110,0.9951,
2021,170120,0.9991,
2021,170122,0.9971,
2021,170123,1.0,
2021,170133,0.9812,
2021,170137,0.9973,
2021,170142,0.9982,
2021,170145,0.9982,
2021,170146,0.97,
2021,170150,1.0,
2021,170166,0.9987,
2021,170175,0.9955,
2021,170176,0.9877,
2021,170182,0.974,
2021,170183,1.0,
2021,170185,0.9914,
2021,170186,0.9959,
2021,170187,1.0,
2021,170188,1.0,
2021,170190,1.0,
2021,170191,0.999,
2021,170194,1.0,
2021,170196,1.0,
2021,170197,1.0,
2021,170198,1.0,
2021,170200,0.9914,
2021,170203,1.0,
2021,180001,0.9906,
2021,180002,0.97,
2021,180004,0.9971,
2021,180005,0.974,
2021,180009,0.9904,
2021,180010,0.9917,
2021,180011,0.9975,
2021,180012,0.9984,
2021,180013,0.9855,
2021,180016,0.9994,
2021,180017,0.9983,
2021,180018,0.9901,
2021,180019,1.0,
2021,180020,1.0,
2021,180024,0.9973,
2021,180025,1.0,
2021,180027,0.9912,
2021,180029,0.97,
2021,180035,0.9928,
2021,180036,0.9856,
2021,180038,0.9981,
2021,180040,0.9898,
2021,180043,0.9997,
2021,180044,0.9745,
2021,180045,0.9928,
2021,180046,0.9969,
2021,180048,0.9983,
2021,180049,0.9975,
2021,180050,0.97,
2021,180051,1.0,
2021,180056,0.9852,
2021,180064,1.0,
2021,180066,0.9971,
2021,180067,0.9971,
2021,180069,0.97,
2021,180070,0.9903,
2021,180078,0.9959,
2021,180079,0.9975,
2021,180080,0.9953,
2021,180087,0.9991,
2021,180088,0.9944,
2021,180092,0.9957,
2021,180093,0.9953,
2021,180095,0.9962,
2021,180101,0.9906,
2021,180102,0.9909,
2021,180103,0.9967,
2021,180104,0.9955,
2021,180105,0.9893,
2021,180106,0.9972,
2021,180115,0.9936,
2021,180116,0.9873,
2021,180124,0.97,
2021,180127,0.9879,
2021,180128,0.9866,
2021,180130,1.0,
2021,180132,0.9966,
2021,180138,0.9963,
2021,180139,0.9864,
2021,180141,1.0,
2021,180143,0.9801,
2021,180149,1.0,
2021,190002,0.9968,
2021,190004,0.9896,
2021,190005,0.9982,
2021,190006,1.0,
2021,190007,0.9988,
2021,190008,0.9835,
2021,190011,0.9954,
2021,190013,0.9914,
2021,190014,0.9911,
2021,190015,0.9908,
2021,190017,0.9962,
2021,190019,0.9975,
2021,190020,0.9884,
2021,190025,0.9981,
2021,190026,0.9943,
2021,190027,0.9984,
2021,190034,0.9991,
2021,190036,0.9931,
2021,190039,0.9977,
2021,190040,0.9895,
2021,190041,0.9885,
2021,190044,0.997,
2021,190045,0.9863,
2021,190046,1.0,
2021,190050,0.9876,
2021,190053,0.9967,
2021,190054,0.9932,
2021,190060,0.9955,
2021,190064,0.9997,
2021,190065,0.9951,
2021,190079,0.9926,
2021,190081,0.9918,
2021,190086,0.9955,
2021,190088,0.9999,
2021,190090,0.9929,
2021,190098,0.9988,
2021,190099,0.9926,
2021,190102,0.9928,
2021,190106,1.0,
2021,190111,0.9981,
2021,190114,1.0,
2021,190116,0.9866,
2021,190118,0.9988,
2021,190125,0.996,
2021,190133,1.0,
2021,190140,1.0,
2021,190144,0.9942,
2021,190145,0.9892,
2021,190146,0.9977,
2021,190151,0.9893,
2021,190160,0.983,
2021,190164,0.9942,
2021,190167,1.0,
2021,190176,0.9903,
2021,190183,0.9981,
2021,190184,0.9882,
2021,190190,0.9912,
2021,190201,0.986,
2021,190202,0.9989,
2021,190204,0.9949,
2021,190208,0.9941,
2021,190218,0.9974,
2021,190241,0.999,
2021,190245,1.0,
2021,190251,1.0,
2021,190255,1.0,
2021,190256,1.0,
2021,190259,0.9907,
2021,190263,0.97,
2021,190267,1.0,
2021,190270,0.9834,
2021,190274,0.9996,
2021,190278,1.0,
2021,190298,0.9949,
2021,190302,1.0,
2021,190303,0.9804,
2021,190308,0.9994,
2021,190312,0.9982,
2021,190313,0.9997,
2021,200001,0.9905,
2021,200008,1.0,
2021,200009,0.9994,
2021,200018,0.9852,
2021,200019,0.9972,
2021,200020,0.9975,
2021,200021,0.9992,
2021,200024,1.0,
2021,200031,0.9922,
2021,200033,0.9981,
2021,200034,0.9817,
2021,200037,1.0,
2021,200039,0.9917,
2021,200041,1.0,
2021,200050,0.9999,
2021,200052,1.0,
2021,200063,0.9988,
2021,220001,0.993,
2021,220002,0.9887,
2021,220008,0.97,
2021,220010,0.991,
2021,220011,0.999,
2021,220012,0.9874,
2021,220015,0.9973,
2021,220016,0.9939,
2021,220017,0.9947,
2021,220019,0.9862,
2021,220020,0.97,
2021,220024,0.9925,
2021,220029,0.97,
2021,220030,0.9871,
2021,220031,0.9965,
2021,220033,0.9851,
2021,220035,0.9902,
2021,220036,0.9777,
2021,220046,0.9995,
2021,220049,0.9869,
2021,220052,0.9951,
2021,220060,0.97,
2021,220063,0.9889,
2021,220065,0.9962,
2021,220066,0.9895,
2021,220070,0.974,
2021,220071,0.9983,
2021,220073,0.9865,
2021,220074,0.9724,
2021,220075,1.0,
2021,220077,0.9974,
2021,220080,0.9874,
2021,220083,0.9898,
2021,220084,1.0,
2021,220086,0.9832,
2021,220088,1.0,
2021,220090,0.9808,
2021,220095,0.9923,
2021,220098,0.9951,
2021,220100,0.9806,
2021,220101,0.9993,
2021,220105,0.9823,
2021,220108,0.97,
2021,220110,0.9969,
2021,220111,0.9778,
2021,220116,0.9952,
2021,220119,0.9844,
2021,220126,0.9799,
2021,220135,0.9996,
2021,220163,0.9948,
2021,220171,0.988,
2021,220175,0.9969,
2021,220176,0.9966,
2021,220177,0.9962,
2021,230002,0.9927,
2021,230003,1.0,
2021,230005,0.9996,
2021,230013,1.0,
2021,230015,0.999,
2021,230017,1.0,
2021,230019,0.9989,
2021,230020,0.9894,
2021,230021,0.9989,
2021,230022,0.997,
2021,230024,0.9881,
2021,230029,0.993,
2021,230030,0.9988,
2021,230031,0.9896,
2021,230035,0.9776,
2021,230036,0.9967,
2021,230037,1.0,
2021,230038,0.996,
2021,230041,0.9896,
2021,230046,0.9997,
2021,230047,0.9926,
2021,230053,0.9968,
2021,230054,0.9971,
2021,230055,1.0,
2021,230058,0.9925,
2021,230059,0.997,
2021,230066,1.0,
2021,230069,0.9986,
2021,230070,0.9931,
2021,230071,1.0,
2021,230072,0.9972,
2021,230075,0.9947,
2021,230077,0.995,
2021,230078,0.97,
2021,230080,0.9993,
2021,230081,1.0,
2021,230085,1.0,
2021,230089,0.9797,
2021,230092,0.9963,
2021,230093,1.0,
2021,230095,0.996,
2021,230096,0.9986,
2021,230097,0.9993,
2021,230099,0.9899,
2021,230100,0.9972,
2021,230104,0.99,
2021,230105,1.0,
2021,230108,0.9992,
2021,230110,0.9873,
2021,230117,1.0,
2021,230118,0.98,
2021,230121,0.9949,
2021,230130,0.9845,
2021,230132,0.9955,
2021,230133,0.9958,
2021,230141,0.9888,
2021,230142,0.9881,
2021,230146,0.9855,
2021,230151,0.9919,
2021,230156,1.0,
2021,230165,0.9877,
2021,230167,0.9967,
2021,230174,0.97,
2021,230176,0.9921,
2021,230180,0.9954,
2021,230193,0.9983,
2021,230195,0.9872,
2021,230197,0.9872,
2021,230207,0.992,
2021,230208,0.9916,
2021,230216,0.9852,
2021,230217,0.998,
2021,230222,0.9953,
2021,230227,0.9943,
2021,230230,0.9976,
2021,230236,1.0,
2021,230239,1.0,
2021,230241,0.9971,
2021,230244,0.979,
2021,230254,0.9781,
2021,230259,0.9999,
2021,230264,1.0,
2021,230269,0.9895,
2021,230270,0.9906,
2021,230273,0.9959,
2021,230277,0.9905,
2021,230297,1.0,
2021,230301,1.0,
2021,230302,0.9837,
2021,230303,1.0,
2021,240001,0.9993,
2021,240002,0.9999,
2021,240004,0.9993,
2021,240006,0.9936,
2021,240010,1.0,
2021,240014,0.9992,
2021,240018,1.0,
2021,240019,1.0,
2021,240020,0.9915,
2021,240022,1.0,
2021,240030,1.0,
2021,240036,0.9996,
2021,240038,0.9987,
2021,240040,1.0,
2021,240043,0.992,
2021,240044,0.9986,
2021,240047,0.9984,
2021,240050,0.9947,
2021,240052,0.9954,
2021,240053,0.999,
2021,240056,0.9987,
2021,240057,0.9993,
2021,240059,0.9975,
2021,240063,0.9979,
2021,240064,0.9983,
2021,240066,0.9983,
2021,240069,0.9978,
2021,240071,0.9992,
2021,240075,0.9985,
2021,240076,0.9989,
2021,240078,0.9965,
2021,240080,0.9996,
2021,240084,0.9957,
2021,240088,1.0,
2021,240093,0.9999,
2021,240100,0.9989,
2021,240101,0.9982,
2021,240104,0.9978,
2021,240106,0.9991,
2021,240115,0.9986,
2021,240141,1.0,
2021,240166,0.9998,
2021,240187,0.9984,
2021,240206,1.0,
2021,240207,0.9972,
2021,240210,0.9991,
2021,240213,0.9997,
2021,240214,0.9967,
2021,250001,0.9979,
2021,250002,0.9981,
2021,250004,0.9985,
2021,250006,0.9954,
2021,250007,0.9922,
2021,250009,0.9757,
2021,250012,0.9922,
2021,250017,1.0,
2021,250018,1.0,
2021,250019,0.9906,
2021,250020,0.9999,
2021,250025,0.9904,
2021,250027,0.9994,
2021,250031,0.9903,
2021,250034,0.9904,
2021,250036,0.9904,
2021,250038,0.9991,
2021,250040,0.9833,
2021,250042,0.9997,
2021,250043,0.9904,
2021,250044,0.9962,
2021,250048,0.9939,
2021,250049,0.9975,
2021,250050,0.9895,
2021,250057,0.991,
2021,250058,0.9823,
2021,250060,1.0,
2021,250061,0.9963,
2021,250067,0.9992,
2021,250069,0.9988,
2021,250072,0.995,
2021,250077,0.9961,
2021,250078,0.9901,
2021,250082,0.995,
2021,250084,0.9962,
2021,250085,0.9989,
2021,250093,0.9811,
2021,250094,0.9916,
2021,250095,0.9999,
2021,250096,0.9987,
2021,250097,0.9913,
2021,250099,0.9982,
2021,250100,0.9977,
2021,250102,0.9973,
2021,250104,0.9884,
2021,250117,0.9729,
2021,250123,0.9982,
2021,250124,1.0,
2021,250127,1.0,
2021,250128,0.993,
2021,250134,0.9968,
2021,250136,1.0,
2021,250138,0.9974,
2021,250141,0.9833,
2021,250162,0.9994,
2021,250167,0.9926,
2021,250168,0.9977,
2021,260001,0.981,
2021,260004,1.0,
2021,260005,0.9978,
2021,260006,0.9992,
2021,260009,0.9934,
2021,260011,0.9955,
2021,260017,1.0,
2021,260020,0.9934,
2021,260022,0.9983,
2021,260023,0.995,
2021,260024,0.9888,
2021,260025,0.991,
2021,260027,0.9958,
2021,260032,0.9958,
2021,260034,0.9991,
2021,260040,0.9937,
2021,260047,0.9935,
2021,260048,0.9996,
2021,260050,1.0,
2021,260052,0.9991,
2021,260057,0.9982,
2021,260059,0.9962,
2021,260061,1.0,
2021,260062,0.993,
2021,260064,0.994,
2021,260065,1.0,
2021,260068,1.0,
2021,260070,0.9969,
2021,260074,0.9969,
2021,260077,0.9781,
2021,260078,0.9933,
2021,260081,0.9924,
2021,260085,0.9947,
2021,260091,1.0,
2021,260094,0.9996,
2021,260095,0.9854,
2021,260096,0.9864,
2021,260097,0.9965,
2021,260102,0.9787,
2021,260104,0.9957,
2021,260105,0.9963,
2021,260108,0.9978,
2021,260110,0.995,
2021,260113,0.9973,
2021,260119,0.9848,
2021,260137,1.0,
2021,260138,0.9949,
2021,260141,0.9983,
2021,260142,0.9963,
2021,260160,0.9937,
2021,260162,0.9989,
2021,260163,0.996,
2021,260175,0.979,
2021,260176,0.9916,
2021,260177,0.9935,
2021,260179,0.9947,
2021,260180,0.9958,
2021,260183,1.0,
2021,260186,0.9902,
2021,260190,0.9743,
2021,260191,0.9837,
2021,260193,0.97,
2021,260195,0.9953,
2021,260200,0.9984,
2021,260209,1.0,
2021,260210,0.998,
2021,260214,0.9715,
2021,260216,0.9934,
2021,260219,0.9789,
2021,270003,0.9993,
2021,270004,1.0,
2021,270012,0.9936,
2021,270014,1.0,
2021,270017,0.9964,
2021,270023,0.9885,
2021,270032,1.0,
2021,270049,0.9981,
2021,270051,0.9978,
2021,270057,1.0,
2021,270074,1.0,
2021,270086,0.9997,
2021,270087,1.0,
2021,280003,1.0,
2021,280009,0.9963,
2021,280013,0.9991,
2021,280020,0.9993,
2021,280023,1.0,
2021,280032,1.0,
2021,280040,0.9988,
2021,280060,0.9989,
2021,280061,0.9994,
2021,280065,0.9916,
2021,280077,1.0,
2021,280081,0.9992,
2021,280105,0.9944,
2021,280111,0.9975,
2021,280125,0.9994,
2021,280127,1.0,
2021,280128,1.0,
2021,280129,1.0,
2021,280130,0.9996,
2021,280131,1.0,
2021,280132,0.9876,
2021,280134,0.9897,
2021,290001,1.0,
2021,290003,0.9823,
2021,290005,0.987,
2021,290007,0.9988,
2021,290008,0.9941,
2021,290009,0.9958,
2021,290012,0.9919,
2021,290019,0.9908,
2021,290021,0.9903,
2021,290022,0.9837,
2021,290032,0.9794,
2021,290039,0.9797,
2021,290041,0.9803,
2021,290042,1.0,
2021,290045,0.9965,
2021,290046,0.9869,
2021,290047,0.9948,
2021,290049,0.9828,
2021,290053,0.9921,
2021,290054,0.9782,
2021,290056,1.0,
2021,290057,0.9855,
2021,290058,0.9941,
2021,300001,0.988,
2021,300003,1.0,
2021,300005,0.9998,
2021,300011,0.9915,
2021,300012,0.9887,
2021,300014,0.9991,
2021,300017,0.9878,
2021,300018,0.996,
2021,300019,0.994,
2021,300020,0.9902,
2021,300023,0.9939,
2021,300029,0.9963,
2021,300034,0.9903,
2021,310001,0.9949,
2021,310002,0.9959,
2021,310003,0.9867,
2021,310005,0.9751,
2021,310006,0.9955,
2021,310008,0.9877,
2021,310009,0.9996,
2021,310010,0.9846,
2021,310011,0.9961,
2021,310012,0.9998,
2021,310014,0.996,
2021,310015,1.0,
2021,310016,0.9877,
2021,310017,0.9977,
2021,310019,0.9768,
2021,310021,0.9911,
2021,310022,0.9856,
2021,310024,0.9859,
2021,310025,0.9878,
2021,310027,0.9935,
2021,310028,0.9958,
2021,310029,0.9883,
2021,310031,0.996,
2021,310032,0.9844,
2021,310034,0.9956,
2021,310038,0.9919,
2021,310039,0.99,
2021,310040,0.989,
2021,310041,0.9889,
2021,310044,0.9946,
2021,310045,0.9787,
2021,310047,0.9835,
2021,310048,0.997,
2021,310050,0.9848,
2021,310051,0.9978,
2021,310052,0.9943,
2021,310054,0.9837,
2021,310057,0.999,
2021,310058,0.9982,
2021,310060,0.9928,
2021,310061,0.9963,
2021,310064,0.9947,
2021,310069,0.9765,
2021,310070,0.9956,
2021,310073,0.9989,
2021,310074,0.9913,
2021,310075,0.9959,
2021,310076,0.9954,
2021,310081,0.9928,
2021,310083,0.9861,
2021,310084,0.9913,
2021,310086,0.9942,
2021,310091,0.9968,
2021,310092,0.998,
2021,310096,0.9908,
2021,310108,0.9862,
2021,310110,0.9949,
2021,310111,0.996,
2021,310112,0.9924,
2021,310113,1.0,
2021,310115,0.9952,
2021,310118,0.983,
2021,310119,0.997,
2021,310130,0.97,
2021,320001,0.9998,
2021,320002,1.0,
2021,320003,1.0,
2021,320004,0.9958,
2021,320005,0.9962,
2021,320006,0.9998,
2021,320009,0.9987,
2021,320011,0.991,
2021,320016,0.9995,
2021,320017,0.988,
2021,320018,0.9887,
2021,320021,0.9943,
2021,320022,0.9992,
2021,320030,0.9973,
2021,320033,0.9998,
2021,320038,1.0,
2021,320059,1.0,
2021,320060,0.9981,
2021,320061,0.9949,
2021,320062,1.0,
2021,320063,0.9982,
2021,320065,0.9976,
2021,320067,1.0,
2021,320070,1.0,
2021,320074,0.9946,
2021,320084,0.9925,
2021,320085,0.9926,
2021,320086,0.9803,
2021,320089,0.9767,
2021,320090,1.0,
2021,330003,0.9927,
2021,330004,0.9886,
2021,330005,0.9969,
2021,330006,0.9973,
2021,330008,0.9885,
2021,330009,0.9994,
2021,330011,0.9977,
2021,330013,0.9969,
2021,330014,0.9976,
2021,330019,0.99,
2021,330023,0.9822,
2021,330024,0.9997,
2021,330027,0.9977,
2021,330028,0.998,
2021,330030,0.9825,
2021,330033,0.9999,
2021,330043,0.993,
2021,330044,0.9982,
2021,330045,0.9868,
2021,330046,0.9915,
2021,330047,0.9974,
2021,330049,0.9928,
2021,330055,0.9927,
2021,330056,0.9959,
2021,330057,0.9847,
2021,330058,0.9854,
2021,330059,0.9895,
2021,330065,0.997,
2021,330073,0.9872,
2021,330074,0.9953,
2021,330078,0.9957,
2021,330079,0.9842,
2021,330080,0.9992,
2021,330084,0.9952,
2021,330085,0.9953,
2021,330086,0.9957,
2021,330088,0.9999,
2021,330090,0.9955,
2021,330094,0.9851,
2021,330096,0.9978,
2021,330101,0.9974,
2021,330102,0.9985,
2021,330103,0.9894,
2021,330104,0.9764,
2021,330106,0.9889,
2021,330107,0.9911,
2021,330111,0.9833,
2021,330115,0.9969,
2021,330119,0.9981,
2021,330125,0.9899,
2021,330126,0.986,
2021,330127,0.9985,
2021,330128,0.9973,
2021,330135,0.9866,
2021,330136,0.9927,
2021,330140,0.98,
2021,330141,0.9845,
2021,330144,0.9957,
2021,330151,1.0,
2021,330153,0.9987,
2021,330157,0.9991,
2021,330158,0.9892,
2021,330160,0.996,
2021,330162,0.9809,
2021,330163,0.9929,
2021,330164,0.9995,
2021,330166,1.0,
2021,330169,0.9935,
2021,330175,1.0,
2021,330180,1.0,
2021,330181,0.9916,
2021,330182,0.9852,
2021,330184,0.9976,
2021,330185,0.9838,
2021,330188,0.9925,
2021,330191,0.9979,
2021,330193,0.997,
2021,330194,0.9927,
2021,330195,0.9894,
2021,330196,0.9774,
2021,330197,0.9982,
2021,330198,0.9864,
2021,330199,0.9988,
2021,330201,0.9872,
2021,330202,0.9963,
2021,330203,0.9832,
2021,330204,0.9981,
2021,330205,0.9824,
2021,330208,0.9893,
2021,330211,0.9995,
2021,330214,0.9981,
2021,330215,0.9956,
2021,330218,0.9963,
2021,330219,1.0,
2021,330221,0.9864,
2021,330222,0.995,
2021,330223,0.9811,
2021,330224,0.9891,
2021,330226,0.9806,
2021,330229,0.9996,
2021,330231,0.9899,
2021,330233,0.9984,
2021,330234,0.9976,
2021,330235,0.9712,
2021,330236,0.9868,
2021,330238,0.9932,
2021,330239,0.9961,
2021,330240,0.9979,
2021,330241,0.9968,
2021,330245,0.9952,
2021,330246,0.9965,
2021,330250,0.9964,
2021,330259,0.9925,
2021,330261,0.9969,
2021,330264,0.9756,
2021,330265,0.9994,
2021,330267,0.9816,
2021,330270,1.0,
2021,330273,0.991,
2021,330276,0.9979,
2021,330277,0.983,
2021,330279,0.9995,
2021,330285,0.9964,
2021,330286,0.9793,
2021,330304,0.9824,
2021,330307,0.9992,
2021,330331,0.9915,
2021,330332,0.9861,
2021,330350,0.9909,
2021,330385,1.0,
2021,330386,0.9901,
2021,330393,0.9967,
2021,330394,0.9976,
2021,330395,0.9884,
2021,330396,0.9973,
2021,330397,0.9974,
2021,330399,0.9991,
2021,330401,0.9979,
2021,330403,1.0,
2021,340001,1.0,
2021,340002,1.0,
2021,340003,0.9961,
2021,340004,0.9879,
2021,340008,0.999,
2021,340010,0.9898,
2021,340013,1.0,
2021,340014,0.9986,
2021,340015,0.9857,
2021,340016,0.9895,
2021,340017,0.9898,
2021,340020,0.9853,
2021,340021,0.9999,
2021,340023,1.0,
2021,340024,0.9796,
2021,340027,0.991,
2021,340028,0.9886,
2021,340030,0.9975,
2021,340032,0.9939,
2021,340039,0.9801,
2021,340040,0.9923,
2021,340041,0.9965,
2021,340042,0.9881,
2021,340047,0.9991,
2021,340049,1.0,
2021,340050,0.9982,
2021,340051,0.9995,
2021,340053,0.9985,
2021,340060,0.9905,
2021,340061,0.9992,
2021,340064,0.9982,
2021,340068,1.0,
2021,340069,0.9983,
2021,340070,0.9986,
2021,340071,0.991,
2021,340073,0.9944,
2021,340075,1.0,
2021,340084,1.0,
2021,340085,0.9958,
2021,340087,0.9995,
2021,340090,0.9926,
2021,340091,1.0,
2021,340096,0.9846,
2021,340097,0.9898,
2021,340098,0.9881,
2021,340099,1.0,
2021,340107,0.9991,
2021,340109,0.9988,
2021,340113,0.9997,
2021,340114,0.9983,
2021,340115,0.9934,
2021,340116,0.985,
2021,340119,0.9992,
2021,340120,0.9987,
2021,340123,0.9984,
2021,340126,0.9903,
2021,340127,0.9991,
2021,340129,0.9922,
2021,340130,0.99,
2021,340131,0.9906,
2021,340132,0.9907,
2021,340133,0.9858,
2021,340141,1.0,
2021,340142,0.9934,
2021,340143,1.0,
2021,340144,0.9899,
2021,340145,0.9997,
2021,340147,0.9881,
2021,340151,0.9912,
2021,340155,0.9999,
2021,340156,0.9991,
2021,340158,0.9813,
2021,340159,0.9986,
2021,340166,0.9976,
2021,340171,1.0,
2021,340173,0.9823,
2021,340183,0.9998,
2021,340184,0.9959,
2021,340186,0.9954,
2021,340187,1.0,
2021,340188,0.9767,
2021,340190,1.0,
2021,350002,0.9991,
2021,350006,0.9975,
2021,350011,0.9989,
2021,350015,0.9973,
2021,350019,0.998,
2021,350063,0.9927,
2021,350070,0.9984,
2021,360001,0.9895,
2021,360002,0.9784,
2021,360003,0.9993,
2021,360006,1.0,
2021,360008,0.9921,
2021,360009,0.9937,
2021,360010,1.0,
2021,360011,0.9907,
2021,360012,0.9981,
2021,360013,0.9957,
2021,360014,0.9919,
2021,360016,0.9908,
2021,360017,0.9975,
2021,360020,0.9987,
2021,360025,0.9936,
2021,360026,1.0,
2021,360027,0.995,
2021,360029,0.9837,
2021,360032,0.9982,
2021,360035,0.9929,
2021,360036,0.996,
2021,360037,0.9937,
2021,360039,0.9906,
2021,360040,0.9873,
2021,360041,0.9907,
2021,360044,1.0,
2021,360046,0.9917,
2021,360048,0.9948,
2021,360051,0.9968,
2021,360054,0.9952,
2021,360055,0.9769,
2021,360056,0.9909,
2021,360058,0.9998,
2021,360059,0.9997,
2021,360064,0.997,
2021,360065,0.9989,
2021,360066,0.9932,
2021,360068,0.994,
2021,360070,0.9962,
2021,360071,1.0,
2021,360072,0.995,
2021,360075,0.9999,
2021,360076,0.9988,
2021,360077,0.9821,
2021,360078,0.9955,
2021,360079,1.0,
2021,360081,0.9976,
2021,360082,0.998,
2021,360084,0.9914,
2021,360085,0.9982,
2021,360086,0.9928,
2021,360087,0.9988,
2021,360089,0.9954,
2021,360090,0.986,
2021,360091,0.9941,
2021,360092,0.9998,
2021,360095,0.9977,
2021,360096,0.9711,
2021,360098,0.9783,
2021,360107,0.995,
2021,360109,0.9991,
2021,360112,0.9923,
2021,360118,0.996,
2021,360121,0.9983,
2021,360123,0.995,
2021,360125,0.9796,
2021,360131,0.9832,
2021,360132,0.9938,
2021,360133,0.9944,
2021,360134,0.9962,
2021,360137,0.9962,
2021,360143,0.9978,
2021,360144,0.9896,
2021,360145,0.9919,
2021,360147,0.9963,
2021,360148,1.0,
2021,360150,0.9985,
2021,360152,0.9965,
2021,360155,0.9996,
2021,360156,0.9974,
2021,360159,0.995,
2021,360161,0.9908,
2021,360163,0.9985,
2021,360170,0.9935,
2021,360172,0.9917,
2021,360174,0.9905,
2021,360175,0.9862,
2021,360179,0.9974,
2021,360180,0.9989,
2021,360185,0.9938,
2021,360189,0.994,
2021,360192,0.994,
2021,360197,0.9961,
2021,360203,0.9932,
2021,360210,1.0,
2021,360211,0.9835,
2021,360218,0.9974,
2021,360230,0.9897,
2021,360234,0.9963,
2021,360236,0.9883,
2021,360239,0.9997,
2021,360259,0.992,
2021,360262,0.9917,
2021,360263,0.9928,
2021,360266,1.0,
2021,360270,0.9941,
2021,360276,0.9862,
2021,360348,0.9999,
2021,360351,1.0,
2021,360352,1.0,
2021,360354,0.9927,
2021,360355,1.0,
2021,360358,1.0,
2021,360359,0.9944,
2021,360360,0.9888,
2021,360361,0.9867,
2021,360362,0.97,
2021,360364,0.9873,
2021,360365,1.0,
2021,370001,0.9926,
2021,370002,0.9931,
2021,370004,0.9973,
2021,370006,0.9892,
2021,370008,0.9994,
2021,370013,0.9995,
2021,370014,0.989,
2021,370015,0.9975,
2021,370016,0.9972,
2021,370018,1.0,
2021,370019,0.9924,
2021,370020,0.9992,
2021,370022,0.9962,
2021,370023,0.9968,
2021,370025,0.9963,
2021,370026,1.0,
2021,370028,0.9972,
2021,370029,1.0,
2021,370030,0.9996,
2021,370034,0.9853,
2021,370037,0.9988,
2021,370039,0.9992,
2021,370041,0.9983,
2021,370047,0.9966,
2021,370049,0.9975,
2021,370054,0.9974,
2021,370056,0.9899,
2021,370057,1.0,
2021,370078,0.996,
2021,370083,0.9976,
2021,370089,0.9983,
2021,370091,0.9921,
2021,370093,0.9977,
2021,370094,0.9945,
2021,370097,0.9902,
2021,370099,1.0,
2021,370100,0.9932,
2021,370106,0.9948,
2021,370112,1.0,
2021,370113,0.9955,
2021,370114,0.9961,
2021,370139,0.9959,
2021,370149,0.9818,
2021,370153,0.999,
2021,370158,1.0,
2021,370166,0.9965,
2021,370170,1.0,
2021,370171,0.9994,
2021,370172,1.0,
2021,370173,1.0,
2021,370178,1.0,
2021,370180,1.0,
2021,370183,0.9972,
2021,370190,1.0,
2021,370192,1.0,
2021,370201,0.9963,
2021,370202,0.9966,
2021,370203,1.0,
2021,370210,1.0,
2021,370211,0.9881,
2021,370212,0.97,
2021,370214,1.0,
2021,370215,1.0,
2021,370216,1.0,
2021,370218,0.9877,
2021,370220,0.9915,
2021,370222,1.0,
2021,370225,1.0,
2021,370227,0.9963,
2021,370228,0.979,
2021,370229,0.9998,
2021,370234,0.9999,
2021,370235,0.9854,
2021,370236,0.9891,
2021,370237,1.0,
2021,370240,1.0,
2021,380001,0.9966,
2021,380002,0.9997,
2021,380004,1.0,
2021,380005,0.9765,
2021,380007,0.9977,
2021,380009,0.9993,
2021,380014,0.9996,
2021,380017,0.9993,
2021,380018,1.0,
2021,380020,0.9983,
2021,380021,1.0,
2021,380022,0.9993,
2021,380025,1.0,
2021,380027,0.9899,
2021,380029,0.9988,
2021,380033,1.0,
2021,380037,0.9997,
2021,380038,0.9986,
2021,380040,0.9972,
2021,380047,1.0,
2021,380050,0.9816,
2021,380051,0.9997,
2021,380052,0.9977,
2021,380056,0.9997,
2021,380060,0.9891,
2021,380061,1.0,
2021,380071,0.9965,
2021,380075,0.9927,
2021,380082,0.9905,
2021,380089,0.9999,
2021,380090,1.0,
2021,380091,0.9994,
2021,380102,0.9969,
2021,380103,1.0,
2021,390001,0.999,
2021,390002,0.9943,
2021,390003,0.9981,
2021,390004,0.9955,
2021,390006,0.9996,
2021,390008,1.0,
2021,390009,0.9998,
2021,390012,0.9715,
2021,390013,0.9986,
2021,390016,0.9936,
2021,390019,1.0,
2021,390026,0.9979,
2021,390027,0.9996,
2021,390028,0.9988,
2021,390030,0.9988,
2021,390032,0.9963,
2021,390035,0.9977,
2021,390036,0.9973,
2021,390037,0.9752,
2021,390039,0.9966,
2021,390041,0.9882,
2021,390042,0.9976,
2021,390044,0.9998,
2021,390045,0.9952,
2021,390046,0.9952,
2021,390048,1.0,
2021,390049,0.9935,
2021,390050,0.9919,
2021,390052,0.9922,
2021,390056,1.0,
2021,390057,0.9975,
2021,390058,0.9873,
2021,390062,0.97,
2021,390063,0.9969,
2021,390065,0.9926,
2021,390066,1.0,
2021,390067,0.9806,
2021,390068,0.9918,
2021,390070,0.9951,
2021,390071,1.0,
2021,390072,1.0,
2021,390073,0.9964,
2021,390076,0.9935,
2021,390079,0.9852,
2021,390081,0.9988,
2021,390084,0.9965,
2021,390086,0.9971,
2021,390090,0.9951,
2021,390091,0.9909,
2021,390093,0.9982,
2021,390096,0.9984,
2021,390097,0.989,
2021,390100,0.9986,
2021,390101,0.9955,
2021,390102,0.9918,
2021,390104,0.9987,
2021,390107,0.9944,
2021,390110,0.9887,
2021,390111,0.9986,
2021,390112,0.9986,
2021,390113,0.9981,
2021,390114,0.996,
2021,390115,0.9829,
2021,390116,0.9961,
2021,390117,0.9981,
2021,390119,0.9746,
2021,390123,0.9934,
2021,390125,0.9978,
2021,390127,0.9967,
2021,390130,0.998,
2021,390133,0.9954,
2021,390137,0.9942,
2021,390138,0.9956,
2021,390139,0.9994,
2021,390142,0.9952,
2021,390145,0.9877,
2021,390146,0.9951,
2021,390147,0.9857,
2021,390150,0.9992,
2021,390151,0.9973,
2021,390153,0.998,
2021,390156,0.9864,
2021,390157,0.9993,
2021,390160,0.9931,
2021,390162,0.9918,
2021,390163,0.9986,
2021,390164,0.9914,
2021,390168,0.9998,
2021,390173,0.9895,
2021,390174,0.9977,
2021,390178,0.9994,
2021,390179,0.994,
2021,390180,1.0,
2021,390183,0.9849,
2021,390184,0.9982,
2021,390185,0.9848,
2021,390192,0.9985,
2021,390194,0.9978,
2021,390195,0.9999,
2021,390197,0.9993,
2021,390198,0.993,
2021,390199,1.0,
2021,390201,0.9912,
2021,390203,0.9879,
2021,390204,0.9996,
2021,390211,0.9882,
2021,390217,0.9955,
2021,390219,0.9861,
2021,390220,0.9909,
2021,390222,0.9962,
2021,390223,0.9996,
2021,390225,0.9965,
2021,390226,0.9798,
2021,390228,0.9949,
2021,390231,0.9952,
2021,390233,0.994,
2021,390236,1.0,
2021,390237,0.9969,
2021,390256,0.9978,
2021,390258,0.9864,
2021,390265,0.9783,
2021,390266,0.9971,
2021,390267,0.9906,
2021,390268,0.9991,
2021,390270,1.0,
2021,390304,0.998,
2021,390307,0.9781,
2021,390312,1.0,
2021,390314,0.996,
2021,390316,0.97,
2021,390321,0.97,
2021,390322,1.0,
2021,390323,1.0,
2021,390324,1.0,
2021,390325,1.0,
2021,390326,0.9945,
2021,390327,0.97,
2021,390328,0.9973,
2021,390329,0.9768,
2021,390330,0.9924,
2021,410004,0.9981,
2021,410005,0.9872,
2021,410006,0.9979,
2021,410007,0.9963,
2021,410008,1.0,
2021,410009,0.9913,
2021,410010,1.0,
2021,410011,0.9903,
2021,410012,0.9961,
2021,410013,0.9979,
2021,420002,0.9931,
2021,420004,0.9975,
2021,420005,0.9969,
2021,420007,0.994,
2021,420009,0.9827,
2021,420010,0.991,
2021,420011,1.0,
2021,420015,0.9757,
2021,420018,0.9984,
2021,420019,0.9983,
2021,420020,0.9928,
2021,420023,0.999,
2021,420026,0.9902,
2021,420027,0.9887,
2021,420030,0.9987,
2021,420033,0.9985,
2021,420036,0.9982,
2021,420037,1.0,
2021,420038,0.9995,
2021,420043,0.9991,
2021,420048,0.9985,
2021,420049,0.9987,
2021,420051,0.9945,
2021,420053,0.9795,
2021,420055,0.9962,
2021,420057,1.0,
2021,420065,0.9989,
2021,420066,0.9986,
2021,420067,0.9966,
2021,420068,0.9932,
2021,420070,0.9917,
2021,420071,0.9993,
2021,420072,0.9976,
2021,420073,0.9946,
2021,420078,0.9987,
2021,420079,0.9791,
2021,420080,0.9776,
2021,420082,0.991,
2021,420085,0.983,
2021,420086,1.0,
2021,420087,1.0,
2021,420089,0.97,
2021,420091,0.9855,
2021,420098,0.998,
2021,420101,0.995,
2021,420102,1.0,
2021,420103,0.9983,
2021,420104,0.9984,
2021,420105,0.9997,
2021,420106,0.9994,
2021,420107,0.9965,
2021,420108,0.9995,
2021,420109,0.9974,
2021,430005,0.9974,
2021,430008,0.9985,
2021,430012,1.0,
2021,430013,0.9997,
2021,430014,0.9997,
2021,430015,1.0,
2021,430016,1.0,
2021,430027,1.0,
2021,430048,0.9918,
2021,430077,0.9987,
2021,430083,1.0,
2021,430084,0.9997,
2021,430089,1.0,
2021,430090,1.0,
2021,430091,1.0,
2021,430095,1.0,
2021,430097,0.9945,
2021,440001,0.9946,
2021,440002,0.9914,
2021,440003,0.9717,
2021,440006,0.9854,
2021,440007,0.999,
2021,440008,0.9989,
2021,440009,0.9931,
2021,440010,0.9979,
2021,440011,0.9895,
2021,440012,0.9831,
2021,440015,0.9972,
2021,440016,0.9967,
2021,440017,0.9895,
2021,440018,0.9906,
2021,440020,0.9981,
2021,440029,0.9993,
2021,440030,0.9832,
2021,440031,0.9929,
2021,440032,0.9975,
2021,440033,0.985,
2021,440034,0.9895,
2021,440035,0.9953,
2021,440039,0.9999,
2021,440040,1.0,
2021,440046,0.9923,
2021,440048,0.9868,
2021,440049,0.9977,
2021,440050,0.9959,
2021,440053,0.9977,
2021,440056,0.9889,
2021,440057,0.9998,
2021,440058,0.9994,
2021,440059,0.9906,
2021,440060,0.9953,
2021,440061,1.0,
2021,440063,0.9932,
2021,440065,0.9941,
2021,440068,0.9977,
2021,440070,0.9905,
2021,440072,0.9897,
2021,440073,0.9865,
2021,440081,0.9979,
2021,440082,0.9988,
2021,440084,0.9934,
2021,440091,1.0,
2021,440102,1.0,
2021,440104,0.9981,
2021,440109,0.9878,
2021,440110,0.9878,
2021,440111,1.0,
2021,440120,0.9996,
2021,440125,0.9966,
2021,440130,0.9949,
2021,440131,0.9857,
2021,440132,0.9993,
2021,440133,0.9979,
2021,440137,0.9986,
2021,440144,0.995,
2021,440148,1.0,
2021,440150,0.9818,
2021,440151,0.9965,
2021,440152,0.9999,
2021,440153,0.995,
2021,440156,0.9832,
2021,440159,1.0,
2021,440161,0.9951,
2021,440173,0.9962,
2021,440175,0.9957,
2021,440176,0.9968,
2021,440180,0.9948,
2021,440183,0.9818,
2021,440184,0.9986,
2021,440185,0.9919,
2021,440187,1.0,
2021,440192,0.9935,
2021,440193,0.9983,
2021,440194,0.9835,
2021,440197,0.9922,
2021,440200,1.0,
2021,440218,1.0,
2021,440227,0.9969,
2021,440228,0.9981,
2021,440231,1.0,
2021,440235,1.0,
2021,450002,0.9892,
2021,450007,1.0,
2021,450010,1.0,
2021,450011,0.992,
2021,450015,0.9989,
2021,450018,0.9874,
2021,450021,0.993,
2021,450023,0.9975,
2021,450024,0.9991,
2021,450028,0.9942,
2021,450029,0.9976,
2021,450032,0.97,
2021,450033,0.9961,
2021,450034,0.993,
2021,450035,0.9997,
2021,450039,1.0,
2021,450040,0.9984,
2021,450042,0.9997,
2021,450044,0.9975,
2021,450046,0.9899,
2021,450051,0.9999,
2021,450054,0.9955,
2021,450055,0.9998,
2021,450056,0.997,
2021,450058,1.0,
2021,450064,0.9889,
2021,450068,0.9942,
2021,450072,0.9967,
2021,450078,0.9946,
2021,450079,0.9996,
2021,450080,0.9915,
2021,450082,0.9985,
2021,450083,0.9968,
2021,450085,1.0,
2021,450087,0.9867,
2021,450090,0.9907,
2021,450092,0.9994,
2021,450097,0.9952,
2021,450099,0.9937,
2021,450101,0.9983,
2021,450102,1.0,
2021,450104,0.9802,
2021,450107,0.9958,
2021,450108,0.9995,
2021,450119,0.9925,
2021,450124,0.9996,
2021,450128,0.9923,
2021,450132,0.9888,
2021,450133,0.9985,
2021,450135,0.9937,
2021,450137,0.9983,
2021,450143,1.0,
2021,450144,0.9985,
2021,450147,0.9985,
2021,450148,0.9962,
2021,450152,0.9927,
2021,450154,0.9996,
2021,450155,0.9953,
2021,450162,1.0,
2021,450163,0.9859,
2021,450165,1.0,
2021,450176,0.9977,
2021,450184,0.9893,
2021,450187,0.9929,
2021,450193,0.9999,
2021,450194,0.9985,
2021,450196,0.9982,
2021,450200,0.9967,
2021,450203,0.9933,
2021,450209,0.9983,
2021,450210,0.9977,
2021,450211,0.9837,
2021,450213,0.9989,
2021,450219,1.0,
2021,450222,0.9886,
2021,450229,0.9957,
2021,450231,0.9955,
2021,450235,0.999,
2021,450236,0.9918,
2021,450237,0.9969,
2021,450241,1.0,
2021,450253,1.0,
2021,450271,0.99,
2021,450272,0.9976,
2021,450289,0.9986,
2021,450292,0.9912,
2021,450299,0.9862,
2021,450324,0.9819,
2021,450330,0.997,
2021,450340,0.9906,
2021,450346,0.9845,
2021,450347,0.9868,
2021,450348,1.0,
2021,450351,0.9966,
2021,450352,0.986,
2021,450358,0.9971,
2021,450369,0.999,
2021,450370,1.0,
2021,450372,0.9982,
2021,450379,0.9933,
2021,450388,0.9911,
2021,450389,0.9982,
2021,450395,0.9929,
2021,450399,0.9997,
2021,450400,0.9929,
2021,450403,0.9783,
2021,450411,0.9977,
2021,450419,0.9961,
2021,450422,0.97,
2021,450424,0.9966,
2021,450431,0.9993,
2021,450447,1.0,
2021,450451,0.9958,
2021,450460,0.9902,
2021,450462,0.9982,
2021,450465,0.9954,
2021,450469,0.9933,
2021,450475,0.9979,
2021,450484,0.994,
2021,450489,0.9979,
2021,450498,0.9998,
2021,450508,0.9951,
2021,450518,0.9865,
2021,450537,0.9917,
2021,450539,1.0,
2021,450558,0.9971,
2021,450563,0.9943,
2021,450565,0.991,
2021,450571,0.999,
2021,450573,0.9986,
2021,450578,0.9977,
2021,450584,0.9778,
2021,450586,0.9999,
2021,450587,0.9873,
2021,450596,0.9938,
2021,450597,1.0,
2021,450604,0.9919,
2021,450605,0.9984,
2021,450610,0.9806,
2021,450617,0.9867,
2021,450634,0.9823,
2021,450638,0.9934,
2021,450639,0.9984,
2021,450641,0.9995,
2021,450643,0.9972,
2021,450644,0.9931,
2021,450647,0.9927,
2021,450651,0.9946,
2021,450653,0.9936,
2021,450654,0.998,
2021,450656,0.9995,
2021,450658,0.9992,
2021,450659,1.0,
2021,450661,0.9932,
2021,450662,0.9813,
2021,450668,0.9869,
2021,450669,0.9794,
2021,450670,0.9922,
2021,450672,0.9948,
2021,450675,0.9873,
2021,450677,0.9943,
2021,450678,0.9902,
2021,450684,0.9846,
2021,450686,0.9953,
2021,450688,0.9962,
2021,450690,1.0,
2021,450694,0.9971,
2021,450697,0.9984,
2021,450698,1.0,
2021,450702,0.992,
2021,450709,0.9884,
2021,450711,0.9909,
2021,450713,0.9951,
2021,450718,0.9949,
2021,450723,0.9913,
2021,450730,0.9967,
2021,450742,0.9962,
2021,450743,0.982,
2021,450747,0.9976,
2021,450755,0.991,
2021,450771,0.9916,
2021,450774,1.0,
2021,450775,0.9844,
2021,450779,0.99,
2021,450780,1.0,
2021,450788,0.9918,
2021,450801,0.9991,
2021,450803,1.0,
2021,450804,1.0,
2021,450808,1.0,
2021,450809,0.9963,
2021,450820,0.9924,
2021,450822,0.9871,
2021,450825,1.0,
2021,450827,1.0,
2021,450828,0.9994,
2021,450831,1.0,
2021,450833,0.9961,
2021,450834,1.0,
2021,450840,0.9965,
2021,450844,0.9925,
2021,450847,0.9962,
2021,450848,0.9861,
2021,450851,0.9997,
2021,450853,0.97,
2021,450855,0.9942,
2021,450856,0.9941,
2021,450860,0.97,
2021,450862,0.993,
2021,450864,0.9875,
2021,450865,1.0,
2021,450867,0.9942,
2021,450869,0.9974,
2021,450871,1.0,
2021,450872,1.0,
2021,450874,0.9797,
2021,450875,0.994,
2021,450876,0.9792,
2021,450877,1.0,
2021,450880,0.97,
2021,450883,1.0,
2021,450885,0.9859,
2021,450888,1.0,
2021,450889,1.0,
2021,450890,0.9995,
2021,450891,0.9998,
2021,450893,0.9954,
2021,460001,1.0,
2021,460003,0.9941,
2021,460004,1.0,
2021,460005,0.9973,
2021,460006,0.9983,
2021,460007,0.9995,
2021,460009,1.0,
2021,460010,0.9998,
2021,460011,1.0,
2021,460013,0.9752,
2021,460014,0.9702,
2021,460015,1.0,
2021,460017,1.0,
2021,460019,1.0,
2021,460021,1.0,
2021,460023,0.9882,
2021,460026,1.0,
2021,460030,1.0,
2021,460039,0.999,
2021,460041,0.9941,
2021,460042,0.9942,
2021,460044,0.9979,
2021,460047,0.9923,
2021,460049,1.0,
2021,460051,0.9782,
2021,460052,0.9958,
2021,460054,0.9922,
2021,460057,0.9976,
2021,460058,0.9989,
2021,460060,0.9734,
2021,460061,1.0,
2021,470001,0.9996,
2021,470003,0.9984,
2021,470005,1.0,
2021,470011,0.9984,
2021,470012,0.9847,
2021,470024,0.9941,
2021,490001,0.9927,
2021,490002,0.9957,
2021,490004,0.9907,
2021,490005,0.9967,
2021,490007,0.9996,
2021,490009,0.9991,
2021,490011,0.9956,
2021,490013,0.994,
2021,490017,0.9982,
2021,490018,0.996,
2021,490019,0.9771,
2021,490020,0.9914,
2021,490021,0.9999,
2021,490022,0.9902,
2021,490023,0.9701,
2021,490024,0.9979,
2021,490032,0.9991,
2021,490033,0.9969,
2021,490037,0.9997,
2021,490038,0.9949,
2021,490040,0.9986,
2021,490041,0.9944,
2021,490042,0.9968,
2021,490043,0.9904,
2021,490044,0.9964,
2021,490045,0.9962,
2021,490046,0.9988,
2021,490048,0.9967,
2021,490050,0.9975,
2021,490052,0.9966,
2021,490053,0.9857,
2021,490057,0.9902,
2021,490059,0.9999,
2021,490060,0.9967,
2021,490063,1.0,
2021,490066,0.9989,
2021,490067,0.9891,
2021,490069,0.9972,
2021,490075,0.9898,
2021,490077,0.9891,
2021,490084,0.9993,
2021,490088,0.9994,
2021,490089,0.9968,
2021,490090,0.9878,
2021,490092,0.9927,
2021,490093,0.9957,
2021,490094,1.0,
2021,490097,0.9998,
2021,490098,0.9978,
2021,490101,1.0,
2021,490104,1.0,
2021,490107,0.9757,
2021,490110,0.9825,
2021,490111,0.9726,
2021,490112,0.987,
2021,490113,0.994,
2021,490114,0.9958,
2021,490115,0.9985,
2021,490116,0.9929,
2021,490117,0.9943,
2021,490118,0.9928,
2021,490119,0.9986,
2021,490120,0.9995,
2021,490122,0.9972,
2021,490126,0.9978,
2021,490127,0.9857,
2021,490130,0.9924,
2021,490136,0.9992,
2021,490140,0.99,
2021,490141,0.9877,
2021,490143,0.9916,
2021,490144,0.9983,
2021,490145,0.996,
2021,500001,0.9996,
2021,500002,1.0,
2021,500003,0.9956,
2021,500005,0.999,
2021,500007,0.9998,
2021,500008,0.9965,
2021,500011,0.9983,
2021,500014,0.9987,
2021,500015,1.0,
2021,500016,1.0,
2021,500019,0.9999,
2021,500021,1.0,
2021,500024,0.9927,
2021,500025,1.0,
2021,500026,0.9976,
2021,500027,0.9993,
2021,500030,0.9989,
2021,500031,0.9998,
2021,500033,0.9967,
2021,500036,0.985,
2021,500037,0.9979,
2021,500039,1.0,
2021,500041,0.996,
2021,500044,0.994,
2021,500050,0.9996,
2021,500051,0.9982,
2021,500053,0.9973,
2021,500054,1.0,
2021,500058,1.0,
2021,500060,0.9947,
2021,500064,0.9989,
2021,500072,0.9996,
2021,500077,1.0,
2021,500079,0.9918,
2021,500084,0.9974,
2021,500088,0.9954,
2021,500108,0.9995,
2021,500119,0.9742,
2021,500124,0.9992,
2021,500129,0.9984,
2021,500139,0.9829,
2021,500141,0.9967,
2021,500148,1.0,
2021,500150,1.0,
2021,500151,1.0,
2021,500152,0.9779,
2021,500154,1.0,
2021,510001,0.9945,
2021,510002,0.998,
2021,510006,0.9957,
2021,510007,0.9959,
2021,510008,0.9994,
2021,510012,0.9967,
2021,510013,0.9911,
2021,510022,0.9963,
2021,510023,0.9984,
2021,510024,0.9941,
2021,510029,0.9878,
2021,510030,0.9978,
2021,510031,1.0,
2021,510038,0.9816,
2021,510039,0.9911,
2021,510046,0.984,
2021,510047,0.998,
2021,510048,0.9964,
2021,510050,0.9763,
2021,510055,0.9975,
2021,510058,0.9959,
2021,510062,0.9935,
2021,510070,0.9895,
2021,510071,0.9952,
2021,510072,0.9986,
2021,510077,1.0,
2021,510086,1.0,
2021,510091,1.0,
2021,520002,0.9999,
2021,520004,0.9886,
2021,520008,0.9983,
2021,520009,0.9998,
2021,520011,0.9984,
2021,520013,1.0,
2021,520017,0.998,
2021,520019,0.9981,
2021,520021,0.9825,
2021,520027,0.9998,
2021,520028,0.9986,
2021,520030,0.9956,
2021,520033,0.9945,
2021,520034,0.9934,
2021,520035,1.0,
2021,520037,0.989,
2021,520038,0.9996,
2021,520041,0.9897,
2021,520044,0.996,
2021,520045,0.9965,
2021,520049,0.9998,
2021,520051,0.9977,
2021,520057,0.9959,
2021,520059,0.9965,
2021,520062,0.9976,
2021,520063,0.9986,
2021,520066,0.992,
2021,520070,1.0,
2021,520071,1.0,
2021,520075,1.0,
2021,520076,0.9927,
2021,520078,0.9994,
2021,520083,1.0,
2021,520087,1.0,
2021,520088,0.997,
2021,520089,1.0,
2021,520091,0.9872,
2021,520095,1.0,
2021,520096,0.9936,
2021,520097,0.9895,
2021,520098,0.9989,
2021,520100,0.9964,
2021,520102,1.0,
2021,520103,0.9833,
2021,520107,0.996,
2021,520109,0.9948,
2021,520113,1.0,
2021,520116,0.9935,
2021,520136,0.9977,
2021,520138,1.0,
2021,520139,0.9923,
2021,520160,1.0,
2021,520177,0.9982,
2021,520189,0.9978,
2021,520193,0.9986,
2021,520194,1.0,
2021,520196,1.0,
2021,520198,0.9959,
2021,520202,0.9959,
2021,520205,1.0,
2021,520206,0.9997,
2021,520207,0.9931,
2021,520208,1.0,
2021,520210,0.9976,
2021,530002,0.9965,
2021,530006,1.0,
2021,530008,0.9986,
2021,530011,0.9989,
2021,530012,0.9957,
2021,530014,0.9939,
2021,530015,0.9804,
2021,530025,0.9924,
2021,530032,0.9979,
2021,530034,1.0,
2021,670004,0.9954,
2021,670005,0.97,
2021,670006,0.9867,
2021,670008,0.97,
2021,670023,0.9955,
2021,670025,1.0,
2021,670031,0.9971,
2021,670034,0.9958,
2021,670041,0.9952,
2021,670043,0.9873,
2021,670044,0.9955,
2021,670047,0.9952,
2021,670049,1.0,
2021,670053,0.9945,
2021,670054,1.0,
2021,670055,0.9921,
2021,670056,0.9995,
2021,670059,0.9926,
2021,670060,0.992,
2021,670061,1.0,
2021,670062,1.0,
2021,670067,0.9834,
2021,670068,0.9819,
2021,670069,0.9703,
2021,670071,1.0,
2021,670073,1.0,
2021,670075,0.9943,
2021,670076,1.0,
2021,670077,0.9952,
2021,670078,1.0,
2021,670080,0.9965,
2021,670082,0.9978,
2021,670085,0.9925,
2021,670088,0.9961,
2021,670090,1.0,
2021,670093,1.0,
2021,670095,1.0,
2021,670098,0.9857,
2021,670099,1.0,
2021,670102,1.0,
2021,670103,0.9933,
2021,670106,0.9976,
2021,670107,1.0,
2021,670108,0.9963,
2021,670109,1.0,
2021,670110,0.98,
2021,670112,1.0,
2021,670115,1.0,
2021,670116,1.0,
2021,670118,1.0,
2021,670120,0.9877,
2021,670121,1.0,
2021,670122,0.9961,
2021,670124,1.0,
2021,670128,1.0,
2022,010001,0.9903,
2022,010005,0.9985,
2022,010006,0.984,
2022,010007,0.9949,
2022,010008,1.0,
2022,010011,0.9905,
2022,010012,0.9953,
2022,010016,0.998,
2022,010019,0.9758,
2022,010021,0.9974,
2022,010022,1.0,
2022,010023,0.9966,
2022,010024,0.9841,
2022,010029,0.9919,
2022,010033,0.9948,
2022,010034,1.0,
2022,010035,0.9874,
2022,010036,0.9987,
2022,010038,0.9918,
2022,010039,0.9878,
2022,010040,0.9915,
2022,010044,1.0,
2022,010045,0.9991,
2022,010046,0.9946,
2022,010049,0.9941,
2022,010051,1.0,
2022,010052,0.996,
2022,010055,0.9956,
2022,010056,0.998,
2022,010058,1.0,
2022,010059,0.9971,
2022,010061,0.9986,
2022,010062,1.0,
2022,010065,0.9948,
2022,010069,0.9976,
2022,010073,1.0,
2022,010078,0.9931,
2022,010079,0.9929,
2022,010083,0.9902,
2022,010085,0.9881,
2022,010086,0.9989,
2022,010087,0.9998,
2022,010089,0.9924,
2022,010090,0.9973,
2022,010091,0.9995,
2022,010092,0.9907,
2022,010095,1.0,
2022,010097,0.9993,
2022,010099,0.9998,
2022,010100,0.9809,
2022,010101,0.9977,
2022,010102,1.0,
2022,010103,0.9966,
2022,010104,0.9883,
2022,010108,0.9966,
2022,010110,1.0,
2022,010112,0.9985,
2022,010113,0.9935,
2022,010114,0.9981,
2022,010118,0.9965,
2022,010120,0.9958,
2022,010125,1.0,
2022,010126,0.9936,
2022,010128,0.9958,
2022,010129,0.9992,
2022,010130,0.9963,
2022,010131,0.9993,
2022,010138,1.0,
2022,010139,0.9835,
2022,010144,0.992,
2022,010148,0.9891,
2022,010149,1.0,
2022,010150,0.996,
2022,010157,0.9987,
2022,010158,0.9901,
2022,010164,0.9949,
2022,010168,1.0,
2022,010169,0.9927,
2022,010173,0.9972,
2022,020001,0.9987,
2022,020006,0.9958,
2022,020008,0.9842,
2022,020012,1.0,
2022,020017,0.9923,
2022,020018,1.0,
2022,020024,0.9774,
2022,020026,0.9982,
2022,030002,0.9989,
2022,030006,0.9981,
2022,030007,0.9981,
2022,030010,0.9978,
2022,030011,0.9996,
2022,030012,0.984,
2022,030013,0.9983,
2022,030014,0.9983,
2022,030016,0.9878,
2022,030022,1.0,
2022,030023,0.9989,
2022,030024,0.9987,
2022,030030,0.9993,
2022,030036,0.9971,
2022,030037,1.0,
2022,030038,0.9996,
2022,030043,0.9976,
2022,030055,0.9944,
2022,030061,0.9989,
2022,030062,1.0,
2022,030064,1.0,
2022,030065,0.9976,
2022,030068,0.999,
2022,030069,0.9789,
2022,030071,1.0,
2022,030073,1.0,
2022,030074,1.0,
2022,030077,1.0,
2022,030078,1.0,
2022,030083,0.97,
2022,030084,0.9999,
2022,030085,0.9892,
2022,030087,0.9912,
2022,030088,1.0,
2022,030089,0.9996,
2022,030092,0.9963,
2022,030093,1.0,
2022,030094,0.9908,
2022,030101,0.991,
2022,030103,0.9991,
2022,030105,1.0,
2022,030107,1.0,
2022,030108,1.0,
2022,030110,0.9919,
2022,030111,1.0,
2022,030112,0.97,
2022,030113,1.0,
2022,030114,0.986,
2022,030115,0.9972,
2022,030117,0.9887,
2022,030119,0.9975,
2022,030121,0.9916,
2022,030122,1.0,
2022,030123,0.9915,
2022,030130,0.9936,
2022,030131,1.0,
2022,030134,0.9979,
2022,030136,1.0,
2022,030137,0.9957,
2022,030138,1.0,
2022,030139,1.0,
2022,040001,0.9999,
2022,040002,0.9837,
2022,040004,1.0,
2022,040007,0.9948,
2022,040010,0.9987,
2022,040011,0.9938,
2022,040014,0.9939,
2022,040015,0.9953,
2022,040016,0.9974,
2022,040017,0.9906,
2022,040018,0.9992,
2022,040019,0.9964,
2022,040020,0.9873,
2022,040022,0.9898,
2022,040026,0.995,
2022,040027,0.9886,
2022,040029,0.9845,
2022,040036,0.9921,
2022,040039,0.9861,
2022,040041,0.9904,
2022,040047,0.9872,
2022,040050,0.9996,
2022,040051,0.9964,
2022,040055,0.9947,
2022,040062,0.9962,
2022,040067,1.0,
2022,040069,0.9961,
2022,040071,0.9822,
2022,040072,0.9985,
2022,040074,0.9966,
2022,040076,0.9967,
2022,040078,0.9795,
2022,040084,0.9931,
2022,040085,0.9935,
2022,040088,0.9988,
2022,040114,0.9941,
2022,040118,0.97,
2022,040119,1.0,
2022,040134,0.9733,
2022,040137,0.9975,
2022,040147,1.0,
2022,040152,1.0,
2022,040153,0.995,
2022,040154,0.9993,
2022,040156,1.0,
2022,050002,0.987,
2022,050006,0.9998,
2022,050007,1.0,
2022,050008,0.9998,
2022,050009,0.9982,
2022,050013,1.0,
2022,050014,0.9976,
2022,050017,0.9996,
2022,050022,0.99,
2022,050024,0.9984,
2022,050025,0.997,
2022,050026,0.9959,
2022,050028,1.0,
2022,050030,0.97,
2022,050036,0.9953,
2022,050038,1.0,
2022,050039,0.9741,
2022,050040,0.9995,
2022,050042,1.0,
2022,050043,0.9992,
2022,050045,0.9927,
2022,050047,0.9984,
2022,050054,1.0,
2022,050055,0.9983,
2022,050056,0.9954,
2022,050057,0.994,
2022,050058,0.9946,
2022,050060,0.9894,
2022,050063,0.9883,
2022,050067,1.0,
2022,050069,0.9967,
2022,050070,1.0,
2022,050071,1.0,
2022,050072,1.0,
2022,050073,0.9995,
2022,050075,0.9987,
2022,050076,1.0,
2022,050077,0.9953,
2022,050078,0.9998,
2022,050082,0.9922,
2022,050084,0.9888,
2022,050089,0.9965,
2022,050090,0.9971,
2022,050091,0.9953,
2022,050093,0.992,
2022,050096,1.0,
2022,050099,0.992,
2022,050100,0.9975,
2022,050101,0.9918,
2022,050102,0.9866,
2022,050103,0.9979,
2022,050104,0.9996,
2022,050107,0.9986,
2022,050108,0.9995,
2022,050110,0.9968,
2022,050112,0.9925,
2022,050113,1.0,
2022,050115,0.9996,
2022,050116,0.9999,
2022,050118,0.9971,
2022,050121,0.9932,
2022,050122,1.0,
2022,050124,0.9791,
2022,050125,0.9851,
2022,050126,0.9984,
2022,050127,0.996,
2022,050128,0.9993,
2022,050129,0.9934,
2022,050131,0.9992,
2022,050132,0.9997,
2022,050133,0.997,
2022,050135,0.9919,
2022,050136,0.9931,
2022,050137,1.0,
2022,050138,1.0,
2022,050139,1.0,
2022,050140,1.0,
2022,050145,0.9954,
2022,050149,0.998,
2022,050150,1.0,
2022,050152,0.996,
2022,050158,0.9938,
2022,050159,0.9984,
2022,050167,0.9983,
2022,050168,1.0,
2022,050169,0.9901,
2022,050174,1.0,
2022,050179,0.9749,
2022,050180,0.9979,
2022,050191,0.9979,
2022,050192,1.0,
2022,050194,0.9899,
2022,050195,0.9854,
2022,050197,0.999,
2022,050204,0.9911,
2022,050211,0.9984,
2022,050222,0.9954,
2022,050224,0.9926,
2022,050226,0.9987,
2022,050228,0.9985,
2022,050230,1.0,
2022,050231,0.9985,
2022,050232,0.9946,
2022,050234,1.0,
2022,050235,0.9943,
2022,050236,0.9914,
2022,050238,0.9948,
2022,050239,0.9952,
2022,050242,0.9987,
2022,050243,0.9972,
2022,050245,0.9997,
2022,050248,0.9982,
2022,050254,0.999,
2022,050257,1.0,
2022,050261,0.9944,
2022,050262,0.9994,
2022,050272,1.0,
2022,050276,1.0,
2022,050278,1.0,
2022,050279,0.9998,
2022,050280,0.9989,
2022,050281,0.9962,
2022,050283,0.9987,
2022,050289,0.9939,
2022,050290,0.9975,
2022,050291,1.0,
2022,050292,1.0,
2022,050295,0.9995,
2022,050298,1.0,
2022,050300,0.993,
2022,050301,1.0,
2022,050305,0.9997,
2022,050308,0.9968,
2022,050309,1.0,
2022,050313,0.9984,
2022,050315,0.9998,
2022,050320,0.9989,
2022,050324,0.999,
2022,050327,0.9973,
2022,050329,1.0,
2022,050334,0.9909,
2022,050335,0.9889,
2022,050336,0.9978,
2022,050342,0.9988,
2022,050348,0.9979,
2022,050350,0.9922,
2022,050351,0.9863,
2022,050352,0.9994,
2022,050353,0.9866,
2022,050357,1.0,
2022,050360,0.9983,
2022,050367,0.9937,
2022,050373,0.9969,
2022,050376,0.9981,
2022,050378,0.9995,
2022,050380,0.9875,
2022,050382,0.9924,
2022,050390,0.9871,
2022,050393,0.9904,
2022,050394,0.9988,
2022,050396,0.9968,
2022,050407,0.9987,
2022,050411,1.0,
2022,050414,0.97,
2022,050417,1.0,
2022,050423,1.0,
2022,050424,0.9991,
2022,050425,0.9997,
2022,050426,0.9966,
2022,050438,0.9978,
2022,050441,0.9999,
2022,050444,0.9747,
2022,050454,0.9939,
2022,050455,0.9998,
2022,050457,0.9995,
2022,050464,0.9919,
2022,050468,0.9986,
2022,050471,0.9995,
2022,050481,0.9856,
2022,050485,0.9958,
2022,050488,0.9971,
2022,050492,0.9935,
2022,050496,1.0,
2022,050498,1.0,
2022,050503,0.9988,
2022,050506,0.999,
2022,050510,1.0,
2022,050512,1.0,
2022,050515,0.9994,
2022,050516,0.9957,
2022,050517,0.9971,
2022,050523,0.9931,
2022,050526,0.9986,
2022,050528,0.9991,
2022,050534,0.9984,
2022,050537,1.0,
2022,050541,1.0,
2022,050546,1.0,
2022,050549,0.9939,
2022,050551,0.992,
2022,050557,1.0,
2022,050561,1.0,
2022,050567,0.9957,
2022,050568,0.9997,
2022,050570,0.9972,
2022,050573,0.9997,
2022,050580,0.999,
2022,050581,0.9977,
2022,050586,0.9996,
2022,050588,0.9795,
2022,050589,0.9971,
2022,050590,0.9961,
2022,050597,0.9942,
2022,050599,0.9981,
2022,050603,0.9995,
2022,050604,1.0,
2022,050608,0.9958,
2022,050609,1.0,
2022,050624,0.9918,
2022,050625,0.9993,
2022,050633,0.9905,
2022,050636,0.9994,
2022,050641,0.9993,
2022,050663,0.995,
2022,050668,1.0,
2022,050674,0.9978,
2022,050677,1.0,
2022,050678,0.9984,
2022,050684,0.9992,
2022,050686,1.0,
2022,050689,0.9961,
2022,050690,1.0,
2022,050696,0.9982,
2022,050697,1.0,
2022,050701,0.9882,
2022,050704,1.0,
2022,050708,0.9956,
2022,050709,0.9874,
2022,050710,1.0,
2022,050714,1.0,
2022,050717,0.9898,
2022,050723,1.0,
2022,050724,0.9967,
2022,050726,1.0,
2022,050735,1.0,
2022,050736,0.9973,
2022,050737,0.9878,
2022,050738,1.0,
2022,050739,0.9876,
2022,050740,0.9941,
2022,050742,0.993,
2022,050744,0.9957,
2022,050745,0.9814,
2022,050746,0.9937,
2022,050747,0.9955,
2022,050748,1.0,
2022,050755,0.9864,
2022,050757,0.9991,
2022,050758,0.9961,
2022,050760,1.0,
2022,050761,0.9947,
2022,050763,1.0,
2022,050764,0.9974,
2022,050765,1.0,
2022,050766,0.9887,
2022,050767,1.0,
2022,050769,1.0,
2022,050770,0.9875,
2022,050771,0.9982,
2022,050772,1.0,
2022,050775,0.9811,
2022,050776,1.0,
2022,050777,1.0,
2022,050779,0.9944,
2022,050780,0.9961,
2022,050782,0.9784,
2022,050783,0.9946,
2022,050784,0.9998,
2022,050785,1.0,
2022,060001,0.9982,
2022,060003,0.9891,
2022,060004,0.9924,
2022,060006,1.0,
2022,060008,0.9933,
2022,060009,0.9991,
2022,060010,1.0,
2022,060011,0.9994,
2022,060012,0.9999,
2022,060013,1.0,
2022,060014,0.9961,
2022,060015,0.9994,
2022,060020,1.0,
2022,060022,1.0,
2022,060023,0.999,
2022,060024,0.9981,
2022,060027,0.9981,
2022,060028,0.9991,
2022,060030,0.9998,
2022,060031,1.0,
2022,060032,0.9998,
2022,060034,0.9976,
2022,060044,1.0,
2022,060049,1.0,
2022,060054,1.0,
2022,060064,0.9993,
2022,060065,0.9994,
2022,060071,0.9996,
2022,060075,0.9999,
2022,060076,0.994,
2022,060096,1.0,
2022,060100,0.9966,
2022,060103,1.0,
2022,060104,0.9952,
2022,060107,1.0,
2022,060112,1.0,
2022,060113,0.9997,
2022,060114,0.9921,
2022,060116,0.9991,
2022,060117,1.0,
2022,060118,0.9961,
2022,060119,1.0,
2022,060124,1.0,
2022,060125,0.9897,
2022,060126,0.9868,
2022,060128,0.9995,
2022,060129,0.9966,
2022,060130,1.0,
2022,060131,1.0,
2022,060132,1.0,
2022,070002,0.9944,
2022,070003,0.9973,
2022,070004,0.9998,
2022,070005,0.9887,
2022,070006,0.9978,
2022,070007,0.9992,
2022,070008,0.9933,
2022,070010,0.9785,
2022,070011,0.9962,
2022,070012,0.977,
2022,070016,0.9938,
2022,070017,0.9955,
2022,070018,0.9947,
2022,070020,0.9833,
2022,070021,0.9992,
2022,070022,0.9924,
2022,070024,0.9844,
2022,070025,0.9943,
2022,070027,0.982,
2022,070028,0.9959,
2022,070029,0.9866,
2022,070031,0.9998,
2022,070033,0.9969,
2022,070034,0.9926,
2022,070035,0.9936,
2022,070036,0.9922,
2022,070039,1.0,
2022,070040,1.0,
2022,080001,0.9994,
2022,080003,0.9994,
2022,080004,0.9894,
2022,080006,0.9872,
2022,080007,0.9987,
2022,080009,0.991,
2022,090001,0.9941,
2022,090003,0.9938,
2022,090004,0.9994,
2022,090005,0.9999,
2022,090008,0.9977,
2022,090011,0.9982,
2022,100001,0.9969,
2022,100002,0.9976,
2022,100006,0.9767,
2022,100007,0.9886,
2022,100008,0.9963,
2022,100012,0.9921,
2022,100014,0.9899,
2022,100017,1.0,
2022,100018,1.0,
2022,100019,0.9959,
2022,100022,0.9961,
2022,100023,0.9928,
2022,100025,0.9999,
2022,100026,0.9991,
2022,100028,1.0,
2022,100029,0.9911,
2022,100030,0.987,
2022,100032,0.9878,
2022,100034,0.9988,
2022,100035,0.9892,
2022,100038,0.9955,
2022,100039,0.991,
2022,100040,0.97,
2022,100043,0.996,
2022,100044,0.9782,
2022,100045,0.9856,
2022,100046,0.9987,
2022,100047,0.9947,
2022,100048,0.99,
2022,100049,0.9802,
2022,100050,0.9938,
2022,100051,0.9798,
2022,100052,0.998,
2022,100053,0.9962,
2022,100054,0.9766,
2022,100055,0.992,
2022,100057,0.9862,
2022,100062,0.9865,
2022,100063,0.9985,
2022,100067,0.9984,
2022,100068,0.9876,
2022,100069,0.998,
2022,100070,0.9972,
2022,100071,0.9965,
2022,100072,0.9831,
2022,100073,0.9988,
2022,100075,0.9996,
2022,100077,0.9746,
2022,100080,0.9887,
2022,100081,0.9994,
2022,100084,0.9937,
2022,100086,0.9963,
2022,100087,0.9998,
2022,100088,0.9965,
2022,100090,0.9894,
2022,100092,0.9917,
2022,100093,0.997,
2022,100099,0.9838,
2022,100105,0.9986,
2022,100106,0.9893,
2022,100107,0.9997,
2022,100109,0.998,
2022,100110,0.9862,
2022,100113,0.9922,
2022,100117,0.9903,
2022,100118,0.9882,
2022,100121,0.9943,
2022,100122,0.9967,
2022,100124,0.9902,
2022,100125,0.9991,
2022,100126,0.976,
2022,100127,0.9971,
2022,100128,0.9989,
2022,100130,0.9971,
2022,100131,0.9861,
2022,100132,0.9997,
2022,100134,0.9931,
2022,100135,0.9984,
2022,100137,0.9869,
2022,100140,0.9951,
2022,100142,0.9847,
2022,100150,0.9973,
2022,100151,0.9878,
2022,100154,0.9901,
2022,100156,0.9796,
2022,100157,0.9764,
2022,100161,0.9849,
2022,100166,0.9997,
2022,100167,0.9953,
2022,100168,0.9819,
2022,100173,0.9957,
2022,100175,0.998,
2022,100176,0.9821,
2022,100177,0.997,
2022,100179,0.9824,
2022,100180,0.9889,
2022,100181,0.9977,
2022,100183,0.9995,
2022,100187,0.9946,
2022,100189,0.9922,
2022,100191,0.9843,
2022,100200,0.992,
2022,100204,0.9771,
2022,100206,0.996,
2022,100209,0.9922,
2022,100211,0.9981,
2022,100212,0.9922,
2022,100213,0.9886,
2022,100217,0.998,
2022,100220,0.9972,
2022,100223,0.9858,
2022,100224,0.9936,
2022,100226,0.9966,
2022,100228,0.9896,
2022,100230,0.9981,
2022,100231,0.9779,
2022,100232,0.9848,
2022,100236,0.9869,
2022,100238,0.9861,
2022,100242,0.9863,
2022,100243,0.9812,
2022,100244,0.9949,
2022,100246,0.9746,
2022,100248,0.9843,
2022,100249,0.9985,
2022,100252,0.9824,
2022,100253,0.9951,
2022,100254,0.9855,
2022,100256,0.9846,
2022,100258,0.9941,
2022,100259,0.9807,
2022,100260,0.97,
2022,100264,0.9765,
2022,100265,1.0,
2022,100266,0.9921,
2022,100267,0.995,
2022,100268,0.9925,
2022,100269,0.9933,
2022,100275,0.9881,
2022,100276,0.9915,
2022,100277,1.0,
2022,100281,0.9957,
2022,100284,0.9852,
2022,100285,1.0,
2022,100286,0.9795,
2022,100287,0.9969,
2022,100288,0.9996,
2022,100289,0.9962,
2022,100290,0.9932,
2022,100291,0.9833,
2022,100292,0.9994,
2022,100296,0.9999,
2022,100299,0.9998,
2022,100302,0.996,
2022,100307,0.9897,
2022,100313,0.9988,
2022,100314,0.998,
2022,100315,0.995,
2022,100316,1.0,
2022,100319,0.9995,
2022,100320,0.9841,
2022,100321,0.9939,
2022,100329,0.9983,
2022,110001,0.997,
2022,110002,0.9925,
2022,110003,0.9887,
2022,110005,0.9994,
2022,110006,0.9746,
2022,110007,0.993,
2022,110008,0.9911,
2022,110010,0.9989,
2022,110011,0.985,
2022,110015,0.9951,
2022,110016,0.992,
2022,110018,0.9994,
2022,110023,0.9928,
2022,110024,0.9987,
2022,110025,0.9856,
2022,110027,0.9971,
2022,110028,0.9873,
2022,110029,0.9896,
2022,110030,0.9857,
2022,110031,0.9992,
2022,110032,0.996,
2022,110034,0.9998,
2022,110035,0.9977,
2022,110036,0.9976,
2022,110038,0.9889,
2022,110040,0.9991,
2022,110041,1.0,
2022,110042,0.9844,
2022,110043,0.9982,
2022,110044,0.9936,
2022,110045,0.9989,
2022,110046,0.9997,
2022,110050,0.9993,
2022,110051,0.9927,
2022,110054,0.989,
2022,110064,0.9989,
2022,110069,0.9859,
2022,110071,1.0,
2022,110073,0.9962,
2022,110074,0.9986,
2022,110075,0.9966,
2022,110076,0.9933,
2022,110078,0.995,
2022,110079,0.9946,
2022,110082,0.9946,
2022,110083,0.9988,
2022,110086,1.0,
2022,110087,0.9973,
2022,110089,0.9862,
2022,110091,0.9995,
2022,110092,0.9998,
2022,110095,0.9901,
2022,110100,1.0,
2022,110101,1.0,
2022,110104,0.9953,
2022,110105,0.9934,
2022,110107,0.9884,
2022,110109,1.0,
2022,110111,1.0,
2022,110113,1.0,
2022,110115,0.9968,
2022,110121,0.9978,
2022,110122,0.9954,
2022,110124,0.9847,
2022,110125,0.9976,
2022,110128,1.0,
2022,110129,1.0,
2022,110130,1.0,
2022,110132,1.0,
2022,110135,1.0,
2022,110142,1.0,
2022,110143,0.9898,
2022,110146,0.986,
2022,110150,0.9954,
2022,110153,0.9726,
2022,110161,0.9961,
2022,110164,0.97,
2022,110165,0.9985,
2022,110168,0.9938,
2022,110177,0.9954,
2022,110184,0.9976,
2022,110189,0.9973,
2022,110191,0.9956,
2022,110192,0.9943,
2022,110194,0.9979,
2022,110198,0.9854,
2022,110200,0.97,
2022,110201,0.9953,
2022,110215,0.9849,
2022,110225,0.998,
2022,110226,0.9981,
2022,110229,0.9908,
2022,110230,0.9905,
2022,110233,0.9992,
2022,110234,1.0,
2022,110236,0.9974,
2022,110237,1.0,
2022,120001,0.9995,
2022,120002,1.0,
2022,120004,0.9989,
2022,120005,1.0,
2022,120006,0.9983,
2022,120007,0.9998,
2022,120011,0.9992,
2022,120014,0.9977,
2022,120019,0.9972,
2022,120022,0.9996,
2022,120026,1.0,
2022,120028,0.997,
2022,130002,1.0,
2022,130003,0.9988,
2022,130006,0.9996,
2022,130007,0.9994,
2022,130013,0.9942,
2022,130014,0.9975,
2022,130018,0.9976,
2022,130025,0.9973,
2022,130028,0.9974,
2022,130049,1.0,
2022,130063,1.0,
2022,130065,1.0,
2022,130066,1.0,
2022,130071,0.9957,
2022,140001,0.992,
2022,140002,0.9769,
2022,140007,0.9918,
2022,140008,0.9994,
2022,140010,0.9956,
2022,140011,0.9802,
2022,140012,0.9996,
2022,140013,0.9964,
2022,140015,0.9926,
2022,140018,0.9953,
2022,140019,1.0,
2022,140029,0.9965,
2022,140030,0.9977,
2022,140032,0.9814,
2022,140034,1.0,
2022,140040,0.9944,
2022,140043,0.9964,
2022,140046,0.9985,
2022,140048,0.9973,
2022,140049,0.992,
2022,140052,0.9954,
2022,140053,0.996,
2022,140054,0.997,
2022,140058,0.9991,
2022,140059,1.0,
2022,140062,0.97,
2022,140063,0.9976,
2022,140064,0.9908,
2022,140065,0.9953,
2022,140067,0.9812,
2022,140068,0.9996,
2022,140077,1.0,
2022,140080,0.9973,
2022,140082,0.9987,
2022,140083,0.9991,
2022,140084,0.9879,
2022,140088,0.9985,
2022,140089,0.9913,
2022,140091,0.9855,
2022,140093,0.9815,
2022,140095,0.9991,
2022,140100,1.0,
2022,140101,0.9961,
2022,140103,0.9954,
2022,140110,0.9985,
2022,140113,0.984,
2022,140114,0.992,
2022,140115,0.9998,
2022,140116,0.9955,
2022,140117,0.9982,
2022,140119,0.9971,
2022,140120,0.9838,
2022,140122,0.9995,
2022,140124,0.9998,
2022,140125,0.9918,
2022,140127,0.9741,
2022,140130,0.9786,
2022,140133,0.9924,
2022,140135,0.9951,
2022,140137,1.0,
2022,140143,0.9725,
2022,140145,1.0,
2022,140147,1.0,
2022,140148,0.9917,
2022,140150,0.9964,
2022,140155,1.0,
2022,140158,0.9901,
2022,140160,0.9761,
2022,140161,0.9878,
2022,140162,0.9945,
2022,140164,0.9818,
2022,140166,0.9784,
2022,140167,0.9989,
2022,140172,0.9845,
2022,140174,0.9984,
2022,140177,0.9996,
2022,140179,0.9931,
2022,140180,0.9948,
2022,140181,0.9995,
2022,140182,0.9985,
2022,140184,0.9969,
2022,140185,0.9919,
2022,140186,0.9797,
2022,140187,0.995,
2022,140189,0.97,
2022,140191,0.9948,
2022,140197,1.0,
2022,140200,0.9995,
2022,140202,0.9948,
2022,140206,0.9958,
2022,140208,0.9755,
2022,140209,0.9961,
2022,140210,0.9994,
2022,140211,0.9987,
2022,140213,0.9925,
2022,140217,0.9937,
2022,140223,0.9993,
2022,140224,0.9917,
2022,140228,0.9972,
2022,140231,0.9954,
2022,140233,0.9796,
2022,140234,0.9976,
2022,140239,0.9971,
2022,140240,0.9994,
2022,140242,1.0,
2022,140251,0.9945,
2022,140252,0.999,
2022,140258,0.9993,
2022,140275,0.9933,
2022,140276,0.9939,
2022,140280,0.9867,
2022,140281,0.997,
2022,140286,0.9969,
2022,140288,0.9876,
2022,140289,0.9931,
2022,140290,0.9993,
2022,140291,0.9977,
2022,140292,0.9983,
2022,140294,0.9939,
2022,140300,1.0,
2022,140304,0.9921,
2022,150001,1.0,
2022,150002,0.9899,
2022,150004,0.9923,
2022,150005,1.0,
2022,150006,0.9891,
2022,150007,0.9985,
2022,150008,0.9986,
2022,150009,0.987,
2022,150010,0.9995,
2022,150011,0.9993,
2022,150012,1.0,
2022,150015,0.9938,
2022,150017,1.0,
2022,150018,0.9972,
2022,150021,0.9974,
2022,150022,1.0,
2022,150023,0.9948,
2022,150024,1.0,
2022,150026,0.9997,
2022,150030,0.9853,
2022,150034,0.9729,
2022,150035,0.9961,
2022,150037,0.9997,
2022,150042,0.993,
2022,150044,0.9996,
2022,150045,0.9948,
2022,150046,0.9911,
2022,150047,0.9999,
2022,150048,0.9915,
2022,150051,1.0,
2022,150056,0.997,
2022,150057,0.9998,
2022,150058,0.9974,
2022,150059,0.9986,
2022,150061,0.9998,
2022,150065,1.0,
2022,150069,0.9902,
2022,150072,1.0,
2022,150074,0.9904,
2022,150075,0.9927,
2022,150076,0.9989,
2022,150082,0.9959,
2022,150084,0.9986,
2022,150086,0.9954,
2022,150088,1.0,
2022,150089,0.9997,
2022,150090,0.9956,
2022,150091,0.9973,
2022,150097,0.9906,
2022,150100,0.9978,
2022,150101,0.9942,
2022,150102,1.0,
2022,150104,0.9948,
2022,150109,0.9999,
2022,150112,0.9991,
2022,150113,0.99,
2022,150115,0.9994,
2022,150125,0.978,
2022,150126,0.9927,
2022,150128,0.9995,
2022,150133,0.9933,
2022,150146,0.9997,
2022,150150,0.9957,
2022,150153,1.0,
2022,150157,0.9992,
2022,150158,0.9946,
2022,150160,1.0,
2022,150161,0.9997,
2022,150162,0.9998,
2022,150165,0.9947,
2022,150166,0.9967,
2022,150167,1.0,
2022,150168,1.0,
2022,150169,0.9986,
2022,150172,1.0,
2022,150173,0.9981,
2022,150177,1.0,
2022,150181,0.9987,
2022,150183,0.997,
2022,160001,0.9983,
2022,160005,0.9998,
2022,160008,1.0,
2022,160013,1.0,
2022,160016,1.0,
2022,160028,1.0,
2022,160029,0.9936,
2022,160030,1.0,
2022,160032,0.9996,
2022,160033,0.9974,
2022,160040,0.9995,
2022,160045,0.9993,
2022,160047,0.9991,
2022,160057,0.995,
2022,160058,1.0,
2022,160064,0.9982,
2022,160067,1.0,
2022,160069,0.999,
2022,160079,0.9947,
2022,160080,0.9976,
2022,160082,0.9988,
2022,160083,0.9944,
2022,160089,0.9981,
2022,160101,0.9976,
2022,160104,0.9972,
2022,160110,0.9928,
2022,160112,0.9983,
2022,160117,0.9872,
2022,160122,0.9984,
2022,160124,1.0,
2022,160146,1.0,
2022,160147,0.9956,
2022,160153,0.9994,
2022,170006,0.9988,
2022,170009,0.9883,
2022,170012,0.9955,
2022,170013,0.9982,
2022,170014,1.0,
2022,170016,0.9989,
2022,170017,0.9948,
2022,170020,0.9923,
2022,170023,0.9965,
2022,170027,1.0,
2022,170040,0.9958,
2022,170049,0.9903,
2022,170068,0.9976,
2022,170074,0.9937,
2022,170075,1.0,
2022,170086,0.9883,
2022,170103,0.9998,
2022,170104,0.9991,
2022,170105,1.0,
2022,170109,0.9922,
2022,170110,0.9974,
2022,170120,0.9996,
2022,170122,0.9995,
2022,170123,1.0,
2022,170137,0.9979,
2022,170142,0.9969,
2022,170145,0.9973,
2022,170146,0.973,
2022,170150,0.9991,
2022,170166,1.0,
2022,170175,0.9972,
2022,170176,0.9875,
2022,170182,0.9814,
2022,170183,1.0,
2022,170185,0.998,
2022,170186,0.9932,
2022,170187,1.0,
2022,170188,1.0,
2022,170190,1.0,
2022,170191,0.9993,
2022,170194,1.0,
2022,170196,1.0,
2022,170197,1.0,
2022,170198,1.0,
2022,170199,1.0,
2022,170200,0.9909,
2022,170203,1.0,
2022,170204,1.0,
2022,180001,0.9944,
2022,180002,0.97,
2022,180004,0.995,
2022,180005,0.982,
2022,180009,0.9915,
2022,180010,0.9905,
2022,180011,0.9978,
2022,180012,0.9968,
2022,180013,0.9861,
2022,180016,0.9998,
2022,180017,0.9928,
2022,180018,0.9905,
2022,180019,0.9999,
2022,180020,1.0,
2022,180024,0.9951,
2022,180025,0.9988,
2022,180027,0.9928,
2022,180029,0.97,
2022,180035,0.9952,
2022,180036,0.9853,
2022,180038,0.9974,
2022,180040,0.9947,
2022,180043,0.9978,
2022,180044,0.9759,
2022,180045,0.9972,
2022,180046,0.9946,
2022,180048,0.9955,
2022,180049,0.9985,
2022,180050,0.97,
2022,180051,0.9979,
2022,180056,0.986,
2022,180064,1.0,
2022,180066,0.9981,
2022,180067,0.9976,
2022,180069,0.97,
2022,180070,0.9909,
2022,180078,0.9932,
2022,180079,0.9975,
2022,180080,0.9905,
2022,180087,1.0,
2022,180088,0.9951,
2022,180092,0.996,
2022,180093,0.9979,
2022,180095,0.9946,
2022,180101,0.9939,
2022,180102,0.9877,
2022,180103,0.9959,
2022,180104,0.9974,
2022,180105,0.9866,
2022,180106,0.9947,
2022,180115,0.9952,
2022,180116,0.9887,
2022,180124,0.97,
2022,180127,0.9861,
2022,180128,0.9947,
2022,180130,1.0,
2022,180132,0.9961,
2022,180138,0.9972,
2022,180139,0.9923,
2022,180141,0.9999,
2022,180143,0.97,
2022,180149,1.0,
2022,180154,1.0,
2022,190002,1.0,
2022,190004,0.9899,
2022,190005,0.9992,
2022,190006,1.0,
2022,190007,1.0,
2022,190008,0.9894,
2022,190011,0.9943,
2022,190013,0.992,
2022,190014,0.995,
2022,190015,0.9926,
2022,190017,0.9933,
2022,190019,0.9976,
2022,190020,0.9955,
2022,190025,0.9987,
2022,190026,0.9937,
2022,190027,0.9959,
2022,190034,1.0,
2022,190036,0.9969,
2022,190039,0.9996,
2022,190040,0.994,
2022,190041,0.9856,
2022,190044,0.9982,
2022,190045,0.9836,
2022,190046,0.9936,
2022,190050,0.9997,
2022,190053,0.9909,
2022,190054,0.9968,
2022,190060,0.9979,
2022,190064,1.0,
2022,190065,0.9973,
2022,190079,0.996,
2022,190081,0.9925,
2022,190086,0.9982,
2022,190088,0.9987,
2022,190090,0.989,
2022,190098,0.9991,
2022,190099,0.9971,
2022,190102,0.9931,
2022,190106,0.9995,
2022,190111,0.9983,
2022,190114,0.9957,
2022,190116,0.9904,
2022,190118,1.0,
2022,190125,0.9968,
2022,190133,1.0,
2022,190140,0.9898,
2022,190144,0.9942,
2022,190145,0.997,
2022,190146,0.9965,
2022,190151,0.9935,
2022,190160,0.9786,
2022,190164,0.983,
2022,190167,0.9985,
2022,190176,0.9849,
2022,190183,0.9983,
2022,190184,0.9889,
2022,190190,0.9972,
2022,190201,0.9989,
2022,190202,0.9979,
2022,190204,0.9974,
2022,190208,0.9873,
2022,190218,0.9968,
2022,190241,1.0,
2022,190245,1.0,
2022,190251,1.0,
2022,190255,0.9959,
2022,190256,1.0,
2022,190259,1.0,
2022,190267,1.0,
2022,190270,0.9862,
2022,190274,0.9989,
2022,190278,1.0,
2022,190298,0.992,
2022,190302,1.0,
2022,190303,0.9815,
2022,190308,0.9986,
2022,190312,1.0,
2022,190313,1.0,
2022,200001,0.9923,
2022,200008,1.0,
2022,200009,0.9989,
2022,200018,0.9855,
2022,200019,0.9963,
2022,200020,0.9981,
2022,200021,0.9987,
2022,200024,0.9993,
2022,200031,0.9982,
2022,200033,1.0,
2022,200034,0.9931,
2022,200037,0.9987,
2022,200039,0.9968,
2022,200041,1.0,
2022,200050,0.9986,
2022,200052,1.0,
2022,200063,1.0,
2022,220001,0.9949,
2022,220002,0.9923,
2022,220008,0.9784,
2022,220010,0.9894,
2022,220011,0.9991,
2022,220012,0.9875,
2022,220015,0.9948,
2022,220016,0.9945,
2022,220017,0.9966,
2022,220019,0.9888,
2022,220020,0.97,
2022,220024,0.9938,
2022,220029,0.9713,
2022,220030,0.9949,
2022,220031,0.9963,
2022,220033,0.9809,
2022,220035,0.9847,
2022,220036,0.9789,
2022,220046,0.9999,
2022,220049,0.9886,
2022,220052,0.9897,
2022,220060,0.97,
2022,220063,0.9872,
2022,220065,0.9948,
2022,220066,0.9945,
2022,220070,0.9854,
2022,220071,0.9976,
2022,220073,0.9854,
2022,220074,0.9793,
2022,220075,1.0,
2022,220077,0.9988,
2022,220080,0.9909,
2022,220083,0.991,
2022,220084,1.0,
2022,220086,0.9887,
2022,220088,1.0,
2022,220090,0.9736,
2022,220095,0.9913,
2022,220098,0.9951,
2022,220100,0.986,
2022,220101,0.9953,
2022,220105,0.9776,
2022,220108,0.97,
2022,220110,0.9995,
2022,220111,0.9777,
2022,220116,0.9959,
2022,220119,0.9904,
2022,220126,0.9863,
2022,220135,0.9999,
2022,220163,0.9932,
2022,220171,0.9922,
2022,220175,0.9969,
2022,220176,0.9955,
2022,220177,0.9994,
2022,230002,0.9945,
2022,230003,0.9999,
2022,230005,1.0,
2022,230013,1.0,
2022,230015,1.0,
2022,230017,1.0,
2022,230019,0.9983,
2022,230020,0.9827,
2022,230021,0.9993,
2022,230022,0.9995,
2022,230024,0.9877,
2022,230029,0.994,
2022,230030,0.9995,
2022,230031,0.9856,
2022,230035,0.9805,
2022,230036,1.0,
2022,230037,0.9978,
2022,230038,0.9947,
2022,230041,0.9948,
2022,230046,0.9991,
2022,230047,0.9916,
2022,230053,0.9983,
2022,230054,0.9973,
2022,230055,0.9993,
2022,230058,0.9956,
2022,230059,0.9999,
2022,230066,1.0,
2022,230069,0.9999,
2022,230070,0.9901,
2022,230072,0.9979,
2022,230075,1.0,
2022,230077,0.994,
2022,230078,0.97,
2022,230080,0.9982,
2022,230081,1.0,
2022,230085,1.0,
2022,230089,0.9819,
2022,230092,0.9965,
2022,230093,0.9999,
2022,230095,0.989,
2022,230096,0.999,
2022,230097,0.9982,
2022,230099,0.9931,
2022,230100,0.9986,
2022,230104,0.9951,
2022,230105,1.0,
2022,230108,1.0,
2022,230110,0.9904,
2022,230117,1.0,
2022,230118,0.9794,
2022,230121,0.9927,
2022,230130,0.9826,
2022,230132,0.9976,
2022,230133,0.9998,
2022,230141,0.99,
2022,230142,0.9925,
2022,230146,0.9879,
2022,230151,0.9953,
2022,230156,1.0,
2022,230165,0.9931,
2022,230167,0.9978,
2022,230174,0.97,
2022,230176,0.9931,
2022,230180,0.9957,
2022,230193,0.9991,
2022,230195,0.9849,
2022,230197,0.991,
2022,230207,0.995,
2022,230208,0.9927,
2022,230216,0.9909,
2022,230217,0.9975,
2022,230222,0.9898,
2022,230227,0.994,
2022,230230,0.9964,
2022,230236,1.0,
2022,230239,0.9991,
2022,230241,0.9991,
2022,230244,0.9872,
2022,230254,0.978,
2022,230259,1.0,
2022,230264,1.0,
2022,230269,0.9878,
2022,230270,0.9887,
2022,230273,0.9969,
2022,230277,0.9786,
2022,230297,0.9997,
2022,230301,1.0,
2022,230302,0.9849,
2022,230303,0.9976,
2022,240001,0.9993,
2022,240002,0.9999,
2022,240004,0.9999,
2022,240006,1.0,
2022,240010,1.0,
2022,240014,0.9998,
2022,240018,1.0,
2022,240019,1.0,
2022,240020,0.9955,
2022,240022,1.0,
2022,240030,1.0,
2022,240036,0.999,
2022,240038,0.998,
2022,240040,1.0,
2022,240043,0.9972,
2022,240044,0.9952,
2022,240047,0.9967,
2022,240050,0.998,
2022,240052,0.9994,
2022,240053,0.9995,
2022,240056,1.0,
2022,240057,0.9994,
2022,240059,0.993,
2022,240063,0.9973,
2022,240064,0.9965,
2022,240066,0.999,
2022,240069,0.9976,
2022,240071,0.9995,
2022,240075,0.998,
2022,240076,0.9991,
2022,240078,0.9964,
2022,240080,0.9996,
2022,240084,0.9976,
2022,240088,1.0,
2022,240093,1.0,
2022,240100,0.9976,
2022,240101,0.9967,
2022,240104,0.9992,
2022,240106,0.9976,
2022,240115,0.9976,
2022,240141,1.0,
2022,240166,0.9978,
2022,240187,0.9983,
2022,240206,1.0,
2022,240207,0.9955,
2022,240210,0.9996,
2022,240213,0.9998,
2022,240214,0.9998,
2022,250001,0.9979,
2022,250002,0.9969,
2022,250004,0.9998,
2022,250006,0.9952,
2022,250007,0.995,
2022,250009,0.9784,
2022,250012,0.9987,
2022,250017,1.0,
2022,250018,1.0,
2022,250019,0.9883,
2022,250020,1.0,
2022,250025,0.9935,
2022,250027,0.9976,
2022,250031,0.9924,
2022,250034,0.9873,
2022,250036,0.9982,
2022,250038,0.9999,
2022,250040,0.9804,
2022,250042,1.0,
2022,250043,0.988,
2022,250044,0.9993,
2022,250048,0.9932,
2022,250049,0.9995,
2022,250050,0.9897,
2022,250057,0.9956,
2022,250058,0.9816,
2022,250060,1.0,
2022,250061,0.9965,
2022,250067,0.9997,
2022,250069,0.9988,
2022,250072,0.9897,
2022,250077,0.9942,
2022,250078,0.986,
2022,250082,0.9897,
2022,250084,0.9981,
2022,250085,0.9966,
2022,250093,0.9899,
2022,250094,0.9922,
2022,250095,0.9994,
2022,250096,0.9993,
2022,250097,0.9886,
2022,250099,0.9982,
2022,250100,0.997,
2022,250102,0.9959,
2022,250104,0.9914,
2022,250117,0.9848,
2022,250123,0.9997,
2022,250124,0.996,
2022,250127,1.0,
2022,250128,0.9933,
2022,250134,0.9961,
2022,250136,1.0,
2022,250138,0.9979,
2022,250141,0.9873,
2022,250162,0.9995,
2022,250167,0.9926,
2022,250168,0.996,
2022,260001,0.9816,
2022,260005,0.9966,
2022,260006,0.9941,
2022,260009,0.9906,
2022,260011,0.9911,
2022,260017,0.9999,
2022,260020,0.994,
2022,260022,0.9992,
2022,260023,0.9962,
2022,260024,0.9943,
2022,260025,0.987,
2022,260027,0.9974,
2022,260032,0.9985,
2022,260034,1.0,
2022,260040,0.9932,
2022,260047,0.9912,
2022,260048,1.0,
2022,260050,0.9992,
2022,260052,0.9967,
2022,260057,0.9995,
2022,260059,0.9975,
2022,260061,1.0,
2022,260062,0.9975,
2022,260064,0.995,
2022,260065,1.0,
2022,260068,0.9978,
2022,260070,0.9992,
2022,260074,0.9985,
2022,260077,0.9801,
2022,260078,0.9983,
2022,260081,0.9936,
2022,260085,0.9957,
2022,260091,1.0,
2022,260094,0.9991,
2022,260095,0.9926,
2022,260096,0.9909,
2022,260097,0.9975,
2022,260102,0.9782,
2022,260104,0.9973,
2022,260105,0.9962,
2022,260108,0.9959,
2022,260110,0.9942,
2022,260113,0.9962,
2022,260119,0.9844,
2022,260137,0.9999,
2022,260138,0.9975,
2022,260141,0.9981,
2022,260142,0.9951,
2022,260160,0.992,
2022,260162,0.9987,
2022,260163,0.9973,
2022,260175,0.9744,
2022,260176,0.9828,
2022,260177,0.9916,
2022,260179,0.9958,
2022,260180,0.9976,
2022,260183,0.9976,
2022,260186,0.9936,
2022,260190,0.9814,
2022,260191,0.9868,
2022,260193,0.97,
2022,260195,0.9926,
2022,260200,0.9965,
2022,260209,1.0,
2022,260210,0.9986,
2022,260214,0.9781,
2022,260216,0.9889,
2022,260219,0.9796,
2022,270003,0.999,
2022,270004,1.0,
2022,270012,0.9958,
2022,270014,1.0,
2022,270017,0.9885,
2022,270023,0.9899,
2022,270032,1.0,
2022,270049,0.9993,
2022,270051,0.9982,
2022,270057,0.9997,
2022,270074,1.0,
2022,270086,1.0,
2022,270087,1.0,
2022,280003,1.0,
2022,280009,0.9955,
2022,280013,0.9999,
2022,280020,1.0,
2022,280023,1.0,
2022,280032,0.9987,
2022,280040,0.9999,
2022,280060,0.9985,
2022,280061,0.9994,
2022,280065,0.9948,
2022,280077,1.0,
2022,280081,0.998,
2022,280105,0.9968,
2022,280111,0.9986,
2022,280125,0.9973,
2022,280127,1.0,
2022,280128,0.992,
2022,280129,1.0,
2022,280130,0.9965,
2022,280131,1.0,
2022,280132,0.9895,
2022,280134,0.9911,
2022,290001,1.0,
2022,290003,0.9866,
2022,290005,0.9904,
2022,290007,0.9988,
2022,290008,0.999,
2022,290009,0.9969,
2022,290012,0.9946,
2022,290019,0.99,
2022,290021,0.9929,
2022,290022,0.991,
2022,290032,0.9816,
2022,290039,0.9785,
2022,290041,0.9757,
2022,290045,0.9961,
2022,290046,0.986,
2022,290047,0.9892,
2022,290049,0.9863,
2022,290053,0.9902,
2022,290054,0.9723,
2022,290057,0.9869,
2022,290058,0.996,
2022,300001,0.9879,
2022,300003,0.9995,
2022,300005,0.9999,
2022,300011,0.9783,
2022,300012,0.9901,
2022,300014,0.9987,
2022,300017,0.9903,
2022,300018,0.9963,
2022,300019,0.9984,
2022,300020,0.9891,
2022,300023,0.9958,
2022,300029,0.9981,
2022,300034,0.9896,
2022,310001,0.9997,
2022,310002,0.9984,
2022,310003,0.986,
2022,310005,0.9771,
2022,310006,0.9912,
2022,310008,0.9802,
2022,310009,1.0,
2022,310010,0.9802,
2022,310011,0.995,
2022,310012,0.9983,
2022,310014,0.9968,
2022,310015,1.0,
2022,310016,0.993,
2022,310017,0.9981,
2022,310019,0.9754,
2022,310021,0.9967,
2022,310022,0.9765,
2022,310024,0.9929,
2022,310025,0.9904,
2022,310027,0.9937,
2022,310028,0.9933,
2022,310029,0.9884,
2022,310031,0.9951,
2022,310032,0.9859,
2022,310034,0.9928,
2022,310038,0.9932,
2022,310039,0.9901,
2022,310040,0.9895,
2022,310041,0.9903,
2022,310044,0.9958,
2022,310045,0.9859,
2022,310047,0.9917,
2022,310048,0.9912,
2022,310050,0.9847,
2022,310051,0.9997,
2022,310052,0.9926,
2022,310054,0.9886,
2022,310057,0.9991,
2022,310058,0.9996,
2022,310060,0.9921,
2022,310061,0.9974,
2022,310064,0.9952,
2022,310069,0.9803,
2022,310070,0.994,
2022,310073,0.9968,
2022,310074,0.9976,
2022,310075,0.9986,
2022,310076,0.9974,
2022,310081,0.9957,
2022,310083,0.9836,
2022,310084,0.9913,
2022,310086,0.9946,
2022,310091,1.0,
2022,310092,0.9999,
2022,310096,0.9971,
2022,310108,0.986,
2022,310110,0.9935,
2022,310111,0.9986,
2022,310112,0.9882,
2022,310113,0.9997,
2022,310115,1.0,
2022,310118,0.9867,
2022,310119,0.9982,
2022,310130,0.9799,
2022,320001,1.0,
2022,320002,1.0,
2022,320003,0.9997,
2022,320004,1.0,
2022,320005,0.9883,
2022,320006,0.9993,
2022,320009,0.9987,
2022,320011,0.97,
2022,320017,0.9997,
2022,320018,0.9943,
2022,320021,0.9974,
2022,320022,1.0,
2022,320030,0.9961,
2022,320033,1.0,
2022,320038,0.9996,
2022,320059,0.9981,
2022,320060,1.0,
2022,320061,0.9997,
2022,320062,1.0,
2022,320063,0.9972,
2022,320065,0.9985,
2022,320067,1.0,
2022,320070,1.0,
2022,320074,0.9925,
2022,320084,0.9988,
2022,320085,0.9959,
2022,320086,0.9877,
2022,320089,0.97,
2022,320090,1.0,
2022,330005,0.9993,
2022,330006,0.9962,
2022,330008,0.9913,
2022,330009,0.9991,
2022,330011,0.9961,
2022,330013,0.9966,
2022,330014,0.9979,
2022,330019,0.9911,
2022,330023,0.9866,
2022,330024,0.9998,
2022,330027,0.9978,
2022,330028,0.9992,
2022,330030,0.9878,
2022,330033,0.9955,
2022,330043,0.9945,
2022,330044,0.9985,
2022,330045,0.9892,
2022,330046,0.9974,
2022,330047,0.9988,
2022,330049,0.987,
2022,330055,0.9975,
2022,330056,0.9978,
2022,330057,0.9896,
2022,330058,0.9934,
2022,330059,0.9903,
2022,330065,0.9985,
2022,330073,0.9942,
2022,330074,0.9971,
2022,330078,0.9976,
2022,330079,0.9944,
2022,330080,0.9987,
2022,330084,0.9951,
2022,330085,0.9928,
2022,330086,0.9955,
2022,330090,0.9977,
2022,330094,0.9824,
2022,330096,0.9948,
2022,330101,0.997,
2022,330102,0.9981,
2022,330103,0.9856,
2022,330104,0.9801,
2022,330106,0.9953,
2022,330107,0.9949,
2022,330111,0.9918,
2022,330115,0.995,
2022,330119,0.9962,
2022,330125,0.9912,
2022,330126,0.9973,
2022,330127,0.9973,
2022,330128,0.9988,
2022,330135,0.9896,
2022,330136,0.9919,
2022,330140,0.984,
2022,330141,0.9816,
2022,330144,0.9994,
2022,330151,1.0,
2022,330153,0.9975,
2022,330157,0.9954,
2022,330158,0.9849,
2022,330160,0.9981,
2022,330162,0.9772,
2022,330163,0.9939,
2022,330164,0.9984,
2022,330166,1.0,
2022,330169,0.9911,
2022,330175,0.9997,
2022,330180,1.0,
2022,330181,1.0,
2022,330182,0.9867,
2022,330184,0.9997,
2022,330185,0.9915,
2022,330188,0.9956,
2022,330191,0.997,
2022,330193,0.9998,
2022,330194,0.9941,
2022,330195,0.9937,
2022,330196,0.9899,
2022,330197,0.9927,
2022,330198,0.9857,
2022,330199,1.0,
2022,330201,0.9938,
2022,330202,0.9968,
2022,330203,0.9807,
2022,330204,0.9988,
2022,330205,0.9894,
2022,330208,0.9898,
2022,330211,0.9986,
2022,330214,0.9982,
2022,330215,0.9968,
2022,330218,0.9984,
2022,330219,1.0,
2022,330221,0.9908,
2022,330222,0.9966,
2022,330223,0.9812,
2022,330224,0.9703,
2022,330226,0.9822,
2022,330229,1.0,
2022,330231,0.9933,
2022,330233,0.9961,
2022,330234,0.9986,
2022,330235,0.975,
2022,330236,0.9882,
2022,330238,0.9938,
2022,330239,0.9946,
2022,330240,0.9989,
2022,330241,0.9961,
2022,330245,0.995,
2022,330246,0.9862,
2022,330250,0.9964,
2022,330259,0.9991,
2022,330261,0.9939,
2022,330264,0.9819,
2022,330265,0.9993,
2022,330267,0.9905,
2022,330270,1.0,
2022,330273,0.9911,
2022,330276,0.9968,
2022,330277,0.9863,
2022,330279,1.0,
2022,330285,0.9969,
2022,330286,0.977,
2022,330304,0.988,
2022,330307,0.9985,
2022,330331,0.996,
2022,330332,0.99,
2022,330350,0.9952,
2022,330385,1.0,
2022,330386,0.9891,
2022,330393,0.997,
2022,330394,0.9938,
2022,330395,0.9886,
2022,330396,0.999,
2022,330397,0.9967,
2022,330399,0.9995,
2022,330401,0.9992,
2022,340001,0.9999,
2022,340002,0.9995,
2022,340003,0.9972,
2022,340004,0.9918,
2022,340008,0.9984,
2022,340010,0.9952,
2022,340013,1.0,
2022,340014,0.9975,
2022,340015,0.9867,
2022,340016,0.9931,
2022,340017,0.9911,
2022,340020,0.9894,
2022,340021,0.9985,
2022,340023,1.0,
2022,340024,0.9894,
2022,340027,0.9963,
2022,340028,0.9808,
2022,340030,0.9987,
2022,340032,0.9882,
2022,340039,0.9843,
2022,340040,0.9954,
2022,340041,0.9982,
2022,340042,0.9952,
2022,340047,0.9988,
2022,340049,1.0,
2022,340050,1.0,
2022,340051,0.9991,
2022,340053,0.9991,
2022,340060,0.9951,
2022,340061,0.9999,
2022,340064,0.9942,
2022,340068,0.9979,
2022,340069,0.9988,
2022,340070,0.9991,
2022,340071,0.9933,
2022,340073,0.994,
2022,340075,1.0,
2022,340084,1.0,
2022,340085,0.9908,
2022,340087,1.0,
2022,340090,0.9977,
2022,340091,0.9994,
2022,340096,0.9794,
2022,340097,0.9819,
2022,340098,0.9803,
2022,340099,0.9981,
2022,340107,0.9984,
2022,340109,0.9989,
2022,340113,1.0,
2022,340114,0.9976,
2022,340115,0.9914,
2022,340116,0.9749,
2022,340119,0.9945,
2022,340120,0.9997,
2022,340123,0.9901,
2022,340126,0.9945,
2022,340127,0.9993,
2022,340129,0.9957,
2022,340130,0.9941,
2022,340131,0.9872,
2022,340132,0.9939,
2022,340133,0.9876,
2022,340141,0.9939,
2022,340142,0.9988,
2022,340143,0.9995,
2022,340144,0.9907,
2022,340145,0.9994,
2022,340147,0.9888,
2022,340151,0.9915,
2022,340155,0.9976,
2022,340156,0.9998,
2022,340158,0.9834,
2022,340159,0.9986,
2022,340166,0.9994,
2022,340171,1.0,
2022,340173,0.9741,
2022,340183,0.9881,
2022,340184,0.9933,
2022,340186,0.9948,
2022,340187,0.9993,
2022,340188,0.97,
2022,340190,1.0,
2022,350002,0.9994,
2022,350006,0.9983,
2022,350011,0.9982,
2022,350015,0.9989,
2022,350019,0.9997,
2022,350063,0.9953,
2022,350070,0.9979,
2022,360001,0.9892,
2022,360002,0.9854,
2022,360003,0.9996,
2022,360006,1.0,
2022,360008,0.9942,
2022,360009,0.9969,
2022,360010,1.0,
2022,360011,0.9903,
2022,360012,0.9984,
2022,360013,0.9942,
2022,360014,0.9911,
2022,360016,0.991,
2022,360017,0.9994,
2022,360020,0.9975,
2022,360025,0.993,
2022,360026,0.9993,
2022,360027,0.9917,
2022,360029,0.99,
2022,360032,0.9948,
2022,360035,0.9979,
2022,360036,0.9969,
2022,360037,0.9842,
2022,360039,0.9934,
2022,360040,0.9894,
2022,360041,0.9882,
2022,360044,1.0,
2022,360046,0.9885,
2022,360048,0.9988,
2022,360051,0.9954,
2022,360054,0.9983,
2022,360055,0.9822,
2022,360056,0.9928,
2022,360058,1.0,
2022,360059,0.9996,
2022,360064,0.994,
2022,360065,0.9964,
2022,360066,0.9916,
2022,360068,0.994,
2022,360070,0.9957,
2022,360071,1.0,
2022,360072,0.9959,
2022,360075,1.0,
2022,360076,0.9986,
2022,360077,0.9838,
2022,360078,0.9992,
2022,360079,0.9996,
2022,360080,0.9944,
2022,360081,0.9947,
2022,360082,0.9881,
2022,360084,0.9948,
2022,360085,0.9984,
2022,360086,0.9937,
2022,360087,0.9997,
2022,360089,0.9943,
2022,360090,0.987,
2022,360091,0.9909,
2022,360092,1.0,
2022,360095,0.9979,
2022,360096,0.9813,
2022,360098,0.9811,
2022,360107,0.9934,
2022,360109,0.9998,
2022,360112,0.9902,
2022,360118,0.9932,
2022,360121,0.9986,
2022,360123,0.9946,
2022,360125,0.9831,
2022,360131,0.9877,
2022,360132,0.9976,
2022,360133,0.9927,
2022,360134,0.994,
2022,360137,0.9958,
2022,360143,0.9928,
2022,360144,0.9875,
2022,360145,0.9948,
2022,360147,0.998,
2022,360148,1.0,
2022,360150,0.9979,
2022,360152,0.9981,
2022,360155,0.9967,
2022,360156,0.9866,
2022,360159,0.9935,
2022,360161,0.9947,
2022,360163,0.997,
2022,360170,0.9888,
2022,360172,0.9895,
2022,360174,0.9908,
2022,360175,0.9893,
2022,360179,0.9959,
2022,360180,0.9992,
2022,360185,0.9978,
2022,360189,0.996,
2022,360192,0.9996,
2022,360197,0.9903,
2022,360203,0.9948,
2022,360210,0.9995,
2022,360211,0.9868,
2022,360218,0.9979,
2022,360230,0.9865,
2022,360234,0.9941,
2022,360236,0.9914,
2022,360239,0.9978,
2022,360259,0.9945,
2022,360262,0.9908,
2022,360263,0.9855,
2022,360266,1.0,
2022,360270,0.9953,
2022,360276,0.9886,
2022,360348,0.9996,
2022,360351,1.0,
2022,360352,1.0,
2022,360354,0.9912,
2022,360355,1.0,
2022,360358,1.0,
2022,360359,0.9968,
2022,360360,0.9923,
2022,360361,0.9807,
2022,360364,0.9889,
2022,360365,1.0,
2022,360367,1.0,
2022,360368,1.0,
2022,370001,0.9898,
2022,370002,0.9996,
2022,370004,0.9952,
2022,370006,0.9922,
2022,370008,0.997,
2022,370013,0.9996,
2022,370014,0.9891,
2022,370015,0.9984,
2022,370016,0.9985,
2022,370018,0.9973,
2022,370019,0.999,
2022,370020,1.0,
2022,370022,0.9937,
2022,370023,0.9951,
2022,370025,0.9982,
2022,370026,1.0,
2022,370028,0.9983,
2022,370029,0.9993,
2022,370030,0.9985,
2022,370034,0.9913,
2022,370037,0.9987,
2022,370039,0.9968,
2022,370041,0.9997,
2022,370047,0.997,
2022,370049,0.9947,
2022,370054,0.9987,
2022,370056,0.9828,
2022,370057,1.0,
2022,370078,0.9993,
2022,370083,0.9966,
2022,370089,0.9984,
2022,370091,0.9928,
2022,370093,0.997,
2022,370094,0.9972,
2022,370097,0.9964,
2022,370099,0.9994,
2022,370100,0.9919,
2022,370106,0.998,
2022,370112,0.9974,
2022,370113,0.9992,
2022,370114,0.9966,
2022,370139,0.9996,
2022,370149,0.9927,
2022,370153,1.0,
2022,370158,1.0,
2022,370166,0.9977,
2022,370170,1.0,
2022,370171,0.9967,
2022,370172,1.0,
2022,370173,0.9998,
2022,370178,1.0,
2022,370180,1.0,
2022,370183,0.999,
2022,370190,1.0,
2022,370192,1.0,
2022,370201,1.0,
2022,370202,0.9937,
2022,370203,1.0,
2022,370210,0.9977,
2022,370211,0.9902,
2022,370212,0.9733,
2022,370214,1.0,
2022,370215,0.9983,
2022,370218,0.9891,
2022,370220,1.0,
2022,370222,1.0,
2022,370225,1.0,
2022,370227,0.9952,
2022,370228,0.97,
2022,370229,0.9986,
2022,370234,1.0,
2022,370235,0.9843,
2022,370236,0.9983,
2022,370237,1.0,
2022,370240,1.0,
2022,380001,0.9969,
2022,380002,1.0,
2022,380004,1.0,
2022,380005,1.0,
2022,380007,0.9992,
2022,380009,0.9996,
2022,380014,1.0,
2022,380017,0.9996,
2022,380018,1.0,
2022,380020,0.9981,
2022,380021,1.0,
2022,380022,0.9996,
2022,380025,0.9991,
2022,380027,0.996,
2022,380029,0.9996,
2022,380033,1.0,
2022,380037,0.999,
2022,380038,0.9995,
2022,380040,0.9974,
2022,380047,1.0,
2022,380050,0.986,
2022,380051,0.9972,
2022,380052,1.0,
2022,380056,1.0,
2022,380060,0.9896,
2022,380061,1.0,
2022,380071,0.9971,
2022,380075,0.9916,
2022,380082,0.9897,
2022,380089,1.0,
2022,380090,0.9959,
2022,380091,1.0,
2022,380102,0.9968,
2022,380103,1.0,
2022,390001,1.0,
2022,390002,0.9958,
2022,390003,0.9931,
2022,390004,0.9983,
2022,390006,1.0,
2022,390009,1.0,
2022,390012,0.9865,
2022,390013,0.9999,
2022,390016,0.9959,
2022,390026,0.9997,
2022,390027,0.9999,
2022,390028,0.9988,
2022,390030,0.9956,
2022,390032,0.9944,
2022,390035,0.9935,
2022,390036,0.9989,
2022,390037,0.9781,
2022,390039,0.9993,
2022,390041,0.992,
2022,390042,0.9988,
2022,390044,0.9987,
2022,390045,0.9975,
2022,390046,0.9964,
2022,390048,1.0,
2022,390049,0.9939,
2022,390050,0.9952,
2022,390052,0.9969,
2022,390056,1.0,
2022,390057,0.9942,
2022,390058,0.9907,
2022,390062,0.97,
2022,390063,0.9968,
2022,390065,0.9959,
2022,390066,0.999,
2022,390067,0.995,
2022,390068,0.9937,
2022,390070,0.9954,
2022,390071,1.0,
2022,390072,1.0,
2022,390073,0.9974,
2022,390076,0.9947,
2022,390079,0.9836,
2022,390081,0.9984,
2022,390086,0.9985,
2022,390090,0.9986,
2022,390091,0.9907,
2022,390093,0.9989,
2022,390096,0.9994,
2022,390097,0.9903,
2022,390100,1.0,
2022,390101,0.995,
2022,390102,0.9936,
2022,390104,0.9977,
2022,390107,0.9903,
2022,390110,0.9896,
2022,390111,0.9992,
2022,390112,0.9985,
2022,390113,0.9987,
2022,390114,0.9716,
2022,390115,0.9926,
2022,390116,0.9985,
2022,390117,0.998,
2022,390119,0.9797,
2022,390123,0.9952,
2022,390125,1.0,
2022,390127,0.9924,
2022,390133,0.9973,
2022,390137,0.9985,
2022,390138,0.9926,
2022,390139,0.9991,
2022,390142,0.9944,
2022,390145,0.9858,
2022,390146,0.9977,
2022,390147,0.9912,
2022,390150,0.9987,
2022,390151,0.997,
2022,390153,0.9917,
2022,390156,0.9904,
2022,390157,0.9993,
2022,390160,0.9932,
2022,390162,0.9899,
2022,390163,0.9979,
2022,390164,0.9947,
2022,390168,0.9962,
2022,390173,0.9899,
2022,390174,0.9989,
2022,390178,0.9987,
2022,390179,0.9957,
2022,390180,0.9996,
2022,390183,0.987,
2022,390184,1.0,
2022,390185,0.9862,
2022,390192,0.9987,
2022,390194,0.9952,
2022,390195,0.9995,
2022,390198,0.9919,
2022,390199,1.0,
2022,390201,0.9934,
2022,390203,0.9842,
2022,390204,1.0,
2022,390211,0.9934,
2022,390217,0.9955,
2022,390219,0.9842,
2022,390220,0.9883,
2022,390222,0.9862,
2022,390223,0.9997,
2022,390225,0.9986,
2022,390226,0.9937,
2022,390228,0.9909,
2022,390231,0.9957,
2022,390233,0.9956,
2022,390237,0.9943,
2022,390256,0.9975,
2022,390258,0.9846,
2022,390265,0.9774,
2022,390266,0.9939,
2022,390267,0.9889,
2022,390268,0.9995,
2022,390270,0.9992,
2022,390304,0.9993,
2022,390307,0.9989,
2022,390312,1.0,
2022,390314,1.0,
2022,390316,0.97,
2022,390321,0.978,
2022,390322,1.0,
2022,390323,1.0,
2022,390324,0.9878,
2022,390325,1.0,
2022,390326,0.9947,
2022,390327,0.9754,
2022,390328,0.9987,
2022,390329,0.9763,
2022,390330,0.9936,
2022,410004,0.9972,
2022,410005,0.9914,
2022,410006,0.9951,
2022,410007,0.9974,
2022,410008,0.9986,
2022,410009,0.9933,
2022,410010,1.0,
2022,410011,0.9895,
2022,410012,0.9975,
2022,410013,0.9997,
2022,420002,0.994,
2022,420004,0.9982,
2022,420005,0.9966,
2022,420007,0.998,
2022,420009,0.9803,
2022,420010,0.9905,
2022,420011,1.0,
2022,420015,0.9883,
2022,420018,0.9981,
2022,420019,0.9954,
2022,420020,0.9953,
2022,420023,0.9975,
2022,420026,0.989,
2022,420027,0.987,
2022,420030,0.9998,
2022,420033,0.9974,
2022,420036,0.9943,
2022,420037,1.0,
2022,420038,0.9998,
2022,420043,0.9976,
2022,420048,0.9986,
2022,420049,0.9965,
2022,420051,0.9967,
2022,420053,0.98,
2022,420055,0.9966,
2022,420057,1.0,
2022,420065,0.9998,
2022,420066,0.9996,
2022,420067,0.996,
2022,420068,0.9946,
2022,420070,0.9929,
2022,420071,0.9975,
2022,420072,0.9986,
2022,420073,0.9904,
2022,420078,0.9955,
2022,420079,0.9889,
2022,420080,0.9896,
2022,420082,0.9966,
2022,420085,0.9908,
2022,420086,1.0,
2022,420087,0.9998,
2022,420089,0.9781,
2022,420091,0.9911,
2022,420098,0.9925,
2022,420101,0.9963,
2022,420102,1.0,
2022,420103,0.9972,
2022,420104,0.9975,
2022,420105,0.9963,
2022,420106,0.9985,
2022,420107,0.9995,
2022,420108,1.0,
2022,420109,0.996,
2022,420110,1.0,
2022,430005,0.9987,
2022,430008,0.9978,
2022,430012,1.0,
2022,430013,1.0,
2022,430014,0.9995,
2022,430015,0.9903,
2022,430016,0.9981,
2022,430027,1.0,
2022,430048,0.9914,
2022,430077,0.9984,
2022,430083,1.0,
2022,430084,1.0,
2022,430089,0.977,
2022,430090,1.0,
2022,430091,1.0,
2022,430095,1.0,
2022,430097,0.9956,
2022,440001,0.9936,
2022,440002,0.9918,
2022,440003,0.9779,
2022,440006,0.9913,
2022,440007,0.9986,
2022,440008,0.9981,
2022,440009,0.9985,
2022,440010,0.9966,
2022,440011,0.9882,
2022,440012,0.9819,
2022,440015,0.9946,
2022,440016,0.999,
2022,440017,0.9954,
2022,440018,0.9903,
2022,440020,0.9984,
2022,440029,1.0,
2022,440030,0.9852,
2022,440031,0.9904,
2022,440032,0.9977,
2022,440033,0.9882,
2022,440034,0.9907,
2022,440035,0.9933,
2022,440039,0.9979,
2022,440040,0.9989,
2022,440046,0.9957,
2022,440048,0.9861,
2022,440049,0.9958,
2022,440050,0.9992,
2022,440053,0.9974,
2022,440056,0.9941,
2022,440057,0.9987,
2022,440058,0.9948,
2022,440059,0.9879,
2022,440060,0.9952,
2022,440061,0.9998,
2022,440063,0.9916,
2022,440065,0.9941,
2022,440068,0.9967,
2022,440072,0.9881,
2022,440073,0.9867,
2022,440081,0.9923,
2022,440082,0.9986,
2022,440084,0.9937,
2022,440091,1.0,
2022,440102,0.9985,
2022,440104,0.9934,
2022,440109,1.0,
2022,440110,0.9854,
2022,440111,1.0,
2022,440120,0.9968,
2022,440125,0.9985,
2022,440130,0.9992,
2022,440131,0.9852,
2022,440132,0.9976,
2022,440133,0.9971,
2022,440137,0.9997,
2022,440144,0.9975,
2022,440148,1.0,
2022,440150,0.9814,
2022,440151,0.9998,
2022,440152,0.9972,
2022,440153,0.9969,
2022,440156,0.9878,
2022,440159,1.0,
2022,440161,0.9955,
2022,440173,0.9961,
2022,440175,0.9982,
2022,440176,0.9966,
2022,440180,0.9974,
2022,440183,0.9813,
2022,440184,0.9984,
2022,440185,0.9934,
2022,440187,1.0,
2022,440192,0.9908,
2022,440193,0.9974,
2022,440194,0.9821,
2022,440197,0.9932,
2022,440200,1.0,
2022,440218,0.9998,
2022,440227,0.9977,
2022,440228,0.9976,
2022,440231,1.0,
2022,440235,0.9981,
2022,450002,0.9926,
2022,450007,1.0,
2022,450010,0.998,
2022,450011,0.9912,
2022,450015,0.9995,
2022,450018,0.9883,
2022,450021,0.9959,
2022,450023,0.9999,
2022,450024,0.9994,
2022,450028,0.996,
2022,450029,0.9971,
2022,450032,0.97,
2022,450033,0.9948,
2022,450034,0.9957,
2022,450035,0.9998,
2022,450039,0.9996,
2022,450040,0.9929,
2022,450042,1.0,
2022,450044,0.9983,
2022,450046,0.9924,
2022,450051,0.9979,
2022,450054,0.9977,
2022,450055,0.9995,
2022,450056,0.9956,
2022,450058,0.9996,
2022,450064,0.9925,
2022,450068,0.9935,
2022,450072,0.9992,
2022,450078,0.9932,
2022,450079,0.9995,
2022,450080,0.9913,
2022,450082,0.9969,
2022,450083,0.9994,
2022,450085,0.9962,
2022,450087,0.9923,
2022,450090,0.9926,
2022,450092,0.9978,
2022,450097,0.9978,
2022,450099,0.9984,
2022,450101,0.9996,
2022,450102,0.9986,
2022,450104,0.9884,
2022,450107,0.9975,
2022,450108,1.0,
2022,450119,0.9966,
2022,450124,1.0,
2022,450128,0.9944,
2022,450132,0.9804,
2022,450133,1.0,
2022,450135,0.9939,
2022,450137,0.996,
2022,450143,1.0,
2022,450144,0.9947,
2022,450147,0.9975,
2022,450148,0.9937,
2022,450152,0.9943,
2022,450154,0.9992,
2022,450155,0.9961,
2022,450162,0.9879,
2022,450163,0.9984,
2022,450165,0.9996,
2022,450176,0.9979,
2022,450184,0.9935,
2022,450187,0.992,
2022,450193,0.9981,
2022,450194,0.9989,
2022,450196,0.9971,
2022,450200,0.9979,
2022,450203,0.9944,
2022,450209,0.9984,
2022,450210,0.9926,
2022,450211,0.9842,
2022,450213,0.9987,
2022,450222,0.9941,
2022,450229,0.995,
2022,450231,0.9904,
2022,450235,0.9994,
2022,450236,0.992,
2022,450237,0.9962,
2022,450241,1.0,
2022,450253,1.0,
2022,450271,0.9961,
2022,450272,0.9961,
2022,450289,0.9997,
2022,450292,0.9954,
2022,450324,0.9842,
2022,450330,0.9975,
2022,450346,0.9777,
2022,450347,0.9917,
2022,450348,1.0,
2022,450351,0.9952,
2022,450352,0.9847,
2022,450358,0.9977,
2022,450369,0.9924,
2022,450370,1.0,
2022,450372,0.9946,
2022,450379,0.9931,
2022,450388,0.9948,
2022,450389,0.9972,
2022,450395,0.991,
2022,450399,0.998,
2022,450400,0.9916,
2022,450403,0.9843,
2022,450411,0.9989,
2022,450419,0.9976,
2022,450422,0.97,
2022,450424,0.9946,
2022,450431,0.9996,
2022,450447,1.0,
2022,450451,0.9985,
2022,450460,0.9982,
2022,450462,0.9961,
2022,450465,0.9938,
2022,450469,0.9936,
2022,450475,0.9957,
2022,450484,0.994,
2022,450489,0.9982,
2022,450498,0.9993,
2022,450508,0.9901,
2022,450518,0.9904,
2022,450537,0.9904,
2022,450539,0.9984,
2022,450563,0.9957,
2022,450565,0.9903,
2022,450571,0.9991,
2022,450573,1.0,
2022,450578,1.0,
2022,450584,0.9815,
2022,450586,1.0,
2022,450587,0.9923,
2022,450596,0.9946,
2022,450597,1.0,
2022,450604,0.9894,
2022,450605,1.0,
2022,450610,0.9918,
2022,450617,0.9869,
2022,450634,0.9874,
2022,450638,0.9953,
2022,450639,0.9979,
2022,450641,0.9951,
2022,450643,0.9953,
2022,450644,0.9955,
2022,450647,0.9975,
2022,450651,0.9949,
2022,450653,0.9999,
2022,450654,0.9842,
2022,450656,0.9971,
2022,450658,0.9971,
2022,450659,1.0,
2022,450661,0.992,
2022,450662,0.9843,
2022,450668,0.9881,
2022,450669,0.9887,
2022,450670,0.9903,
2022,450672,0.9952,
2022,450675,0.9893,
2022,450677,0.9923,
2022,450678,0.9896,
2022,450684,0.9928,
2022,450686,0.991,
2022,450688,0.9969,
2022,450690,1.0,
2022,450694,0.9951,
2022,450697,0.9977,
2022,450698,1.0,
2022,450702,0.9909,
2022,450709,0.9911,
2022,450711,0.9913,
2022,450713,0.9969,
2022,450718,0.9971,
2022,450723,0.9896,
2022,450730,0.9983,
2022,450742,0.9983,
2022,450743,0.9814,
2022,450747,0.9965,
2022,450755,0.9939,
2022,450771,0.9877,
2022,450774,1.0,
2022,450775,0.9868,
2022,450779,0.9823,
2022,450780,1.0,
2022,450788,0.9932,
2022,450801,0.9978,
2022,450803,1.0,
2022,450804,0.9738,
2022,450808,1.0,
2022,450809,0.9984,
2022,450820,0.9952,
2022,450822,0.9929,
2022,450825,1.0,
2022,450827,0.9998,
2022,450828,1.0,
2022,450831,1.0,
2022,450833,0.9977,
2022,450834,1.0,
2022,450840,0.9958,
2022,450844,0.9904,
2022,450847,0.9954,
2022,450848,0.9847,
2022,450851,1.0,
2022,450853,1.0,
2022,450855,0.9928,
2022,450856,0.9977,
2022,450860,0.97,
2022,450862,0.9916,
2022,450864,1.0,
2022,450865,1.0,
2022,450867,0.9927,
2022,450869,0.9979,
2022,450871,1.0,
2022,450872,1.0,
2022,450874,0.9713,
2022,450875,1.0,
2022,450876,0.97,
2022,450877,0.999,
2022,450880,0.97,
2022,450883,0.9839,
2022,450885,0.9827,
2022,450888,1.0,
2022,450889,1.0,
2022,450890,1.0,
2022,450891,1.0,
2022,450893,1.0,
2022,460001,1.0,
2022,460003,0.9964,
2022,460004,1.0,
2022,460005,0.999,
2022,460006,0.9998,
2022,460007,0.9997,
2022,460009,1.0,
2022,460010,1.0,
2022,460011,1.0,
2022,460013,0.9701,
2022,460014,0.975,
2022,460015,0.9991,
2022,460017,1.0,
2022,460019,0.9961,
2022,460021,1.0,
2022,460023,0.9939,
2022,460026,1.0,
2022,460030,0.9974,
2022,460039,0.996,
2022,460041,1.0,
2022,460042,0.9955,
2022,460044,0.9992,
2022,460047,0.986,
2022,460049,1.0,
2022,460051,0.9852,
2022,460052,0.9924,
2022,460054,1.0,
2022,460057,0.9996,
2022,460058,0.9998,
2022,460060,0.97,
2022,460061,0.998,
2022,470001,0.999,
2022,470003,1.0,
2022,470005,1.0,
2022,470011,0.9913,
2022,470012,0.99,
2022,470024,0.9945,
2022,490001,0.9969,
2022,490002,0.9928,
2022,490004,0.995,
2022,490005,0.9969,
2022,490007,0.999,
2022,490009,0.9993,
2022,490011,0.9948,
2022,490013,0.9956,
2022,490017,0.9966,
2022,490018,1.0,
2022,490019,0.973,
2022,490020,0.9987,
2022,490021,0.9992,
2022,490022,0.9798,
2022,490023,0.97,
2022,490024,0.9972,
2022,490032,0.9986,
2022,490033,0.9961,
2022,490037,0.9976,
2022,490038,0.9974,
2022,490040,0.9939,
2022,490041,0.9948,
2022,490042,0.9997,
2022,490043,0.996,
2022,490044,0.995,
2022,490045,1.0,
2022,490046,0.9979,
2022,490048,0.9956,
2022,490050,0.9988,
2022,490052,0.9939,
2022,490053,0.9901,
2022,490057,0.9949,
2022,490059,0.9994,
2022,490060,0.9916,
2022,490063,0.9999,
2022,490066,0.9988,
2022,490067,0.9851,
2022,490069,0.9928,
2022,490075,0.9857,
2022,490077,0.9833,
2022,490084,1.0,
2022,490088,0.9975,
2022,490089,0.9922,
2022,490090,0.9875,
2022,490092,0.993,
2022,490093,0.9965,
2022,490094,1.0,
2022,490097,1.0,
2022,490098,0.9936,
2022,490101,1.0,
2022,490104,1.0,
2022,490107,0.9894,
2022,490110,0.9825,
2022,490111,0.9845,
2022,490112,0.9907,
2022,490113,0.9978,
2022,490114,1.0,
2022,490115,0.997,
2022,490116,0.9917,
2022,490117,0.9954,
2022,490118,0.9907,
2022,490119,0.9994,
2022,490120,0.9975,
2022,490122,0.9967,
2022,490126,0.9986,
2022,490127,0.9872,
2022,490130,0.9976,
2022,490136,1.0,
2022,490140,0.9907,
2022,490141,0.9867,
2022,490143,0.9956,
2022,490144,0.9995,
2022,490145,0.9964,
2022,500002,1.0,
2022,500003,0.9956,
2022,500005,0.9986,
2022,500007,0.993,
2022,500008,0.9975,
2022,500011,0.9995,
2022,500014,0.9937,
2022,500015,0.9994,
2022,500016,0.9997,
2022,500019,0.9997,
2022,500021,0.9985,
2022,500024,0.9969,
2022,500025,0.9995,
2022,500026,0.9999,
2022,500027,1.0,
2022,500030,1.0,
2022,500031,1.0,
2022,500033,0.9996,
2022,500036,0.9957,
2022,500037,1.0,
2022,500039,1.0,
2022,500041,0.9964,
2022,500044,0.9944,
2022,500050,0.9982,
2022,500051,0.9982,
2022,500053,0.9995,
2022,500054,1.0,
2022,500058,1.0,
2022,500060,0.9992,
2022,500064,0.9993,
2022,500072,0.9998,
2022,500077,1.0,
2022,500079,0.993,
2022,500084,0.9983,
2022,500088,0.9987,
2022,500108,0.9976,
2022,500119,0.9888,
2022,500124,0.9999,
2022,500129,0.9965,
2022,500139,0.9805,
2022,500141,1.0,
2022,500148,1.0,
2022,500150,1.0,
2022,500151,0.9995,
2022,500152,0.9806,
2022,500154,1.0,
2022,510001,0.9987,
2022,510002,0.9975,
2022,510006,0.9949,
2022,510007,0.9963,
2022,510008,0.9997,
2022,510012,0.9978,
2022,510013,0.9935,
2022,510022,0.9919,
2022,510023,0.9983,
2022,510024,0.9948,
2022,510029,0.9888,
2022,510030,0.9981,
2022,510031,1.0,
2022,510038,0.9836,
2022,510039,0.9964,
2022,510046,0.97,
2022,510047,0.9974,
2022,510048,0.9962,
2022,510050,0.9778,
2022,510055,0.998,
2022,510058,0.9957,
2022,510062,0.9878,
2022,510070,0.9885,
2022,510072,0.9997,
2022,510086,1.0,
2022,510091,1.0,
2022,520002,0.9988,
2022,520004,0.9919,
2022,520008,0.9969,
2022,520009,0.9992,
2022,520011,0.9963,
2022,520013,1.0,
2022,520017,0.9986,
2022,520019,0.9988,
2022,520021,0.9815,
2022,520027,1.0,
2022,520028,0.9987,
2022,520030,0.9915,
2022,520033,0.9908,
2022,520034,1.0,
2022,520035,0.998,
2022,520037,0.9915,
2022,520038,0.9984,
2022,520041,0.991,
2022,520044,0.9952,
2022,520045,0.9968,
2022,520049,0.9999,
2022,520051,0.9954,
2022,520057,0.9959,
2022,520059,0.9984,
2022,520062,0.9988,
2022,520063,1.0,
2022,520066,0.9879,
2022,520070,1.0,
2022,520071,0.9995,
2022,520075,0.9999,
2022,520076,0.9886,
2022,520078,0.9991,
2022,520083,1.0,
2022,520087,1.0,
2022,520088,0.9949,
2022,520089,1.0,
2022,520091,0.9982,
2022,520095,1.0,
2022,520096,0.99,
2022,520097,0.9925,
2022,520098,0.9986,
2022,520100,0.9978,
2022,520102,0.9988,
2022,520103,0.9902,
2022,520107,0.996,
2022,520109,0.9982,
2022,520113,0.9924,
2022,520116,0.9992,
2022,520136,0.9872,
2022,520138,0.9998,
2022,520139,0.9932,
2022,520160,1.0,
2022,520177,0.999,
2022,520189,0.9996,
2022,520193,0.9991,
2022,520194,1.0,
2022,520196,1.0,
2022,520198,1.0,
2022,520202,0.9981,
2022,520205,0.9783,
2022,520206,0.996,
2022,520207,0.995,
2022,520208,1.0,
2022,520210,0.9892,
2022,530002,1.0,
2022,530006,0.9997,
2022,530008,1.0,
2022,530011,0.9999,
2022,530012,0.9978,
2022,530014,0.9938,
2022,530015,0.9761,
2022,530025,0.9946,
2022,530032,0.9986,
2022,530034,1.0,
2022,670004,0.9997,
2022,670005,0.97,
2022,670006,0.998,
2022,670008,0.9851,
2022,670023,0.9965,
2022,670025,0.9989,
2022,670031,0.999,
2022,670034,0.996,
2022,670041,0.9931,
2022,670043,0.9993,
2022,670044,0.995,
2022,670047,0.9958,
2022,670049,1.0,
2022,670053,0.9939,
2022,670054,1.0,
2022,670055,0.9947,
2022,670056,0.999,
2022,670059,1.0,
2022,670060,0.9909,
2022,670061,1.0,
2022,670062,1.0,
2022,670067,1.0,
2022,670068,0.9826,
2022,670069,0.97,
2022,670071,1.0,
2022,670073,0.9856,
2022,670075,0.9974,
2022,670076,1.0,
2022,670077,0.9918,
2022,670078,1.0,
2022,670080,0.9951,
2022,670082,0.9996,
2022,670085,0.9949,
2022,670088,0.994,
2022,670090,1.0,
2022,670093,1.0,
2022,670098,0.9831,
2022,670102,1.0,
2022,670103,0.9944,
2022,670106,0.9979,
2022,670107,0.9986,
2022,670108,0.9964,
2022,670109,1.0,
2022,670112,1.0,
2022,670115,1.0,
2022,670116,0.9952,
2022,670120,0.9879,
2022,670121,1.0,
2022,670122,0.9906,
2022,670124,1.0,
2022,670128,1.0,
2023,010001,0.9974,
2023,010005,0.9997,
2023,010006,0.9796,
2023,010007,0.9966,
2023,010008,1.0,
2023,010011,0.9935,
2023,010012,0.9973,
2023,010016,0.9993,
2023,010019,0.9913,
2023,010021,1.0,
2023,010022,1.0,
2023,010023,0.996,
2023,010024,0.9941,
2023,010029,0.9969,
2023,010033,0.9977,
2023,010034,0.9994,
2023,010035,0.9929,
2023,010036,0.9972,
2023,010038,0.9912,
2023,010039,0.9938,
2023,010040,0.9972,
2023,010044,1.0,
2023,010045,0.9989,
2023,010046,0.9992,
2023,010049,0.9948,
2023,010051,1.0,
2023,010052,1.0,
2023,010055,0.9949,
2023,010056,0.9975,
2023,010058,1.0,
2023,010059,0.999,
2023,010061,0.9974,
2023,010062,1.0,
2023,010065,1.0,
2023,010069,0.9998,
2023,010073,1.0,
2023,010078,0.9952,
2023,010079,0.9978,
2023,010083,0.9982,
2023,010085,0.9966,
2023,010086,1.0,
2023,010087,1.0,
2023,010089,0.9962,
2023,010090,0.9982,
2023,010091,1.0,
2023,010092,0.9976,
2023,010095,1.0,
2023,010097,1.0,
2023,010099,1.0,
2023,010100,0.9888,
2023,010101,0.9953,
2023,010102,1.0,
2023,010103,0.9985,
2023,010104,0.9936,
2023,010108,1.0,
2023,010110,1.0,
2023,010112,0.9995,
2023,010113,0.9939,
2023,010114,0.9992,
2023,010118,1.0,
2023,010120,1.0,
2023,010125,0.9998,
2023,010126,0.999,
2023,010128,0.9988,
2023,010129,1.0,
2023,010130,0.9987,
2023,010131,1.0,
2023,010138,1.0,
2023,010139,0.9902,
2023,010144,0.9922,
2023,010148,0.9961,
2023,010149,1.0,
2023,010150,0.999,
2023,010157,1.0,
2023,010158,0.9958,
2023,010164,0.9962,
2023,010168,1.0,
2023,010169,0.9972,
2023,010173,1.0,
2023,010174,1.0,
2023,010175,1.0,
2023,020001,0.9972,
2023,020006,0.9936,
2023,020008,0.9927,
2023,020012,1.0,
2023,020017,0.9985,
2023,020018,1.0,
2023,020024,0.9755,
2023,020026,0.9996,
2023,030002,1.0,
2023,030006,0.997,
2023,030007,0.9984,
2023,030010,0.9978,
2023,030011,0.997,
2023,030012,0.9948,
2023,030013,0.9995,
2023,030014,0.9997,
2023,030016,0.9988,
2023,030022,1.0,
2023,030023,0.9964,
2023,030024,0.9994,
2023,030030,1.0,
2023,030036,0.9988,
2023,030037,0.9904,
2023,030038,0.9981,
2023,030043,0.9952,
2023,030055,0.9977,
2023,030061,0.9979,
2023,030062,1.0,
2023,030064,0.9999,
2023,030065,0.9997,
2023,030069,0.9857,
2023,030071,1.0,
2023,030073,0.9986,
2023,030074,1.0,
2023,030077,1.0,
2023,030078,1.0,
2023,030083,0.9702,
2023,030084,1.0,
2023,030085,0.9956,
2023,030087,0.9921,
2023,030088,0.9999,
2023,030089,0.9995,
2023,030092,1.0,
2023,030093,1.0,
2023,030094,0.9949,
2023,030101,0.9981,
2023,030103,0.9997,
2023,030105,0.9887,
2023,030107,1.0,
2023,030108,1.0,
2023,030110,0.9986,
2023,030111,1.0,
2023,030112,0.97,
2023,030113,1.0,
2023,030114,0.9983,
2023,030115,0.9986,
2023,030117,0.9959,
2023,030119,0.9997,
2023,030121,0.9933,
2023,030122,1.0,
2023,030123,0.9969,
2023,030130,0.9999,
2023,030131,1.0,
2023,030134,0.9992,
2023,030136,1.0,
2023,030137,0.9989,
2023,030138,1.0,
2023,030139,1.0,
2023,030146,1.0,
2023,030147,1.0,
2023,040001,1.0,
2023,040002,0.9966,
2023,040004,0.9986,
2023,040007,0.9949,
2023,040010,0.9976,
2023,040011,0.9996,
2023,040014,0.991,
2023,040015,0.9985,
2023,040016,0.9991,
2023,040017,0.9996,
2023,040018,1.0,
2023,040019,0.9997,
2023,040020,0.9931,
2023,040022,0.9984,
2023,040026,0.9984,
2023,040027,0.9924,
2023,040029,0.996,
2023,040036,0.993,
2023,040039,0.9893,
2023,040041,0.996,
2023,040047,0.9972,
2023,040050,1.0,
2023,040051,0.9981,
2023,040055,0.9969,
2023,040062,0.9938,
2023,040067,0.9982,
2023,040069,0.9982,
2023,040071,0.9925,
2023,040072,0.9984,
2023,040076,0.9992,
2023,040078,0.9778,
2023,040084,0.9998,
2023,040085,0.9981,
2023,040088,0.9982,
2023,040114,0.9978,
2023,040118,0.9881,
2023,040119,0.9999,
2023,040134,0.9907,
2023,040137,0.9997,
2023,040147,1.0,
2023,040152,1.0,
2023,040153,0.9965,
2023,040154,0.9974,
2023,040156,0.9982,
2023,040161,1.0,
2023,050002,0.9939,
2023,050006,0.9993,
2023,050007,0.9999,
2023,050008,1.0,
2023,050009,0.9949,
2023,050013,1.0,
2023,050014,1.0,
2023,050017,0.9996,
2023,050022,0.9944,
2023,050024,0.9983,
2023,050025,0.9991,
2023,050026,0.9994,
2023,050028,1.0,
2023,050030,0.9884,
2023,050036,0.9979,
2023,050038,0.9942,
2023,050039,0.9829,
2023,050040,1.0,
2023,050042,1.0,
2023,050043,0.9998,
2023,050045,0.9991,
2023,050047,0.999,
2023,050054,1.0,
2023,050055,0.9996,
2023,050056,0.9961,
2023,050057,0.9989,
2023,050058,0.99,
2023,050060,0.9959,
2023,050063,0.9987,
2023,050067,1.0,
2023,050069,0.9979,
2023,050070,1.0,
2023,050071,1.0,
2023,050072,1.0,
2023,050073,1.0,
2023,050075,0.9986,
2023,050076,1.0,
2023,050077,0.9981,
2023,050078,0.9998,
2023,050082,0.9889,
2023,050084,0.9968,
2023,050089,0.9999,
2023,050090,0.9942,
2023,050091,0.996,
2023,050093,0.9947,
2023,050096,1.0,
2023,050099,0.999,
2023,050100,0.9988,
2023,050101,0.9999,
2023,050102,0.9956,
2023,050103,0.9978,
2023,050104,0.9998,
2023,050107,1.0,
2023,050108,0.9972,
2023,050110,1.0,
2023,050112,0.9939,
2023,050113,1.0,
2023,050115,0.9966,
2023,050116,1.0,
2023,050118,0.9984,
2023,050121,0.9977,
2023,050122,0.9992,
2023,050124,0.9943,
2023,050125,0.9952,
2023,050126,0.9986,
2023,050127,0.9942,
2023,050128,0.9991,
2023,050129,0.9987,
2023,050131,0.9995,
2023,050132,0.9984,
2023,050133,0.9972,
2023,050135,0.9996,
2023,050136,0.9995,
2023,050137,1.0,
2023,050138,0.9994,
2023,050139,1.0,
2023,050140,1.0,
2023,050145,0.9957,
2023,050149,0.9989,
2023,050150,0.9983,
2023,050152,0.9957,
2023,050158,1.0,
2023,050159,0.9992,
2023,050167,0.9991,
2023,050168,0.9977,
2023,050169,0.9934,
2023,050174,1.0,
2023,050179,0.9947,
2023,050180,0.9997,
2023,050191,0.999,
2023,050192,1.0,
2023,050194,0.9988,
2023,050195,0.9875,
2023,050197,0.9999,
2023,050204,0.9963,
2023,050211,0.9994,
2023,050222,0.9964,
2023,050224,1.0,
2023,050226,0.9996,
2023,050228,0.9982,
2023,050230,0.9993,
2023,050231,0.9997,
2023,050232,0.9998,
2023,050234,0.9994,
2023,050235,0.9952,
2023,050236,0.9953,
2023,050238,0.9958,
2023,050239,1.0,
2023,050242,0.9992,
2023,050243,0.9987,
2023,050245,1.0,
2023,050248,0.9986,
2023,050254,0.9936,
2023,050257,1.0,
2023,050261,0.9983,
2023,050262,0.9998,
2023,050272,1.0,
2023,050276,0.9999,
2023,050278,1.0,
2023,050279,0.9998,
2023,050280,0.9994,
2023,050281,1.0,
2023,050283,0.9989,
2023,050289,0.9959,
2023,050290,0.9987,
2023,050291,1.0,
2023,050292,1.0,
2023,050295,0.9995,
2023,050298,1.0,
2023,050300,0.9974,
2023,050301,1.0,
2023,050305,0.9993,
2023,050308,0.9956,
2023,050309,0.9989,
2023,050313,1.0,
2023,050315,0.9996,
2023,050320,0.9992,
2023,050324,1.0,
2023,050327,0.9989,
2023,050329,1.0,
2023,050334,0.9972,
2023,050335,0.9971,
2023,050336,0.9991,
2023,050342,1.0,
2023,050348,0.9996,
2023,050350,0.998,
2023,050351,0.9928,
2023,050352,0.9989,
2023,050353,0.9934,
2023,050357,1.0,
2023,050360,0.9964,
2023,050367,0.9978,
2023,050373,0.9982,
2023,050376,0.9972,
2023,050378,1.0,
2023,050380,0.9917,
2023,050382,0.9972,
2023,050390,0.9972,
2023,050393,0.9944,
2023,050394,0.9985,
2023,050396,0.9982,
2023,050407,0.9954,
2023,050411,1.0,
2023,050414,0.9823,
2023,050417,0.9987,
2023,050423,1.0,
2023,050424,0.9997,
2023,050425,1.0,
2023,050426,0.9974,
2023,050438,0.9987,
2023,050441,0.9983,
2023,050444,0.9922,
2023,050454,0.9983,
2023,050455,1.0,
2023,050457,0.9978,
2023,050464,0.9834,
2023,050468,0.9999,
2023,050471,0.9993,
2023,050481,0.9911,
2023,050485,0.9977,
2023,050488,1.0,
2023,050492,0.998,
2023,050496,1.0,
2023,050498,1.0,
2023,050503,0.9974,
2023,050506,0.9972,
2023,050510,1.0,
2023,050512,1.0,
2023,050515,0.9997,
2023,050516,0.9967,
2023,050517,0.9989,
2023,050523,0.996,
2023,050526,0.9997,
2023,050528,0.9994,
2023,050534,0.9998,
2023,050537,1.0,
2023,050541,1.0,
2023,050546,1.0,
2023,050549,0.9966,
2023,050551,0.9989,
2023,050557,0.9993,
2023,050561,1.0,
2023,050567,0.9981,
2023,050568,0.9999,
2023,050570,0.9952,
2023,050573,0.9995,
2023,050580,0.9985,
2023,050581,0.9979,
2023,050586,0.9998,
2023,050588,0.9993,
2023,050589,0.9987,
2023,050590,0.9972,
2023,050597,0.9983,
2023,050599,0.9983,
2023,050603,1.0,
2023,050604,1.0,
2023,050608,0.9989,
2023,050609,1.0,
2023,050624,0.9958,
2023,050625,0.9984,
2023,050633,0.9955,
2023,050636,0.9971,
2023,050641,0.9995,
2023,050663,1.0,
2023,050668,1.0,
2023,050674,0.9998,
2023,050677,1.0,
2023,050678,0.9989,
2023,050684,1.0,
2023,050686,1.0,
2023,050689,0.9958,
2023,050690,1.0,
2023,050696,0.9993,
2023,050701,0.9985,
2023,050704,1.0,
2023,050708,1.0,
2023,050709,0.9982,
2023,050710,1.0,
2023,050714,1.0,
2023,050717,0.9997,
2023,050723,1.0,
2023,050724,0.9981,
2023,050726,1.0,
2023,050735,1.0,
2023,050736,1.0,
2023,050737,0.9994,
2023,050738,1.0,
2023,050739,0.9964,
2023,050740,0.9927,
2023,050742,0.999,
2023,050744,1.0,
2023,050745,0.9997,
2023,050746,0.9986,
2023,050747,1.0,
2023,050748,1.0,
2023,050755,0.9972,
2023,050757,0.9995,
2023,050758,1.0,
2023,050760,1.0,
2023,050761,0.9979,
2023,050763,0.9991,
2023,050764,0.9943,
2023,050765,1.0,
2023,050766,1.0,
2023,050767,1.0,
2023,050769,1.0,
2023,050770,0.9931,
2023,050771,0.997,
2023,050772,1.0,
2023,050775,0.989,
2023,050776,0.9999,
2023,050777,1.0,
2023,050779,0.9961,
2023,050780,1.0,
2023,050782,0.9904,
2023,050783,0.9978,
2023,050784,0.999,
2023,050785,1.0,
2023,050849,1.0,
2023,060001,0.9963,
2023,060003,0.9955,
2023,060004,0.9982,
2023,060006,0.9999,
2023,060008,0.9902,
2023,060009,1.0,
2023,060010,1.0,
2023,060011,0.9999,
2023,060012,0.9996,
2023,060013,1.0,
2023,060014,0.9972,
2023,060015,1.0,
2023,060020,0.9979,
2023,060022,1.0,
2023,060023,0.9999,
2023,060024,0.9998,
2023,060027,0.9917,
2023,060028,0.9987,
2023,060030,0.9979,
2023,060031,0.9999,
2023,060032,0.9997,
2023,060034,0.9991,
2023,060044,1.0,
2023,060049,1.0,
2023,060054,1.0,
2023,060064,0.999,
2023,060065,0.9999,
2023,060071,0.9985,
2023,060075,0.9993,
2023,060076,1.0,
2023,060096,1.0,
2023,060100,0.9983,
2023,060103,1.0,
2023,060104,0.9979,
2023,060107,1.0,
2023,060112,1.0,
2023,060113,0.9995,
2023,060114,1.0,
2023,060116,0.9993,
2023,060117,1.0,
2023,060118,1.0,
2023,060119,0.9994,
2023,060124,1.0,
2023,060125,0.9967,
2023,060126,0.9959,
2023,060128,1.0,
2023,060129,0.9921,
2023,060130,1.0,
2023,060131,1.0,
2023,060132,1.0,
2023,070002,0.9967,
2023,070003,0.9923,
2023,070004,0.9989,
2023,070005,0.9949,
2023,070006,0.9996,
2023,070007,0.9982,
2023,070008,0.9973,
2023,070010,0.993,
2023,070011,0.9962,
2023,070012,0.9955,
2023,070016,0.994,
2023,070017,0.9938,
2023,070018,0.9976,
2023,070020,0.9903,
2023,070021,0.9985,
2023,070022,0.9959,
2023,070024,0.9858,
2023,070025,0.9929,
2023,070027,0.9926,
2023,070028,0.9946,
2023,070029,0.9972,
2023,070031,1.0,
2023,070033,0.9977,
2023,070034,0.9991,
2023,070035,0.9992,
2023,070036,0.9942,
2023,070038,1.0,
2023,070039,1.0,
2023,070040,1.0,
2023,080001,0.9995,
2023,080003,0.9979,
2023,080004,0.9936,
2023,080006,0.9963,
2023,080007,0.9999,
2023,080009,0.9992,
2023,090001,0.9972,
2023,090003,0.9956,
2023,090004,0.9974,
2023,090005,0.9997,
2023,090008,0.9977,
2023,090011,0.9976,
2023,100001,0.9974,
2023,100002,0.9961,
2023,100006,0.9816,
2023,100007,0.9885,
2023,100008,0.9996,
2023,100012,0.9928,
2023,100014,0.9926,
2023,100017,0.9997,
2023,100018,0.9971,
2023,100019,0.9985,
2023,100022,0.9985,
2023,100023,0.9928,
2023,100025,1.0,
2023,100026,0.9985,
2023,100028,0.9977,
2023,100029,0.9954,
2023,100030,0.9858,
2023,100032,0.996,
2023,100034,0.9976,
2023,100035,0.9954,
2023,100038,0.9969,
2023,100039,0.9928,
2023,100040,0.9855,
2023,100043,0.9996,
2023,100044,0.9864,
2023,100045,0.9944,
2023,100046,0.9987,
2023,100047,0.9918,
2023,100048,0.9976,
2023,100049,0.9889,
2023,100050,0.9993,
2023,100051,0.9885,
2023,100052,0.9968,
2023,100053,0.9973,
2023,100054,0.9943,
2023,100055,0.9956,
2023,100057,0.9868,
2023,100062,0.9971,
2023,100063,0.9994,
2023,100067,0.9991,
2023,100068,0.9939,
2023,100069,0.9979,
2023,100070,0.997,
2023,100071,0.999,
2023,100072,0.9929,
2023,100073,0.9962,
2023,100075,1.0,
2023,100077,0.983,
2023,100080,0.9897,
2023,100081,0.9981,
2023,100084,0.9849,
2023,100086,0.9968,
2023,100087,0.9997,
2023,100088,0.9973,
2023,100090,0.9925,
2023,100092,0.9961,
2023,100093,0.9943,
2023,100099,0.9938,
2023,100105,0.994,
2023,100106,0.9967,
2023,100107,1.0,
2023,100109,0.9968,
2023,100110,0.9942,
2023,100113,0.9971,
2023,100117,0.9989,
2023,100118,0.9933,
2023,100121,0.9983,
2023,100122,0.9961,
2023,100124,0.9985,
2023,100125,1.0,
2023,100126,0.997,
2023,100127,0.9974,
2023,100128,0.9993,
2023,100130,0.999,
2023,100131,0.9924,
2023,100132,1.0,
2023,100134,0.9981,
2023,100135,0.9983,
2023,100137,0.993,
2023,100140,1.0,
2023,100142,0.9947,
2023,100150,0.9994,
2023,100151,0.9922,
2023,100154,0.998,
2023,100156,0.9934,
2023,100157,0.9871,
2023,100161,0.9875,
2023,100166,0.999,
2023,100167,0.9983,
2023,100168,0.9905,
2023,100173,0.9946,
2023,100175,0.9981,
2023,100176,0.9874,
2023,100177,1.0,
2023,100179,0.9962,
2023,100180,0.9996,
2023,100181,1.0,
2023,100183,0.9997,
2023,100187,0.9926,
2023,100189,0.9941,
2023,100191,0.9914,
2023,100200,0.9958,
2023,100204,0.9893,
2023,100206,0.9972,
2023,100209,0.9974,
2023,100211,0.9981,
2023,100212,0.9828,
2023,100213,0.9949,
2023,100217,0.9941,
2023,100220,0.9983,
2023,100223,0.9969,
2023,100224,0.9958,
2023,100226,0.9993,
2023,100228,0.9912,
2023,100230,0.999,
2023,100231,0.9836,
2023,100232,0.9902,
2023,100236,0.994,
2023,100238,0.9934,
2023,100242,0.9954,
2023,100243,0.9843,
2023,100244,0.9995,
2023,100246,0.9775,
2023,100248,0.9907,
2023,100249,0.9953,
2023,100252,0.9942,
2023,100253,0.9976,
2023,100254,0.9942,
2023,100256,0.9885,
2023,100258,0.9886,
2023,100259,0.9956,
2023,100260,0.97,
2023,100264,0.987,
2023,100265,1.0,
2023,100266,0.9921,
2023,100267,0.9942,
2023,100268,0.994,
2023,100269,0.9988,
2023,100275,0.9886,
2023,100276,0.9983,
2023,100277,1.0,
2023,100281,0.9975,
2023,100284,0.9993,
2023,100285,1.0,
2023,100286,0.9879,
2023,100287,0.9955,
2023,100288,0.9999,
2023,100289,0.9981,
2023,100290,0.997,
2023,100291,0.99,
2023,100292,0.998,
2023,100296,1.0,
2023,100299,0.999,
2023,100302,0.9991,
2023,100307,1.0,
2023,100313,1.0,
2023,100314,1.0,
2023,100315,0.9973,
2023,100316,1.0,
2023,100319,0.998,
2023,100320,0.9934,
2023,100321,1.0,
2023,100329,0.9973,
2023,100330,1.0,
2023,100350,1.0,
2023,110001,0.999,
2023,110002,0.9978,
2023,110003,0.9957,
2023,110005,1.0,
2023,110006,0.9994,
2023,110007,0.9978,
2023,110008,0.9983,
2023,110010,0.9997,
2023,110011,0.9934,
2023,110015,0.9975,
2023,110016,0.9923,
2023,110018,1.0,
2023,110023,0.9961,
2023,110024,1.0,
2023,110025,0.9865,
2023,110027,0.9958,
2023,110028,0.9973,
2023,110029,0.9963,
2023,110030,0.9942,
2023,110031,0.9964,
2023,110032,0.998,
2023,110034,0.9994,
2023,110035,1.0,
2023,110036,0.9975,
2023,110038,0.9916,
2023,110041,1.0,
2023,110042,0.9915,
2023,110043,0.9979,
2023,110044,0.9989,
2023,110045,1.0,
2023,110046,0.9999,
2023,110050,0.9996,
2023,110051,0.9967,
2023,110054,0.9968,
2023,110064,0.9988,
2023,110069,0.9933,
2023,110071,1.0,
2023,110073,1.0,
2023,110074,0.9994,
2023,110075,0.9999,
2023,110076,0.9943,
2023,110078,0.9981,
2023,110079,0.9967,
2023,110082,0.9937,
2023,110083,0.9968,
2023,110086,1.0,
2023,110087,0.9991,
2023,110089,0.9962,
2023,110091,1.0,
2023,110092,1.0,
2023,110095,0.9977,
2023,110100,1.0,
2023,110101,1.0,
2023,110104,1.0,
2023,110105,0.9928,
2023,110107,0.992,
2023,110109,1.0,
2023,110111,1.0,
2023,110113,1.0,
2023,110115,0.9986,
2023,110121,0.9994,
2023,110122,0.9939,
2023,110124,0.9706,
2023,110125,0.998,
2023,110128,1.0,
2023,110129,1.0,
2023,110130,1.0,
2023,110132,1.0,
2023,110135,0.999,
2023,110142,1.0,
2023,110143,0.9971,
2023,110146,0.9924,
2023,110150,0.9998,
2023,110153,0.9971,
2023,110161,0.9965,
2023,110164,0.9852,
2023,110165,0.9995,
2023,110168,0.9982,
2023,110177,0.9949,
2023,110184,0.9994,
2023,110189,0.9983,
2023,110191,0.9918,
2023,110192,0.9998,
2023,110194,0.9998,
2023,110198,0.9964,
2023,110200,0.9875,
2023,110201,0.9986,
2023,110215,0.9952,
2023,110225,0.9995,
2023,110226,0.9996,
2023,110229,0.9978,
2023,110230,0.993,
2023,110233,1.0,
2023,110234,1.0,
2023,110236,1.0,
2023,110237,1.0,
2023,120001,0.9982,
2023,120002,0.9991,
2023,120004,1.0,
2023,120005,0.9997,
2023,120006,0.9971,
2023,120007,0.9997,
2023,120011,0.9998,
2023,120014,0.9986,
2023,120019,0.9987,
2023,120022,0.9997,
2023,120026,0.9983,
2023,120028,0.9969,
2023,130002,1.0,
2023,130003,1.0,
2023,130006,1.0,
2023,130007,1.0,
2023,130013,0.9924,
2023,130014,1.0,
2023,130018,0.9998,
2023,130025,1.0,
2023,130028,0.9981,
2023,130049,1.0,
2023,130063,0.9979,
2023,130065,1.0,
2023,130066,1.0,
2023,130071,0.997,
2023,130074,1.0,
2023,140001,0.9916,
2023,140002,0.9919,
2023,140007,0.9898,
2023,140008,0.999,
2023,140010,0.9995,
2023,140011,0.9913,
2023,140012,0.9973,
2023,140013,0.9946,
2023,140015,0.9977,
2023,140018,0.9973,
2023,140019,1.0,
2023,140029,0.9938,
2023,140030,0.9984,
2023,140032,0.997,
2023,140034,1.0,
2023,140040,0.9992,
2023,140043,0.9971,
2023,140046,0.9989,
2023,140048,0.9996,
2023,140049,0.9954,
2023,140052,0.9945,
2023,140053,0.9976,
2023,140054,1.0,
2023,140058,0.9993,
2023,140059,1.0,
2023,140062,0.9891,
2023,140063,0.9993,
2023,140064,0.9942,
2023,140065,0.992,
2023,140067,0.9917,
2023,140068,0.9941,
2023,140077,1.0,
2023,140080,0.9968,
2023,140082,0.9882,
2023,140083,1.0,
2023,140084,0.9961,
2023,140088,0.9986,
2023,140089,0.9978,
2023,140091,0.992,
2023,140093,0.992,
2023,140095,1.0,
2023,140100,1.0,
2023,140101,0.9943,
2023,140103,0.993,
2023,140110,1.0,
2023,140113,0.9862,
2023,140114,0.9975,
2023,140115,1.0,
2023,140116,0.9981,
2023,140117,0.9992,
2023,140119,0.9969,
2023,140120,0.9975,
2023,140122,1.0,
2023,140124,1.0,
2023,140125,0.9969,
2023,140127,0.9925,
2023,140130,0.9953,
2023,140133,0.9938,
2023,140135,0.9992,
2023,140137,0.9997,
2023,140143,0.9912,
2023,140145,0.9968,
2023,140147,0.9955,
2023,140148,0.9923,
2023,140150,0.9961,
2023,140155,1.0,
2023,140158,0.9916,
2023,140160,0.9807,
2023,140161,0.9967,
2023,140162,0.9947,
2023,140164,0.9904,
2023,140166,0.9926,
2023,140167,0.9987,
2023,140172,0.989,
2023,140174,0.9979,
2023,140177,0.9989,
2023,140179,0.9948,
2023,140180,0.9968,
2023,140181,0.9998,
2023,140182,1.0,
2023,140184,0.9995,
2023,140185,0.995,
2023,140186,0.9988,
2023,140187,0.995,
2023,140189,0.97,
2023,140191,0.9944,
2023,140197,1.0,
2023,140200,1.0,
2023,140202,0.9951,
2023,140206,0.9966,
2023,140208,0.9865,
2023,140209,0.9962,
2023,140210,1.0,
2023,140211,0.9996,
2023,140213,0.9985,
2023,140217,0.9967,
2023,140223,1.0,
2023,140224,0.9944,
2023,140228,0.9982,
2023,140231,0.9971,
2023,140233,0.9938,
2023,140234,1.0,
2023,140239,0.9997,
2023,140242,1.0,
2023,140251,0.9987,
2023,140252,0.9937,
2023,140258,0.9994,
2023,140275,0.9939,
2023,140276,0.9946,
2023,140280,0.9967,
2023,140281,0.9997,
2023,140286,0.9995,
2023,140288,0.9913,
2023,140289,0.991,
2023,140290,0.9991,
2023,140291,0.9978,
2023,140292,0.9985,
2023,140294,0.9899,
2023,140300,1.0,
2023,140304,0.9979,
2023,150001,0.9997,
2023,150002,0.9972,
2023,150004,0.9889,
2023,150005,1.0,
2023,150006,0.9935,
2023,150007,0.9998,
2023,150008,0.9986,
2023,150009,0.9898,
2023,150010,0.9988,
2023,150011,0.9997,
2023,150012,0.9962,
2023,150015,0.9955,
2023,150017,1.0,
2023,150018,0.9991,
2023,150021,0.9988,
2023,150022,1.0,
2023,150023,0.9974,
2023,150024,1.0,
2023,150026,1.0,
2023,150030,1.0,
2023,150034,0.9787,
2023,150035,0.9985,
2023,150037,0.9845,
2023,150042,0.9951,
2023,150044,1.0,
2023,150045,1.0,
2023,150046,0.9947,
2023,150047,1.0,
2023,150048,0.9911,
2023,150051,1.0,
2023,150056,0.9963,
2023,150057,1.0,
2023,150058,0.9988,
2023,150059,0.9869,
2023,150061,0.9996,
2023,150065,1.0,
2023,150069,0.9865,
2023,150072,1.0,
2023,150074,0.9887,
2023,150075,1.0,
2023,150076,0.9994,
2023,150082,0.9966,
2023,150084,0.9988,
2023,150086,0.9978,
2023,150088,0.9899,
2023,150089,0.999,
2023,150090,0.9975,
2023,150091,0.9945,
2023,150097,0.9961,
2023,150100,0.9941,
2023,150101,0.9976,
2023,150102,1.0,
2023,150104,0.9964,
2023,150109,1.0,
2023,150112,1.0,
2023,150113,0.9945,
2023,150115,1.0,
2023,150125,0.9869,
2023,150126,0.984,
2023,150128,0.994,
2023,150133,0.9944,
2023,150146,0.9974,
2023,150150,1.0,
2023,150153,1.0,
2023,150157,1.0,
2023,150158,0.9943,
2023,150160,1.0,
2023,150161,0.9924,
2023,150162,0.9953,
2023,150165,0.9965,
2023,150166,0.9983,
2023,150167,1.0,
2023,150168,1.0,
2023,150169,0.999,
2023,150172,0.9935,
2023,150173,0.9971,
2023,150177,0.9845,
2023,150181,1.0,
2023,150183,0.9948,
2023,150191,1.0,
2023,160001,1.0,
2023,160005,0.9997,
2023,160008,1.0,
2023,160013,1.0,
2023,160016,0.9997,
2023,160028,0.9994,
2023,160029,0.9999,
2023,160030,0.9958,
2023,160032,1.0,
2023,160033,0.9966,
2023,160040,1.0,
2023,160045,1.0,
2023,160047,1.0,
2023,160057,0.9949,
2023,160058,0.999,
2023,160064,0.9956,
2023,160067,1.0,
2023,160069,0.9998,
2023,160079,0.9949,
2023,160080,0.9974,
2023,160082,0.9996,
2023,160083,0.997,
2023,160089,0.9991,
2023,160101,1.0,
2023,160104,0.9998,
2023,160110,0.9967,
2023,160112,0.9993,
2023,160117,0.9924,
2023,160124,0.9993,
2023,160146,1.0,
2023,160147,0.998,
2023,160153,0.9949,
2023,170006,0.9954,
2023,170009,0.9993,
2023,170012,0.9992,
2023,170013,0.9985,
2023,170014,1.0,
2023,170016,0.9994,
2023,170017,0.9999,
2023,170020,0.999,
2023,170023,0.985,
2023,170027,1.0,
2023,170040,0.9984,
2023,170049,0.9912,
2023,170068,0.9985,
2023,170074,1.0,
2023,170075,0.9935,
2023,170086,0.9935,
2023,170103,1.0,
2023,170104,0.9983,
2023,170105,1.0,
2023,170109,1.0,
2023,170110,1.0,
2023,170120,0.9988,
2023,170122,0.9999,
2023,170123,0.9997,
2023,170137,0.998,
2023,170142,0.9974,
2023,170145,1.0,
2023,170146,0.9923,
2023,170150,0.9995,
2023,170166,1.0,
2023,170175,0.9988,
2023,170176,0.9969,
2023,170182,0.9861,
2023,170183,1.0,
2023,170185,0.9983,
2023,170186,1.0,
2023,170187,1.0,
2023,170188,1.0,
2023,170190,1.0,
2023,170191,1.0,
2023,170196,1.0,
2023,170197,0.9934,
2023,170198,1.0,
2023,170199,1.0,
2023,170200,0.9939,
2023,170203,1.0,
2023,170204,1.0,
2023,180001,0.9976,
2023,180002,0.9927,
2023,180004,0.9972,
2023,180005,0.9923,
2023,180009,0.9956,
2023,180010,0.9954,
2023,180011,1.0,
2023,180012,0.9968,
2023,180013,0.9866,
2023,180016,1.0,
2023,180017,0.9951,
2023,180018,0.9958,
2023,180019,0.9998,
2023,180020,0.9986,
2023,180024,0.9993,
2023,180025,0.9979,
2023,180027,0.9927,
2023,180029,0.988,
2023,180035,0.9989,
2023,180038,0.9971,
2023,180040,0.9969,
2023,180043,1.0,
2023,180044,0.9888,
2023,180045,0.9971,
2023,180046,0.9992,
2023,180048,0.9952,
2023,180049,0.9975,
2023,180050,0.9859,
2023,180051,0.9928,
2023,180056,0.9876,
2023,180064,0.9984,
2023,180066,0.9988,
2023,180067,0.9976,
2023,180069,0.9775,
2023,180070,0.9957,
2023,180078,0.998,
2023,180079,1.0,
2023,180080,0.9997,
2023,180087,0.9951,
2023,180088,0.9984,
2023,180092,0.9973,
2023,180093,0.9997,
2023,180095,0.9983,
2023,180101,0.9994,
2023,180102,0.9957,
2023,180103,0.9891,
2023,180104,0.999,
2023,180105,0.9936,
2023,180106,0.9911,
2023,180115,0.9973,
2023,180116,0.9971,
2023,180124,0.97,
2023,180127,0.9921,
2023,180128,0.9969,
2023,180130,0.9979,
2023,180132,0.9985,
2023,180138,0.9993,
2023,180139,0.996,
2023,180141,0.9998,
2023,180143,0.9922,
2023,180149,1.0,
2023,180154,1.0,
2023,190002,1.0,
2023,190004,0.9919,
2023,190005,0.9994,
2023,190006,1.0,
2023,190007,1.0,
2023,190008,0.9942,
2023,190011,0.9978,
2023,190013,0.9979,
2023,190014,0.9982,
2023,190015,0.9943,
2023,190017,0.9953,
2023,190019,0.9981,
2023,190020,0.9917,
2023,190025,1.0,
2023,190026,0.9974,
2023,190027,0.9954,
2023,190034,0.9981,
2023,190036,0.9983,
2023,190039,0.9985,
2023,190040,0.997,
2023,190041,0.981,
2023,190044,1.0,
2023,190045,0.9957,
2023,190046,0.9901,
2023,190050,1.0,
2023,190053,0.9954,
2023,190054,0.9993,
2023,190060,0.9997,
2023,190064,0.9996,
2023,190065,0.9984,
2023,190079,0.9998,
2023,190081,1.0,
2023,190086,0.9971,
2023,190088,0.9972,
2023,190090,1.0,
2023,190098,0.9994,
2023,190099,1.0,
2023,190102,0.9973,
2023,190106,1.0,
2023,190111,0.9972,
2023,190114,1.0,
2023,190116,0.994,
2023,190118,1.0,
2023,190125,0.9976,
2023,190133,1.0,
2023,190140,0.9999,
2023,190144,0.9984,
2023,190145,0.9987,
2023,190146,0.9964,
2023,190151,0.9979,
2023,190160,0.9813,
2023,190164,0.999,
2023,190167,1.0,
2023,190176,0.9854,
2023,190183,0.9997,
2023,190184,0.9995,
2023,190190,0.9998,
2023,190201,1.0,
2023,190202,0.9987,
2023,190204,0.9983,
2023,190208,0.9814,
2023,190218,1.0,
2023,190241,1.0,
2023,190245,1.0,
2023,190251,0.9993,
2023,190255,0.9968,
2023,190256,0.9995,
2023,190259,1.0,
2023,190267,1.0,
2023,190270,0.9943,
2023,190274,0.9986,
2023,190278,1.0,
2023,190298,0.9758,
2023,190302,1.0,
2023,190303,0.9862,
2023,190308,0.9989,
2023,190312,1.0,
2023,190313,1.0,
2023,190315,1.0,
2023,190316,1.0,
2023,190317,1.0,
2023,190318,1.0,
2023,200001,0.9996,
2023,200008,1.0,
2023,200009,1.0,
2023,200018,0.9995,
2023,200019,0.996,
2023,200020,0.9997,
2023,200021,0.9925,
2023,200024,1.0,
2023,200031,0.9986,
2023,200033,0.9992,
2023,200034,0.9994,
2023,200037,1.0,
2023,200039,0.9994,
2023,200041,1.0,
2023,200050,0.9996,
2023,200052,1.0,
2023,200063,1.0,
2023,220001,0.9938,
2023,220002,0.9944,
2023,220008,0.99,
2023,220010,0.9968,
2023,220011,0.9992,
2023,220012,0.9905,
2023,220015,0.9987,
2023,220016,0.998,
2023,220017,0.9955,
2023,220019,0.986,
2023,220020,0.9793,
2023,220024,0.9965,
2023,220029,0.9754,
2023,220030,0.9973,
2023,220031,0.9966,
2023,220033,0.9841,
2023,220035,0.9919,
2023,220036,0.9837,
2023,220046,0.9999,
2023,220049,0.9982,
2023,220052,0.9889,
2023,220060,0.9789,
2023,220063,0.9879,
2023,220065,0.9993,
2023,220066,0.998,
2023,220070,0.9938,
2023,220071,0.9963,
2023,220073,0.9968,
2023,220074,0.99,
2023,220075,1.0,
2023,220077,0.9971,
2023,220080,0.9958,
2023,220083,0.998,
2023,220084,0.998,
2023,220086,0.9905,
2023,220088,1.0,
2023,220090,0.978,
2023,220095,0.9916,
2023,220098,0.9906,
2023,220100,0.9937,
2023,220101,0.9889,
2023,220105,0.9863,
2023,220108,0.97,
2023,220110,0.9971,
2023,220111,0.9795,
2023,220116,0.9935,
2023,220119,0.9958,
2023,220126,0.9923,
2023,220135,0.9993,
2023,220163,0.9955,
2023,220171,0.9961,
2023,220175,0.9927,
2023,220176,0.997,
2023,220177,1.0,
2023,230002,0.9963,
2023,230003,0.9988,
2023,230005,1.0,
2023,230013,1.0,
2023,230015,0.992,
2023,230017,1.0,
2023,230019,0.9959,
2023,230020,0.9852,
2023,230021,0.9981,
2023,230022,0.998,
2023,230024,0.9924,
2023,230029,0.9965,
2023,230030,1.0,
2023,230031,0.9906,
2023,230035,0.9921,
2023,230036,1.0,
2023,230037,0.9987,
2023,230038,0.9997,
2023,230041,0.9944,
2023,230046,0.9998,
2023,230047,0.9927,
2023,230053,0.9971,
2023,230054,0.9977,
2023,230055,1.0,
2023,230058,0.9959,
2023,230059,1.0,
2023,230066,1.0,
2023,230069,0.9966,
2023,230070,0.9987,
2023,230072,0.9984,
2023,230075,1.0,
2023,230077,0.9967,
2023,230078,1.0,
2023,230080,1.0,
2023,230081,0.994,
2023,230085,1.0,
2023,230089,0.9881,
2023,230092,0.9998,
2023,230093,0.9995,
2023,230095,0.9974,
2023,230096,1.0,
2023,230097,0.9999,
2023,230099,0.9979,
2023,230100,0.9988,
2023,230104,0.9931,
2023,230105,1.0,
2023,230108,1.0,
2023,230110,0.9987,
2023,230117,1.0,
2023,230121,0.9969,
2023,230130,0.9842,
2023,230132,0.9969,
2023,230133,0.992,
2023,230141,0.9885,
2023,230142,0.9947,
2023,230146,0.9959,
2023,230151,0.9942,
2023,230156,1.0,
2023,230165,0.9975,
2023,230167,0.9948,
2023,230174,0.9835,
2023,230176,0.9888,
2023,230180,0.9994,
2023,230193,0.9995,
2023,230195,0.9889,
2023,230197,0.9971,
2023,230207,0.9996,
2023,230208,0.993,
2023,230216,0.9933,
2023,230217,0.998,
2023,230222,0.9984,
2023,230227,0.9968,
2023,230230,0.9975,
2023,230236,1.0,
2023,230239,0.9989,
2023,230241,0.9975,
2023,230244,0.9931,
2023,230254,0.9841,
2023,230259,1.0,
2023,230264,1.0,
2023,230269,0.9916,
2023,230270,0.9969,
2023,230273,0.9962,
2023,230277,0.9839,
2023,230297,1.0,
2023,230301,1.0,
2023,230302,0.9931,
2023,230303,0.9998,
2023,240001,0.9995,
2023,240002,0.9985,
2023,240004,0.9999,
2023,240006,0.9986,
2023,240010,0.9981,
2023,240014,1.0,
2023,240018,1.0,
2023,240019,1.0,
2023,240020,0.9991,
2023,240022,1.0,
2023,240030,0.9996,
2023,240036,0.9996,
2023,240038,0.9994,
2023,240040,1.0,
2023,240043,0.9951,
2023,240044,0.9983,
2023,240047,0.9995,
2023,240050,1.0,
2023,240052,0.9996,
2023,240053,0.9986,
2023,240056,1.0,
2023,240057,0.9999,
2023,240059,0.9956,
2023,240063,0.9995,
2023,240064,1.0,
2023,240066,1.0,
2023,240069,0.9954,
2023,240071,1.0,
2023,240075,1.0,
2023,240076,1.0,
2023,240078,0.9996,
2023,240080,0.9995,
2023,240084,1.0,
2023,240088,0.9994,
2023,240093,1.0,
2023,240100,0.9998,
2023,240101,0.9982,
2023,240104,0.9999,
2023,240106,0.9963,
2023,240115,0.9985,
2023,240141,1.0,
2023,240166,1.0,
2023,240187,0.9984,
2023,240206,1.0,
2023,240207,0.9994,
2023,240210,0.9994,
2023,240213,0.9998,
2023,240214,0.996,
2023,250001,0.9993,
2023,250002,0.9999,
2023,250004,1.0,
2023,250006,0.9994,
2023,250007,0.9943,
2023,250009,0.9861,
2023,250012,1.0,
2023,250017,1.0,
2023,250018,1.0,
2023,250019,0.99,
2023,250020,1.0,
2023,250025,0.9985,
2023,250027,0.9992,
2023,250031,0.996,
2023,250034,0.9919,
2023,250036,0.9996,
2023,250038,0.9989,
2023,250040,0.9884,
2023,250042,1.0,
2023,250043,0.994,
2023,250044,1.0,
2023,250048,0.9976,
2023,250049,1.0,
2023,250050,0.9961,
2023,250057,0.999,
2023,250058,0.9958,
2023,250060,1.0,
2023,250061,0.9975,
2023,250067,1.0,
2023,250069,0.9966,
2023,250072,0.9893,
2023,250077,0.9993,
2023,250078,0.9923,
2023,250082,0.9952,
2023,250084,0.9974,
2023,250085,0.9998,
2023,250093,0.9944,
2023,250094,0.9936,
2023,250095,1.0,
2023,250096,1.0,
2023,250097,0.9814,
2023,250099,0.9995,
2023,250100,0.9995,
2023,250102,1.0,
2023,250104,0.9998,
2023,250117,0.9968,
2023,250123,0.9996,
2023,250124,0.9991,
2023,250127,1.0,
2023,250128,0.9968,
2023,250134,1.0,
2023,250138,0.9948,
2023,250141,0.9864,
2023,250162,1.0,
2023,250167,0.9994,
2023,250168,1.0,
2023,260001,0.9918,
2023,260005,0.9956,
2023,260006,0.9979,
2023,260009,0.9949,
2023,260011,0.9983,
2023,260017,0.9995,
2023,260020,0.9972,
2023,260022,0.9995,
2023,260023,0.9976,
2023,260024,0.9967,
2023,260025,0.9876,
2023,260027,0.9957,
2023,260032,0.9987,
2023,260034,0.9999,
2023,260040,0.9979,
2023,260047,0.9936,
2023,260048,1.0,
2023,260050,1.0,
2023,260052,0.9981,
2023,260057,1.0,
2023,260059,1.0,
2023,260061,1.0,
2023,260062,0.9981,
2023,260064,0.9985,
2023,260065,0.9973,
2023,260068,0.9998,
2023,260070,0.9984,
2023,260074,0.9981,
2023,260077,0.9948,
2023,260078,1.0,
2023,260081,0.9974,
2023,260085,0.9981,
2023,260091,0.9999,
2023,260094,0.9975,
2023,260095,0.9983,
2023,260096,0.9981,
2023,260097,0.9972,
2023,260102,1.0,
2023,260104,0.9992,
2023,260105,0.9988,
2023,260108,0.9957,
2023,260110,0.9928,
2023,260113,0.9963,
2023,260119,0.9982,
2023,260137,0.9995,
2023,260138,0.9986,
2023,260141,0.9975,
2023,260142,0.9971,
2023,260160,0.9986,
2023,260162,1.0,
2023,260163,0.9975,
2023,260175,0.9791,
2023,260176,0.9811,
2023,260177,0.9975,
2023,260179,0.998,
2023,260180,0.9936,
2023,260183,0.9983,
2023,260186,0.9968,
2023,260190,0.9885,
2023,260191,0.9986,
2023,260193,0.9909,
2023,260195,1.0,
2023,260200,0.9978,
2023,260209,1.0,
2023,260210,1.0,
2023,260214,0.9715,
2023,260216,0.9981,
2023,260219,0.9975,
2023,270003,0.9993,
2023,270004,1.0,
2023,270012,0.9933,
2023,270014,1.0,
2023,270017,0.9867,
2023,270023,0.9914,
2023,270032,1.0,
2023,270049,0.9989,
2023,270051,1.0,
2023,270057,0.9991,
2023,270074,1.0,
2023,270086,1.0,
2023,280003,1.0,
2023,280009,0.9998,
2023,280013,0.9993,
2023,280020,0.9997,
2023,280023,0.997,
2023,280032,0.9998,
2023,280040,0.9998,
2023,280060,0.9987,
2023,280061,0.9995,
2023,280065,0.997,
2023,280077,1.0,
2023,280081,0.9985,
2023,280105,1.0,
2023,280111,0.9993,
2023,280125,0.9944,
2023,280127,1.0,
2023,280128,0.9918,
2023,280129,1.0,
2023,280130,0.9998,
2023,280131,1.0,
2023,280132,0.9974,
2023,280134,0.9911,
2023,280139,1.0,
2023,290001,0.9988,
2023,290003,0.9916,
2023,290005,0.9998,
2023,290007,0.9976,
2023,290008,0.9932,
2023,290009,0.9984,
2023,290012,0.9985,
2023,290019,0.9947,
2023,290021,0.9999,
2023,290022,0.9976,
2023,290032,0.9925,
2023,290039,0.989,
2023,290041,0.9845,
2023,290045,0.9933,
2023,290046,0.9896,
2023,290047,0.9937,
2023,290049,0.9943,
2023,290053,0.9964,
2023,290054,0.983,
2023,290057,0.9959,
2023,290058,1.0,
2023,300001,0.9898,
2023,300003,0.9978,
2023,300005,0.9997,
2023,300011,0.9928,
2023,300012,0.9931,
2023,300014,1.0,
2023,300017,0.9993,
2023,300018,0.9965,
2023,300019,0.9978,
2023,300020,0.9949,
2023,300023,0.995,
2023,300029,1.0,
2023,300034,0.9947,
2023,310001,0.9998,
2023,310002,0.9977,
2023,310003,0.9996,
2023,310005,0.9988,
2023,310006,0.9999,
2023,310008,0.992,
2023,310009,0.9997,
2023,310010,0.984,
2023,310011,0.9893,
2023,310012,0.9971,
2023,310014,0.9973,
2023,310015,1.0,
2023,310016,0.9974,
2023,310017,0.999,
2023,310019,0.994,
2023,310021,0.995,
2023,310022,0.984,
2023,310024,0.9948,
2023,310025,0.9957,
2023,310027,0.9969,
2023,310028,0.9999,
2023,310029,0.9889,
2023,310031,0.9915,
2023,310032,0.9917,
2023,310034,0.992,
2023,310038,0.9864,
2023,310039,0.9945,
2023,310040,0.9939,
2023,310041,0.9888,
2023,310044,0.9942,
2023,310045,0.987,
2023,310047,0.9978,
2023,310048,0.9958,
2023,310050,0.9917,
2023,310051,1.0,
2023,310052,0.9982,
2023,310054,0.9972,
2023,310057,0.998,
2023,310058,1.0,
2023,310060,0.9942,
2023,310061,0.9932,
2023,310064,0.9974,
2023,310069,0.9904,
2023,310070,0.9921,
2023,310073,0.9919,
2023,310074,0.998,
2023,310075,0.9971,
2023,310076,0.9982,
2023,310083,0.9978,
2023,310084,0.996,
2023,310086,0.9914,
2023,310091,1.0,
2023,310092,0.9994,
2023,310096,0.9999,
2023,310108,0.9962,
2023,310110,0.9961,
2023,310111,0.9989,
2023,310112,0.998,
2023,310113,0.9994,
2023,310115,0.9983,
2023,310118,0.9985,
2023,310119,0.9995,
2023,310130,0.9831,
2023,320001,1.0,
2023,320002,1.0,
2023,320003,1.0,
2023,320004,0.9993,
2023,320005,0.9967,
2023,320006,0.9966,
2023,320009,0.9947,
2023,320011,0.9818,
2023,320017,0.999,
2023,320018,0.9983,
2023,320021,0.9958,
2023,320022,0.9997,
2023,320030,1.0,
2023,320033,1.0,
2023,320038,0.9997,
2023,320059,1.0,
2023,320060,1.0,
2023,320061,1.0,
2023,320062,1.0,
2023,320063,0.9963,
2023,320065,0.9973,
2023,320067,1.0,
2023,320074,0.9894,
2023,320084,1.0,
2023,320085,0.9955,
2023,320086,1.0,
2023,320089,0.9803,
2023,320090,1.0,
2023,320091,1.0,
2023,330005,0.9991,
2023,330006,0.9973,
2023,330008,0.9962,
2023,330009,0.9982,
2023,330011,0.998,
2023,330013,0.9971,
2023,330014,0.9978,
2023,330019,0.9988,
2023,330023,0.9933,
2023,330024,1.0,
2023,330027,0.9988,
2023,330028,0.9989,
2023,330030,0.996,
2023,330033,0.9987,
2023,330043,0.9982,
2023,330044,0.9984,
2023,330045,0.9963,
2023,330046,0.9981,
2023,330047,1.0,
2023,330049,0.9915,
2023,330055,0.9997,
2023,330056,1.0,
2023,330057,0.9964,
2023,330058,0.9945,
2023,330059,0.994,
2023,330065,0.9984,
2023,330073,0.998,
2023,330074,0.9965,
2023,330078,0.9972,
2023,330079,1.0,
2023,330080,0.9975,
2023,330084,0.9955,
2023,330085,0.9933,
2023,330086,0.9987,
2023,330090,0.9969,
2023,330094,0.9925,
2023,330096,0.9977,
2023,330101,0.997,
2023,330102,0.9993,
2023,330103,0.9919,
2023,330104,0.9969,
2023,330106,0.9927,
2023,330107,0.9963,
2023,330111,0.9963,
2023,330115,0.9965,
2023,330119,0.9985,
2023,330125,0.9874,
2023,330126,0.9985,
2023,330127,0.9998,
2023,330128,0.9989,
2023,330135,0.9984,
2023,330136,0.9944,
2023,330140,0.9772,
2023,330141,0.9973,
2023,330144,1.0,
2023,330151,0.9999,
2023,330153,0.9939,
2023,330157,0.9993,
2023,330158,0.9955,
2023,330160,0.9993,
2023,330162,0.9948,
2023,330163,0.9933,
2023,330164,0.9898,
2023,330166,1.0,
2023,330169,0.9989,
2023,330175,0.9961,
2023,330180,0.9989,
2023,330181,0.9985,
2023,330182,0.9863,
2023,330184,0.9997,
2023,330185,0.9988,
2023,330188,0.9952,
2023,330191,0.9971,
2023,330193,1.0,
2023,330194,0.9986,
2023,330195,0.9993,
2023,330196,0.9999,
2023,330197,0.9964,
2023,330198,0.9999,
2023,330199,1.0,
2023,330202,0.998,
2023,330203,0.9944,
2023,330204,0.9987,
2023,330205,1.0,
2023,330208,0.992,
2023,330211,0.9998,
2023,330214,0.9977,
2023,330215,0.9974,
2023,330218,0.9989,
2023,330219,1.0,
2023,330221,0.999,
2023,330222,0.9969,
2023,330223,0.9998,
2023,330224,0.9977,
2023,330226,0.9938,
2023,330229,0.9977,
2023,330231,0.9999,
2023,330233,0.9994,
2023,330234,0.9967,
2023,330235,0.9909,
2023,330236,0.9948,
2023,330238,0.9997,
2023,330239,0.9997,
2023,330240,0.9985,
2023,330241,0.9989,
2023,330245,0.9922,
2023,330246,0.9927,
2023,330250,0.9961,
2023,330259,1.0,
2023,330261,0.9996,
2023,330264,0.9975,
2023,330265,0.9994,
2023,330267,0.9962,
2023,330270,1.0,
2023,330273,0.9976,
2023,330276,0.9978,
2023,330277,0.999,
2023,330279,0.9993,
2023,330285,0.9985,
2023,330286,0.9883,
2023,330304,0.9956,
2023,330307,0.9991,
2023,330331,0.9907,
2023,330332,0.9911,
2023,330350,0.9973,
2023,330386,0.9973,
2023,330393,0.9968,
2023,330394,0.9954,
2023,330395,0.9996,
2023,330396,1.0,
2023,330399,0.999,
2023,330401,0.9993,
2023,340001,0.9996,
2023,340002,0.9993,
2023,340003,0.9991,
2023,340004,0.9962,
2023,340008,0.9955,
2023,340010,0.9989,
2023,340013,1.0,
2023,340014,0.9962,
2023,340015,0.9894,
2023,340016,0.984,
2023,340017,0.9938,
2023,340020,0.9972,
2023,340021,0.9956,
2023,340023,0.9997,
2023,340024,0.9989,
2023,340027,0.9969,
2023,340028,0.9903,
2023,340030,0.999,
2023,340032,0.994,
2023,340039,0.988,
2023,340040,0.9965,
2023,340041,1.0,
2023,340042,0.997,
2023,340047,0.9983,
2023,340049,1.0,
2023,340050,0.9986,
2023,340051,0.9944,
2023,340053,0.999,
2023,340060,0.9955,
2023,340061,0.9991,
2023,340064,0.995,
2023,340068,0.997,
2023,340069,0.9994,
2023,340070,0.9991,
2023,340071,0.9947,
2023,340073,0.9987,
2023,340075,0.9998,
2023,340084,1.0,
2023,340085,0.9883,
2023,340087,1.0,
2023,340090,0.992,
2023,340091,0.999,
2023,340096,0.9726,
2023,340097,0.9982,
2023,340098,0.983,
2023,340099,0.9938,
2023,340107,0.9958,
2023,340109,0.9998,
2023,340113,0.9973,
2023,340114,0.9999,
2023,340115,0.9959,
2023,340116,0.991,
2023,340119,0.9979,
2023,340120,0.9973,
2023,340123,0.9895,
2023,340126,0.9966,
2023,340127,1.0,
2023,340129,0.9958,
2023,340130,0.9997,
2023,340131,0.987,
2023,340132,0.9962,
2023,340133,0.9977,
2023,340141,0.997,
2023,340142,0.9936,
2023,340143,1.0,
2023,340144,0.9966,
2023,340145,0.9995,
2023,340147,0.9962,
2023,340151,0.9866,
2023,340155,0.998,
2023,340156,1.0,
2023,340158,0.9967,
2023,340159,0.998,
2023,340166,0.9997,
2023,340171,1.0,
2023,340173,0.9879,
2023,340183,0.9773,
2023,340184,0.9923,
2023,340187,1.0,
2023,340188,0.97,
2023,340190,1.0,
2023,350002,0.996,
2023,350006,0.9964,
2023,350011,0.9981,
2023,350015,0.9998,
2023,350019,1.0,
2023,350063,0.9991,
2023,350070,0.9994,
2023,360001,0.9958,
2023,360002,0.9989,
2023,360003,0.9996,
2023,360006,0.9982,
2023,360008,0.9951,
2023,360009,0.994,
2023,360010,1.0,
2023,360011,0.9954,
2023,360012,0.999,
2023,360013,0.9985,
2023,360014,0.9994,
2023,360016,0.9925,
2023,360017,0.9988,
2023,360020,0.9959,
2023,360025,0.9951,
2023,360026,0.9993,
2023,360027,0.9961,
2023,360029,0.9951,
2023,360032,0.9933,
2023,360035,0.9947,
2023,360036,0.9974,
2023,360037,0.978,
2023,360039,0.9957,
2023,360040,0.9979,
2023,360041,0.9958,
2023,360044,0.9971,
2023,360046,0.9898,
2023,360048,0.9992,
2023,360051,0.9952,
2023,360054,0.9984,
2023,360055,0.9902,
2023,360056,0.9924,
2023,360058,0.9983,
2023,360059,0.9996,
2023,360064,0.9958,
2023,360065,0.9979,
2023,360066,0.9951,
2023,360068,0.9979,
2023,360070,0.9988,
2023,360071,1.0,
2023,360072,0.9891,
2023,360075,1.0,
2023,360076,0.9977,
2023,360077,0.9894,
2023,360078,0.999,
2023,360079,0.9959,
2023,360080,0.9985,
2023,360081,0.9946,
2023,360082,0.9758,
2023,360084,0.9989,
2023,360085,1.0,
2023,360086,0.9996,
2023,360087,1.0,
2023,360089,1.0,
2023,360090,0.992,
2023,360091,0.9991,
2023,360092,1.0,
2023,360095,0.9962,
2023,360096,0.9991,
2023,360098,0.9877,
2023,360107,0.998,
2023,360109,0.9987,
2023,360112,0.9841,
2023,360118,0.9963,
2023,360121,0.9994,
2023,360123,0.9961,
2023,360125,0.9897,
2023,360131,0.9892,
2023,360132,0.9935,
2023,360133,0.9925,
2023,360134,0.9991,
2023,360137,0.9942,
2023,360143,1.0,
2023,360144,0.9943,
2023,360145,1.0,
2023,360147,0.9983,
2023,360148,1.0,
2023,360150,0.9994,
2023,360152,0.9995,
2023,360155,0.9962,
2023,360156,0.989,
2023,360159,0.9953,
2023,360161,0.995,
2023,360163,0.9985,
2023,360170,0.9989,
2023,360172,0.9943,
2023,360174,0.9973,
2023,360175,0.9948,
2023,360179,0.9958,
2023,360180,0.9997,
2023,360185,0.9975,
2023,360189,1.0,
2023,360192,0.9973,
2023,360197,0.9899,
2023,360203,1.0,
2023,360210,0.9997,
2023,360211,0.9891,
2023,360218,0.998,
2023,360230,0.9929,
2023,360234,0.9982,
2023,360236,0.9958,
2023,360239,0.9984,
2023,360259,0.9986,
2023,360262,0.9931,
2023,360263,0.9894,
2023,360266,1.0,
2023,360270,0.9975,
2023,360276,0.9939,
2023,360348,0.9971,
2023,360351,1.0,
2023,360352,1.0,
2023,360354,0.9971,
2023,360355,1.0,
2023,360358,1.0,
2023,360359,0.9975,
2023,360360,0.9936,
2023,360361,0.97,
2023,360364,0.9938,
2023,360365,1.0,
2023,360367,1.0,
2023,360368,1.0,
2023,370001,0.9907,
2023,370002,1.0,
2023,370004,0.9987,
2023,370006,0.9896,
2023,370008,0.9985,
2023,370013,0.9988,
2023,370014,0.9925,
2023,370015,0.9988,
2023,370016,1.0,
2023,370018,1.0,
2023,370019,0.9976,
2023,370020,1.0,
2023,370022,1.0,
2023,370023,0.9974,
2023,370025,0.9988,
2023,370026,1.0,
2023,370028,0.9987,
2023,370029,0.9997,
2023,370030,0.9976,
2023,370034,0.9993,
2023,370037,0.9992,
2023,370039,0.9922,
2023,370041,1.0,
2023,370047,0.999,
2023,370049,0.9992,
2023,370054,0.9998,
2023,370056,0.9841,
2023,370057,1.0,
2023,370078,0.9946,
2023,370083,0.997,
2023,370089,0.9989,
2023,370091,0.995,
2023,370093,0.9982,
2023,370094,0.9994,
2023,370097,0.999,
2023,370099,1.0,
2023,370100,0.9935,
2023,370106,1.0,
2023,370112,0.997,
2023,370113,0.9979,
2023,370114,0.9967,
2023,370139,1.0,
2023,370149,0.9972,
2023,370153,0.9986,
2023,370158,1.0,
2023,370166,0.9999,
2023,370170,1.0,
2023,370171,0.9988,
2023,370172,1.0,
2023,370173,1.0,
2023,370178,1.0,
2023,370180,1.0,
2023,370183,1.0,
2023,370192,1.0,
2023,370201,1.0,
2023,370202,0.9962,
2023,370203,1.0,
2023,370210,1.0,
2023,370211,0.999,
2023,370212,1.0,
2023,370214,1.0,
2023,370215,0.9963,
2023,370216,1.0,
2023,370218,0.9957,
2023,370220,1.0,
2023,370222,1.0,
2023,370225,1.0,
2023,370227,0.9988,
2023,370228,0.97,
2023,370229,1.0,
2023,370234,1.0,
2023,370235,0.9797,
2023,370236,0.9988,
2023,370237,1.0,
2023,370240,1.0,
2023,380001,0.9996,
2023,380002,1.0,
2023,380004,1.0,
2023,380005,1.0,
2023,380007,0.9994,
2023,380009,1.0,
2023,380014,1.0,
2023,380017,0.9994,
2023,380018,1.0,
2023,380020,0.9951,
2023,380021,0.9996,
2023,380022,0.9949,
2023,380025,0.9986,
2023,380027,0.9971,
2023,380029,0.9999,
2023,380033,1.0,
2023,380037,0.9984,
2023,380038,1.0,
2023,380040,0.9999,
2023,380047,1.0,
2023,380050,0.9935,
2023,380051,0.9956,
2023,380052,0.9992,
2023,380056,1.0,
2023,380060,0.9945,
2023,380061,0.9988,
2023,380071,0.9958,
2023,380075,0.9969,
2023,380082,0.998,
2023,380089,0.9958,
2023,380090,1.0,
2023,380091,1.0,
2023,380102,0.9964,
2023,380103,1.0,
2023,390001,1.0,
2023,390002,0.9998,
2023,390003,0.9999,
2023,390004,0.9994,
2023,390006,1.0,
2023,390009,1.0,
2023,390012,0.9915,
2023,390013,0.9993,
2023,390016,0.9997,
2023,390026,0.9991,
2023,390027,0.998,
2023,390028,0.9987,
2023,390030,0.9957,
2023,390032,0.9933,
2023,390035,0.9954,
2023,390036,0.9889,
2023,390037,0.9888,
2023,390039,0.9976,
2023,390041,0.9999,
2023,390042,0.9997,
2023,390044,0.996,
2023,390045,0.9989,
2023,390046,0.9981,
2023,390048,1.0,
2023,390049,0.9997,
2023,390050,0.9962,
2023,390056,1.0,
2023,390057,1.0,
2023,390058,0.9997,
2023,390062,0.9791,
2023,390063,0.9972,
2023,390065,1.0,
2023,390066,1.0,
2023,390067,0.9945,
2023,390068,0.997,
2023,390070,0.9983,
2023,390071,1.0,
2023,390072,1.0,
2023,390073,0.9947,
2023,390076,0.9974,
2023,390079,0.9872,
2023,390081,0.9983,
2023,390086,0.9967,
2023,390090,1.0,
2023,390091,1.0,
2023,390093,0.9982,
2023,390096,1.0,
2023,390097,1.0,
2023,390100,1.0,
2023,390101,0.9968,
2023,390102,0.989,
2023,390104,1.0,
2023,390107,0.9985,
2023,390110,0.994,
2023,390111,1.0,
2023,390112,1.0,
2023,390113,0.9982,
2023,390114,0.9928,
2023,390115,0.9964,
2023,390116,1.0,
2023,390117,0.9989,
2023,390119,0.9927,
2023,390123,0.9959,
2023,390125,1.0,
2023,390127,0.9922,
2023,390133,0.9966,
2023,390137,0.9982,
2023,390138,1.0,
2023,390139,0.9998,
2023,390142,0.9953,
2023,390145,0.9906,
2023,390146,0.995,
2023,390147,0.9957,
2023,390150,0.9998,
2023,390151,1.0,
2023,390153,0.9963,
2023,390156,0.9948,
2023,390157,0.9982,
2023,390160,0.9958,
2023,390162,0.9964,
2023,390163,1.0,
2023,390164,0.9979,
2023,390168,0.9979,
2023,390173,0.9913,
2023,390174,0.9987,
2023,390178,0.9996,
2023,390179,0.9969,
2023,390180,0.999,
2023,390183,0.998,
2023,390184,1.0,
2023,390185,0.9964,
2023,390195,0.9949,
2023,390198,0.9976,
2023,390199,0.9996,
2023,390201,0.9939,
2023,390203,0.9985,
2023,390204,0.9993,
2023,390211,0.9943,
2023,390217,0.9986,
2023,390219,0.9982,
2023,390222,0.9864,
2023,390223,0.9997,
2023,390225,0.9988,
2023,390226,0.9971,
2023,390228,0.9956,
2023,390231,0.9999,
2023,390233,0.9939,
2023,390237,0.9922,
2023,390256,0.9991,
2023,390258,0.9893,
2023,390265,0.992,
2023,390266,0.9929,
2023,390267,0.991,
2023,390268,1.0,
2023,390270,0.9987,
2023,390304,0.9996,
2023,390307,0.9769,
2023,390314,0.981,
2023,390316,0.97,
2023,390321,1.0,
2023,390322,1.0,
2023,390323,1.0,
2023,390324,1.0,
2023,390325,1.0,
2023,390326,0.9958,
2023,390327,0.9965,
2023,390328,0.9994,
2023,390329,0.9823,
2023,390330,0.994,
2023,390332,0.9987,
2023,390333,1.0,
2023,410004,1.0,
2023,410005,0.9991,
2023,410006,0.9964,
2023,410007,0.999,
2023,410008,0.9934,
2023,410009,0.9962,
2023,410011,0.9926,
2023,410012,0.9963,
2023,410013,0.9999,
2023,420002,0.9976,
2023,420004,0.998,
2023,420005,1.0,
2023,420007,0.9956,
2023,420009,0.9894,
2023,420010,0.9992,
2023,420011,1.0,
2023,420015,0.9999,
2023,420018,0.9985,
2023,420019,0.997,
2023,420020,0.9957,
2023,420023,0.9989,
2023,420026,0.9949,
2023,420027,0.9939,
2023,420030,0.9964,
2023,420033,0.9999,
2023,420036,0.9995,
2023,420037,1.0,
2023,420038,0.9996,
2023,420043,1.0,
2023,420048,0.9996,
2023,420049,0.9977,
2023,420051,1.0,
2023,420053,1.0,
2023,420055,0.9997,
2023,420065,1.0,
2023,420066,1.0,
2023,420067,0.9989,
2023,420068,0.9992,
2023,420070,0.9944,
2023,420071,0.9995,
2023,420072,1.0,
2023,420073,0.9915,
2023,420078,0.992,
2023,420079,0.9924,
2023,420080,0.9919,
2023,420082,0.9956,
2023,420085,0.9942,
2023,420086,1.0,
2023,420087,0.9997,
2023,420089,0.9898,
2023,420091,0.9969,
2023,420098,0.9802,
2023,420101,0.9985,
2023,420102,1.0,
2023,420103,0.997,
2023,420104,1.0,
2023,420105,0.9969,
2023,420106,0.9994,
2023,420107,1.0,
2023,420108,1.0,
2023,420109,0.9982,
2023,420110,0.9956,
2023,430005,0.9983,
2023,430008,0.9997,
2023,430012,1.0,
2023,430013,0.9998,
2023,430014,1.0,
2023,430015,0.9948,
2023,430016,0.9984,
2023,430027,0.9999,
2023,430048,0.9983,
2023,430077,0.9999,
2023,430083,1.0,
2023,430084,1.0,
2023,430089,0.992,
2023,430090,1.0,
2023,430091,1.0,
2023,430095,1.0,
2023,430097,1.0,
2023,430098,1.0,
2023,440001,0.9965,
2023,440002,0.9927,
2023,440003,0.9955,
2023,440006,0.9975,
2023,440007,1.0,
2023,440008,1.0,
2023,440009,0.998,
2023,440010,0.998,
2023,440011,0.9961,
2023,440012,0.9902,
2023,440015,0.9969,
2023,440016,0.9996,
2023,440017,0.997,
2023,440018,0.9923,
2023,440020,1.0,
2023,440029,1.0,
2023,440030,0.9968,
2023,440031,1.0,
2023,440032,1.0,
2023,440033,0.9981,
2023,440034,0.9908,
2023,440035,0.9955,
2023,440039,0.9971,
2023,440040,1.0,
2023,440046,0.9993,
2023,440048,0.9921,
2023,440049,0.9969,
2023,440050,0.998,
2023,440053,0.9984,
2023,440056,0.999,
2023,440057,1.0,
2023,440058,0.9934,
2023,440059,0.9921,
2023,440060,1.0,
2023,440061,1.0,
2023,440063,0.9935,
2023,440065,0.9917,
2023,440068,0.9966,
2023,440072,0.9948,
2023,440073,0.9983,
2023,440081,1.0,
2023,440082,0.9999,
2023,440084,0.9985,
2023,440091,1.0,
2023,440102,1.0,
2023,440104,0.9905,
2023,440109,1.0,
2023,440110,0.9989,
2023,440111,1.0,
2023,440120,0.996,
2023,440125,0.9951,
2023,440130,0.9993,
2023,440131,0.9954,
2023,440132,0.9993,
2023,440137,1.0,
2023,440144,1.0,
2023,440148,1.0,
2023,440150,0.9947,
2023,440151,1.0,
2023,440152,0.9988,
2023,440153,1.0,
2023,440156,0.9919,
2023,440161,0.9995,
2023,440173,0.9972,
2023,440175,0.999,
2023,440176,0.9992,
2023,440183,0.9904,
2023,440184,0.9989,
2023,440185,0.9924,
2023,440187,1.0,
2023,440192,0.9985,
2023,440193,0.9856,
2023,440194,0.9936,
2023,440197,0.9987,
2023,440200,1.0,
2023,440218,0.997,
2023,440227,0.9973,
2023,440228,0.9999,
2023,450002,0.9976,
2023,450007,1.0,
2023,450010,0.9983,
2023,450011,0.9872,
2023,450015,0.9999,
2023,450018,0.9856,
2023,450021,0.9996,
2023,450023,1.0,
2023,450024,0.9991,
2023,450028,0.9958,
2023,450029,0.996,
2023,450032,0.9829,
2023,450033,0.9994,
2023,450034,0.9977,
2023,450035,0.9987,
2023,450039,1.0,
2023,450040,0.9981,
2023,450042,0.9991,
2023,450044,0.9992,
2023,450046,0.9959,
2023,450051,0.9994,
2023,450054,0.9978,
2023,450055,0.9998,
2023,450056,0.999,
2023,450058,0.9967,
2023,450064,0.9983,
2023,450068,0.9989,
2023,450072,1.0,
2023,450078,0.9966,
2023,450079,0.9973,
2023,450080,0.9959,
2023,450082,0.9999,
2023,450083,0.9985,
2023,450085,0.9992,
2023,450087,0.9922,
2023,450090,0.9996,
2023,450092,1.0,
2023,450097,0.998,
2023,450099,0.9983,
2023,450101,0.9976,
2023,450102,0.9994,
2023,450104,0.9987,
2023,450107,0.9988,
2023,450108,1.0,
2023,450119,0.9974,
2023,450124,0.9998,
2023,450128,0.9987,
2023,450132,0.9878,
2023,450133,1.0,
2023,450135,0.9975,
2023,450137,0.9947,
2023,450143,1.0,
2023,450144,1.0,
2023,450147,0.9984,
2023,450148,0.9979,
2023,450152,0.9975,
2023,450154,1.0,
2023,450155,1.0,
2023,450162,1.0,
2023,450163,0.9979,
2023,450165,1.0,
2023,450176,0.9995,
2023,450184,0.9975,
2023,450187,0.9968,
2023,450193,0.9998,
2023,450194,1.0,
2023,450196,0.9987,
2023,450200,0.9977,
2023,450203,0.9871,
2023,450209,0.9998,
2023,450210,0.994,
2023,450211,0.9823,
2023,450213,0.999,
2023,450222,0.9958,
2023,450229,0.9886,
2023,450231,0.9944,
2023,450235,1.0,
2023,450236,0.9968,
2023,450237,0.999,
2023,450241,1.0,
2023,450253,1.0,
2023,450271,0.9969,
2023,450272,0.9922,
2023,450289,1.0,
2023,450292,0.9951,
2023,450324,0.9972,
2023,450330,0.999,
2023,450346,0.99,
2023,450347,0.9951,
2023,450348,1.0,
2023,450351,0.9978,
2023,450352,0.9878,
2023,450358,0.9969,
2023,450369,0.97,
2023,450370,1.0,
2023,450372,0.9983,
2023,450379,1.0,
2023,450388,0.999,
2023,450389,0.9972,
2023,450395,1.0,
2023,450399,1.0,
2023,450400,0.9981,
2023,450403,0.9856,
2023,450411,0.9979,
2023,450419,0.9999,
2023,450422,0.97,
2023,450424,0.9995,
2023,450431,0.9947,
2023,450447,1.0,
2023,450451,1.0,
2023,450460,1.0,
2023,450462,0.9994,
2023,450465,0.9973,
2023,450469,0.9958,
2023,450475,0.9955,
2023,450484,0.999,
2023,450489,1.0,
2023,450498,1.0,
2023,450508,0.9981,
2023,450518,0.9953,
2023,450537,0.9974,
2023,450539,0.9981,
2023,450563,0.9991,
2023,450565,0.9968,
2023,450571,0.992,
2023,450573,1.0,
2023,450578,1.0,
2023,450584,0.996,
2023,450586,1.0,
2023,450587,0.9881,
2023,450596,0.9968,
2023,450597,1.0,
2023,450604,1.0,
2023,450610,0.9972,
2023,450617,0.9854,
2023,450634,0.9973,
2023,450638,0.9976,
2023,450639,0.9991,
2023,450641,0.9995,
2023,450643,0.9987,
2023,450644,0.9967,
2023,450647,0.9973,
2023,450651,0.9955,
2023,450653,0.998,
2023,450654,1.0,
2023,450656,0.9987,
2023,450658,0.9992,
2023,450659,1.0,
2023,450661,0.9954,
2023,450662,0.9957,
2023,450668,0.9919,
2023,450669,0.9959,
2023,450670,0.9924,
2023,450672,0.9987,
2023,450675,0.9983,
2023,450677,0.9972,
2023,450678,0.9955,
2023,450684,0.9954,
2023,450686,0.9941,
2023,450688,0.9983,
2023,450690,1.0,
2023,450694,0.9953,
2023,450697,0.9972,
2023,450698,1.0,
2023,450702,0.9857,
2023,450709,0.9959,
2023,450711,0.9965,
2023,450713,0.9975,
2023,450718,0.9999,
2023,450723,0.9931,
2023,450730,0.9988,
2023,450742,0.999,
2023,450743,0.9953,
2023,450747,0.9946,
2023,450755,1.0,
2023,450771,0.9955,
2023,450774,1.0,
2023,450775,0.991,
2023,450779,0.993,
2023,450788,0.9971,
2023,450801,0.9985,
2023,450803,1.0,
2023,450804,0.9922,
2023,450808,1.0,
2023,450809,0.9988,
2023,450820,0.9986,
2023,450822,0.9985,
2023,450825,1.0,
2023,450827,0.9983,
2023,450828,0.9998,
2023,450831,1.0,
2023,450833,1.0,
2023,450834,1.0,
2023,450840,0.9954,
2023,450844,0.994,
2023,450847,0.9967,
2023,450848,0.9979,
2023,450851,0.9969,
2023,450853,0.9851,
2023,450855,0.9993,
2023,450856,1.0,
2023,450860,0.9898,
2023,450862,0.9934,
2023,450864,1.0,
2023,450865,1.0,
2023,450867,0.9976,
2023,450869,0.9975,
2023,450871,1.0,
2023,450872,1.0,
2023,450874,0.9967,
2023,450875,1.0,
2023,450876,0.97,
2023,450877,0.983,
2023,450880,0.97,
2023,450883,0.9979,
2023,450885,0.9991,
2023,450888,1.0,
2023,450889,1.0,
2023,450890,0.9999,
2023,450891,1.0,
2023,450893,0.9942,
2023,460001,1.0,
2023,460003,1.0,
2023,460004,1.0,
2023,460005,0.9997,
2023,460006,0.9996,
2023,460007,1.0,
2023,460009,1.0,
2023,460010,0.999,
2023,460011,1.0,
2023,460013,0.9883,
2023,460014,0.9916,
2023,460015,1.0,
2023,460017,1.0,
2023,460019,0.9987,
2023,460021,1.0,
2023,460023,0.9977,
2023,460026,1.0,
2023,460030,1.0,
2023,460039,1.0,
2023,460041,1.0,
2023,460042,1.0,
2023,460044,0.9916,
2023,460047,0.9936,
2023,460049,1.0,
2023,460051,0.9955,
2023,460052,0.9895,
2023,460054,0.9885,
2023,460057,1.0,
2023,460058,0.9996,
2023,460060,0.9929,
2023,460061,1.0,
2023,470001,0.9869,
2023,470003,1.0,
2023,470005,0.9954,
2023,470011,0.9929,
2023,470012,0.9933,
2023,470024,0.9957,
2023,490002,0.9939,
2023,490004,0.9974,
2023,490005,0.9994,
2023,490007,0.9993,
2023,490009,0.9991,
2023,490013,0.9994,
2023,490017,1.0,
2023,490018,1.0,
2023,490019,0.9853,
2023,490020,0.9999,
2023,490021,0.9994,
2023,490022,0.9855,
2023,490023,0.9715,
2023,490024,0.9996,
2023,490032,0.9993,
2023,490033,0.9981,
2023,490037,0.9996,
2023,490038,0.9935,
2023,490040,1.0,
2023,490041,0.9954,
2023,490042,1.0,
2023,490043,0.9972,
2023,490044,0.9959,
2023,490045,0.9976,
2023,490046,0.9992,
2023,490048,0.9911,
2023,490050,0.9995,
2023,490052,0.9972,
2023,490053,0.9945,
2023,490057,0.9984,
2023,490059,0.9979,
2023,490060,0.9943,
2023,490063,1.0,
2023,490066,0.9989,
2023,490067,0.9919,
2023,490069,0.9971,
2023,490075,0.9927,
2023,490077,0.9926,
2023,490084,1.0,
2023,490088,0.9968,
2023,490089,1.0,
2023,490090,0.9988,
2023,490092,0.9981,
2023,490093,0.9962,
2023,490094,1.0,
2023,490097,1.0,
2023,490098,0.9985,
2023,490101,1.0,
2023,490107,0.9927,
2023,490110,0.9889,
2023,490111,0.9976,
2023,490112,0.9953,
2023,490113,0.9964,
2023,490114,0.9991,
2023,490115,0.9995,
2023,490116,0.9986,
2023,490117,0.9986,
2023,490118,0.9959,
2023,490119,0.9987,
2023,490120,0.9972,
2023,490122,0.9999,
2023,490126,0.9967,
2023,490127,0.9842,
2023,490130,0.9951,
2023,490136,0.9985,
2023,490140,0.9904,
2023,490141,0.9919,
2023,490143,0.9959,
2023,490144,0.9971,
2023,490145,0.9989,
2023,500002,0.9979,
2023,500003,0.9984,
2023,500005,0.9993,
2023,500007,0.9963,
2023,500008,0.9984,
2023,500011,1.0,
2023,500014,0.9929,
2023,500015,0.9987,
2023,500016,1.0,
2023,500019,0.9994,
2023,500021,0.9985,
2023,500024,0.9986,
2023,500025,0.9998,
2023,500026,1.0,
2023,500027,1.0,
2023,500030,1.0,
2023,500031,0.9989,
2023,500033,1.0,
2023,500036,0.9993,
2023,500037,1.0,
2023,500039,1.0,
2023,500041,0.9981,
2023,500044,0.999,
2023,500050,0.9979,
2023,500051,0.9931,
2023,500053,0.9981,
2023,500054,1.0,
2023,500058,0.9996,
2023,500060,1.0,
2023,500064,1.0,
2023,500072,1.0,
2023,500077,0.997,
2023,500079,0.9889,
2023,500084,0.9993,
2023,500088,1.0,
2023,500108,0.9999,
2023,500119,0.999,
2023,500124,1.0,
2023,500129,0.9956,
2023,500139,0.9907,
2023,500141,0.9992,
2023,500148,1.0,
2023,500150,1.0,
2023,500151,1.0,
2023,500152,0.9959,
2023,500154,1.0,
2023,510001,0.9977,
2023,510002,0.9989,
2023,510006,0.9965,
2023,510007,0.995,
2023,510008,1.0,
2023,510012,0.9977,
2023,510013,0.9974,
2023,510022,0.9893,
2023,510023,0.9984,
2023,510024,0.9976,
2023,510029,0.9873,
2023,510030,0.9994,
2023,510031,1.0,
2023,510038,0.9965,
2023,510046,0.9712,
2023,510048,0.9981,
2023,510050,0.9859,
2023,510055,0.9996,
2023,510058,0.9946,
2023,510062,0.9908,
2023,510070,0.9943,
2023,510072,0.9976,
2023,510086,1.0,
2023,510091,1.0,
2023,520002,0.9991,
2023,520004,0.9931,
2023,520008,0.9983,
2023,520009,1.0,
2023,520011,1.0,
2023,520013,0.9997,
2023,520017,1.0,
2023,520019,0.9995,
2023,520021,0.9918,
2023,520027,1.0,
2023,520028,0.9969,
2023,520030,0.9976,
2023,520033,0.97,
2023,520034,0.9998,
2023,520035,0.9935,
2023,520037,0.9897,
2023,520038,0.9984,
2023,520041,0.9978,
2023,520044,1.0,
2023,520045,0.9987,
2023,520049,1.0,
2023,520051,0.9925,
2023,520057,0.9987,
2023,520059,0.9997,
2023,520062,0.9976,
2023,520063,0.9997,
2023,520066,0.9965,
2023,520070,0.9999,
2023,520071,1.0,
2023,520075,0.9997,
2023,520076,0.9955,
2023,520078,0.9993,
2023,520083,1.0,
2023,520087,1.0,
2023,520088,1.0,
2023,520089,0.9993,
2023,520091,0.9977,
2023,520095,0.9999,
2023,520096,0.9962,
2023,520097,0.9984,
2023,520098,0.9984,
2023,520100,0.9998,
2023,520102,0.9995,
2023,520103,0.9975,
2023,520107,0.9947,
2023,520109,1.0,
2023,520113,0.993,
2023,520116,1.0,
2023,520136,0.9901,
2023,520138,1.0,
2023,520139,0.9984,
2023,520160,1.0,
2023,520177,0.9991,
2023,520189,0.9987,
2023,520193,0.9963,
2023,520194,1.0,
2023,520196,1.0,
2023,520198,1.0,
2023,520202,0.9964,
2023,520205,0.97,
2023,520206,0.9991,
2023,520207,0.9996,
2023,520208,0.9984,
2023,520210,0.9945,
2023,520212,0.9985,
2023,520213,1.0,
2023,530002,0.9998,
2023,530006,1.0,
2023,530008,0.9934,
2023,530011,1.0,
2023,530012,1.0,
2023,530014,0.9935,
2023,530015,0.9864,
2023,530025,0.9998,
2023,530032,1.0,
2023,530034,1.0,
2023,670004,0.9985,
2023,670005,0.97,
2023,670006,1.0,
2023,670008,1.0,
2023,670023,0.9974,
2023,670025,0.9981,
2023,670031,0.9951,
2023,670034,0.9978,
2023,670041,0.9982,
2023,670043,0.9986,
2023,670044,0.9971,
2023,670047,0.9967,
2023,670049,1.0,
2023,670053,0.9942,
2023,670054,0.9991,
2023,670055,0.9998,
2023,670056,0.9984,
2023,670059,1.0,
2023,670060,0.996,
2023,670061,1.0,
2023,670062,1.0,
2023,670067,0.9745,
2023,670068,0.9968,
2023,670069,0.9977,
2023,670071,0.9976,
2023,670073,0.97,
2023,670075,0.9967,
2023,670076,0.9742,
2023,670077,0.9998,
2023,670078,1.0,
2023,670080,0.9961,
2023,670082,0.999,
2023,670085,0.9997,
2023,670088,0.9916,
2023,670090,0.9887,
2023,670098,0.9862,
2023,670102,1.0,
2023,670103,0.9961,
2023,670106,0.9979,
2023,670107,1.0,
2023,670108,1.0,
2023,670109,1.0,
2023,670112,1.0,
2023,670115,1.0,
2023,670116,0.999,
2023,670120,0.9923,
2023,670121,1.0,
2023,670122,0.9991,
2023,670124,1.0,
2023,670128,1.0,
2023,670131,1.0,
2023,670132,1.0,
2023,670134,1.0,
2023,670136,1.0,
2023,670143,1.0,
2023,670259,1.0,
2023,670260,1.0,
2023,670265,1.0,
2023,670266,1.0,
2023,670267,1.0,
2023,670300,1.0,
2023,670309,1.0,
2024,010001,0.9961,
2024,010005,1.0,
2024,010006,0.9902,
2024,010007,0.9984,
2024,010008,1.0,
2024,010011,0.9935,
2024,010012,0.9989,
2024,010016,0.9947,
2024,010019,0.9983,
2024,010021,0.9952,
2024,010022,1.0,
2024,010023,0.9985,
2024,010024,0.9962,
2024,010029,0.995,
2024,010033,0.9973,
2024,010034,1.0,
2024,010035,0.993,
2024,010036,0.9909,
2024,010039,0.9961,
2024,010040,1.0,
2024,010044,1.0,
2024,010045,0.9962,
2024,010046,0.9911,
2024,010049,0.9917,
2024,010051,1.0,
2024,010052,1.0,
2024,010055,0.9939,
2024,010056,0.9987,
2024,010058,1.0,
2024,010059,1.0,
2024,010061,0.9996,
2024,010062,1.0,
2024,010065,0.999,
2024,010069,1.0,
2024,010073,1.0,
2024,010078,0.9901,
2024,010079,0.9957,
2024,010083,0.9994,
2024,010085,0.9935,
2024,010086,0.9994,
2024,010087,1.0,
2024,010089,0.9967,
2024,010090,0.9962,
2024,010091,1.0,
2024,010092,0.9943,
2024,010095,1.0,
2024,010097,1.0,
2024,010099,1.0,
2024,010100,0.9915,
2024,010101,0.9916,
2024,010102,1.0,
2024,010103,0.9985,
2024,010104,0.9942,
2024,010108,0.9986,
2024,010110,1.0,
2024,010112,1.0,
2024,010113,0.9971,
2024,010114,0.9997,
2024,010118,0.9986,
2024,010120,0.9986,
2024,010125,0.9989,
2024,010126,0.9984,
2024,010128,0.9967,
2024,010129,0.9982,
2024,010130,0.9986,
2024,010131,0.9958,
2024,010139,0.9971,
2024,010144,0.9954,
2024,010148,0.997,
2024,010149,0.9974,
2024,010150,0.9999,
2024,010157,1.0,
2024,010158,0.991,
2024,010164,0.9988,
2024,010168,1.0,
2024,010169,0.9963,
2024,010173,1.0,
2024,010174,1.0,
2024,010175,1.0,
2024,020001,0.9995,
2024,020006,0.9936,
2024,020008,0.9977,
2024,020012,1.0,
2024,020017,0.9985,
2024,020018,1.0,
2024,020024,0.9952,
2024,020026,1.0,
2024,030002,1.0,
2024,030006,0.9945,
2024,030007,1.0,
2024,030010,0.9985,
2024,030011,0.999,
2024,030012,0.9957,
2024,030013,0.9968,
2024,030014,0.9989,
2024,030016,0.9966,
2024,030022,0.9998,
2024,030023,0.9973,
2024,030024,0.9985,
2024,030030,0.9999,
2024,030036,0.9982,
2024,030037,0.9986,
2024,030038,0.9965,
2024,030043,0.9963,
2024,030055,0.9962,
2024,030061,0.9948,
2024,030062,0.9996,
2024,030064,0.9994,
2024,030065,0.994,
2024,030069,0.9933,
2024,030071,0.9995,
2024,030073,1.0,
2024,030074,1.0,
2024,030078,1.0,
2024,030083,0.9906,
2024,030084,1.0,
2024,030085,0.9993,
2024,030087,0.9926,
2024,030088,0.9996,
2024,030089,0.999,
2024,030092,0.9979,
2024,030093,1.0,
2024,030094,0.9914,
2024,030101,0.9985,
2024,030103,0.9998,
2024,030105,0.9916,
2024,030107,1.0,
2024,030108,0.9771,
2024,030110,0.9981,
2024,030111,1.0,
2024,030112,0.97,
2024,030113,1.0,
2024,030114,0.9992,
2024,030115,0.9993,
2024,030117,0.9996,
2024,030119,0.9998,
2024,030121,0.9946,
2024,030122,1.0,
2024,030123,0.9864,
2024,030130,0.994,
2024,030131,1.0,
2024,030134,0.9976,
2024,030136,1.0,
2024,030138,1.0,
2024,030139,0.9999,
2024,030146,0.9958,
2024,030147,0.994,
2024,030148,1.0,
2024,040001,1.0,
2024,040002,0.9982,
2024,040004,1.0,
2024,040007,0.9976,
2024,040010,1.0,
2024,040011,0.9914,
2024,040014,0.9835,
2024,040015,0.9956,
2024,040016,0.9992,
2024,040017,0.9993,
2024,040018,1.0,
2024,040019,0.9962,
2024,040020,0.9924,
2024,040022,0.9989,
2024,040026,0.9974,
2024,040027,0.9901,
2024,040029,0.9978,
2024,040036,0.9933,
2024,040039,0.998,
2024,040041,0.9989,
2024,040047,0.993,
2024,040050,0.9998,
2024,040051,0.9818,
2024,040055,0.9987,
2024,040062,0.9952,
2024,040067,0.9983,
2024,040069,0.9988,
2024,040071,0.9943,
2024,040072,0.9976,
2024,040076,1.0,
2024,040078,0.9817,
2024,040084,0.9882,
2024,040085,0.9966,
2024,040088,0.9996,
2024,040114,0.9968,
2024,040118,0.9878,
2024,040119,0.9993,
2024,040134,0.9851,
2024,040137,0.9997,
2024,040147,1.0,
2024,040152,1.0,
2024,040153,0.9969,
2024,040154,0.9949,
2024,040156,0.998,
2024,040161,0.9941,
2024,050002,0.9934,
2024,050006,1.0,
2024,050007,0.9993,
2024,050008,0.9995,
2024,050009,0.9956,
2024,050013,1.0,
2024,050014,0.9968,
2024,050017,0.9983,
2024,050022,0.9928,
2024,050024,0.9986,
2024,050025,0.9978,
2024,050026,0.9962,
2024,050028,0.9979,
2024,050030,0.97,
2024,050036,0.9989,
2024,050038,0.9939,
2024,050039,0.9806,
2024,050040,1.0,
2024,050042,1.0,
2024,050043,0.9978,
2024,050045,0.9982,
2024,050047,0.9992,
2024,050054,1.0,
2024,050055,0.9982,
2024,050056,0.9977,
2024,050057,0.9975,
2024,050058,0.9926,
2024,050060,0.9984,
2024,050063,0.9915,
2024,050067,0.9997,
2024,050069,0.9995,
2024,050070,1.0,
2024,050071,1.0,
2024,050072,1.0,
2024,050073,1.0,
2024,050075,0.9986,
2024,050076,1.0,
2024,050077,1.0,
2024,050078,0.9988,
2024,050082,0.9967,
2024,050084,0.9972,
2024,050089,0.9996,
2024,050090,0.999,
2024,050091,0.9963,
2024,050093,0.9936,
2024,050096,1.0,
2024,050099,1.0,
2024,050100,0.9986,
2024,050101,0.9993,
2024,050102,0.9922,
2024,050103,0.9976,
2024,050104,0.9988,
2024,050107,0.9963,
2024,050108,0.9997,
2024,050110,0.9987,
2024,050112,0.993,
2024,050113,1.0,
2024,050115,0.9981,
2024,050116,1.0,
2024,050118,0.9999,
2024,050121,0.9971,
2024,050122,0.9987,
2024,050124,0.9918,
2024,050125,0.9846,
2024,050126,0.9959,
2024,050127,0.9986,
2024,050128,0.9987,
2024,050129,0.9988,
2024,050131,0.9997,
2024,050132,0.9974,
2024,050133,0.9962,
2024,050135,0.9935,
2024,050136,0.999,
2024,050137,1.0,
2024,050138,0.9994,
2024,050139,1.0,
2024,050140,0.9997,
2024,050145,0.9945,
2024,050149,1.0,
2024,050150,0.9963,
2024,050152,0.9928,
2024,050158,1.0,
2024,050159,0.9995,
2024,050167,0.9985,
2024,050168,0.9985,
2024,050169,0.9987,
2024,050174,0.9992,
2024,050179,0.996,
2024,050180,0.9993,
2024,050191,0.9992,
2024,050192,1.0,
2024,050194,0.9951,
2024,050195,0.9836,
2024,050197,1.0,
2024,050204,0.9966,
2024,050211,0.9999,
2024,050222,0.995,
2024,050224,0.9997,
2024,050226,0.9982,
2024,050228,0.9966,
2024,050230,0.9959,
2024,050231,0.9997,
2024,050232,0.9969,
2024,050234,0.9996,
2024,050235,0.9904,
2024,050236,0.9837,
2024,050238,0.9979,
2024,050239,0.9926,
2024,050242,0.9977,
2024,050243,0.9963,
2024,050245,1.0,
2024,050248,0.9989,
2024,050254,0.994,
2024,050257,1.0,
2024,050261,0.9967,
2024,050262,1.0,
2024,050272,1.0,
2024,050276,0.9998,
2024,050278,0.9978,
2024,050279,0.9974,
2024,050280,0.9969,
2024,050281,0.9893,
2024,050283,1.0,
2024,050289,0.9964,
2024,050290,0.9963,
2024,050291,1.0,
2024,050292,0.9985,
2024,050295,1.0,
2024,050298,1.0,
2024,050300,0.996,
2024,050301,1.0,
2024,050305,0.9998,
2024,050308,0.995,
2024,050309,0.9986,
2024,050313,1.0,
2024,050315,1.0,
2024,050320,0.9973,
2024,050324,0.9971,
2024,050327,0.9996,
2024,050329,1.0,
2024,050334,1.0,
2024,050335,0.9976,
2024,050336,0.9991,
2024,050342,1.0,
2024,050348,0.9994,
2024,050350,0.9965,
2024,050351,0.9926,
2024,050352,1.0,
2024,050353,0.9983,
2024,050357,0.9998,
2024,050360,0.9997,
2024,050367,0.9991,
2024,050373,0.9986,
2024,050376,0.9995,
2024,050378,1.0,
2024,050380,0.9917,
2024,050382,0.9908,
2024,050390,0.9974,
2024,050393,0.9975,
2024,050394,0.9994,
2024,050396,0.9978,
2024,050407,0.9936,
2024,050411,1.0,
2024,050414,0.9879,
2024,050417,0.9971,
2024,050423,1.0,
2024,050424,0.9997,
2024,050425,1.0,
2024,050426,0.9898,
2024,050438,0.9945,
2024,050441,0.9988,
2024,050444,0.9969,
2024,050454,1.0,
2024,050455,1.0,
2024,050457,0.997,
2024,050464,0.9872,
2024,050468,0.9992,
2024,050471,0.9973,
2024,050481,0.9828,
2024,050485,0.9968,
2024,050488,0.998,
2024,050492,0.9991,
2024,050496,0.9994,
2024,050498,1.0,
2024,050503,0.9968,
2024,050506,0.9978,
2024,050510,1.0,
2024,050512,1.0,
2024,050515,0.9996,
2024,050516,0.9957,
2024,050517,0.9937,
2024,050523,0.9984,
2024,050526,0.9938,
2024,050528,1.0,
2024,050534,0.9994,
2024,050537,1.0,
2024,050541,1.0,
2024,050546,1.0,
2024,050549,0.9937,
2024,050551,0.9986,
2024,050557,0.9943,
2024,050561,1.0,
2024,050567,0.9989,
2024,050568,0.9999,
2024,050570,0.9959,
2024,050573,0.9963,
2024,050580,0.9937,
2024,050581,0.9976,
2024,050586,1.0,
2024,050588,0.988,
2024,050589,0.9972,
2024,050590,0.9964,
2024,050597,1.0,
2024,050599,0.9992,
2024,050603,0.999,
2024,050604,1.0,
2024,050608,0.997,
2024,050609,1.0,
2024,050624,0.9983,
2024,050625,0.9987,
2024,050633,0.9853,
2024,050636,0.9988,
2024,050641,1.0,
2024,050663,0.9999,
2024,050668,0.9883,
2024,050674,0.9998,
2024,050677,1.0,
2024,050678,0.9999,
2024,050684,1.0,
2024,050686,1.0,
2024,050689,0.9934,
2024,050690,1.0,
2024,050696,0.9997,
2024,050701,0.998,
2024,050704,0.9989,
2024,050708,1.0,
2024,050709,0.9938,
2024,050710,1.0,
2024,050714,0.9944,
2024,050717,1.0,
2024,050723,1.0,
2024,050724,0.9984,
2024,050726,1.0,
2024,050735,0.9972,
2024,050736,1.0,
2024,050737,0.993,
2024,050738,1.0,
2024,050739,0.9911,
2024,050740,0.9956,
2024,050742,0.9935,
2024,050744,0.9995,
2024,050745,0.9968,
2024,050746,0.9983,
2024,050747,1.0,
2024,050748,1.0,
2024,050755,0.9931,
2024,050757,0.9997,
2024,050758,0.9883,
2024,050760,1.0,
2024,050761,0.9963,
2024,050763,0.9945,
2024,050764,0.9948,
2024,050765,1.0,
2024,050766,0.97,
2024,050767,1.0,
2024,050769,1.0,
2024,050770,0.9971,
2024,050771,0.9998,
2024,050772,1.0,
2024,050775,0.9919,
2024,050776,1.0,
2024,050777,1.0,
2024,050779,0.9966,
2024,050780,0.9988,
2024,050782,0.9963,
2024,050783,0.9976,
2024,050784,1.0,
2024,050785,1.0,
2024,060001,0.9999,
2024,060003,0.9984,
2024,060004,1.0,
2024,060006,1.0,
2024,060008,1.0,
2024,060009,0.9999,
2024,060010,1.0,
2024,060011,1.0,
2024,060012,1.0,
2024,060013,0.9998,
2024,060014,0.9996,
2024,060015,0.9995,
2024,060020,0.9979,
2024,060022,1.0,
2024,060023,0.9996,
2024,060024,1.0,
2024,060027,0.9901,
2024,060028,0.9995,
2024,060030,1.0,
2024,060031,1.0,
2024,060032,0.9967,
2024,060034,0.9996,
2024,060044,1.0,
2024,060049,1.0,
2024,060054,1.0,
2024,060064,0.9987,
2024,060065,0.9991,
2024,060071,0.9977,
2024,060075,0.9985,
2024,060076,1.0,
2024,060096,1.0,
2024,060100,0.9989,
2024,060103,1.0,
2024,060104,0.9992,
2024,060107,1.0,
2024,060112,0.9983,
2024,060113,0.9984,
2024,060114,1.0,
2024,060116,0.9998,
2024,060117,1.0,
2024,060118,1.0,
2024,060119,0.996,
2024,060124,1.0,
2024,060125,0.9983,
2024,060126,1.0,
2024,060128,1.0,
2024,060129,0.9952,
2024,060130,1.0,
2024,060131,0.9994,
2024,060132,0.9995,
2024,070002,0.9955,
2024,070003,0.9893,
2024,070004,0.9966,
2024,070005,0.9944,
2024,070006,0.9995,
2024,070007,0.9992,
2024,070008,0.9998,
2024,070010,0.9956,
2024,070011,0.9858,
2024,070012,1.0,
2024,070016,0.9989,
2024,070017,0.9932,
2024,070018,0.9969,
2024,070020,0.9873,
2024,070021,0.9987,
2024,070022,0.9956,
2024,070024,0.9935,
2024,070025,0.9932,
2024,070027,0.995,
2024,070028,0.9948,
2024,070029,1.0,
2024,070031,0.995,
2024,070033,0.9957,
2024,070034,0.9973,
2024,070035,0.9972,
2024,070036,0.9947,
2024,070038,1.0,
2024,070039,1.0,
2024,080001,0.9996,
2024,080003,0.9998,
2024,080004,0.9991,
2024,080006,0.9995,
2024,080007,0.9983,
2024,080009,0.9997,
2024,090001,0.997,
2024,090003,0.9939,
2024,090004,0.9963,
2024,090005,0.9984,
2024,090008,0.9987,
2024,090011,0.9987,
2024,100001,0.9968,
2024,100002,0.9973,
2024,100006,0.9847,
2024,100007,0.9815,
2024,100008,0.9987,
2024,100012,0.9956,
2024,100014,0.9965,
2024,100017,0.9967,
2024,100018,0.9943,
2024,100019,1.0,
2024,100022,0.9999,
2024,100023,0.9933,
2024,100025,0.9984,
2024,100026,0.998,
2024,100028,0.9971,
2024,100029,0.9982,
2024,100030,0.9897,
2024,100032,0.9991,
2024,100034,0.9989,
2024,100035,0.9987,
2024,100038,0.9971,
2024,100039,0.999,
2024,100040,0.987,
2024,100043,0.9995,
2024,100044,0.9949,
2024,100045,0.9943,
2024,100046,1.0,
2024,100047,0.9936,
2024,100048,0.9985,
2024,100049,0.9901,
2024,100050,0.9999,
2024,100051,0.9951,
2024,100052,0.9985,
2024,100053,0.9897,
2024,100054,0.9904,
2024,100055,0.9898,
2024,100057,0.9925,
2024,100062,0.9943,
2024,100063,0.9961,
2024,100067,0.9987,
2024,100068,0.9978,
2024,100069,1.0,
2024,100070,0.9924,
2024,100071,0.9989,
2024,100072,0.9994,
2024,100073,0.9956,
2024,100075,1.0,
2024,100077,0.9846,
2024,100080,0.9924,
2024,100081,1.0,
2024,100084,0.9868,
2024,100086,0.9923,
2024,100087,1.0,
2024,100088,0.998,
2024,100090,0.9979,
2024,100092,0.9973,
2024,100093,0.9939,
2024,100099,0.9955,
2024,100105,0.9987,
2024,100106,1.0,
2024,100107,0.9978,
2024,100109,0.9939,
2024,100110,0.9939,
2024,100113,0.9961,
2024,100117,0.9955,
2024,100118,0.9958,
2024,100121,0.9981,
2024,100122,0.9946,
2024,100124,0.9969,
2024,100125,0.9998,
2024,100126,0.9978,
2024,100127,0.9962,
2024,100128,0.9979,
2024,100130,1.0,
2024,100131,0.9926,
2024,100132,1.0,
2024,100134,0.9955,
2024,100135,0.9976,
2024,100137,0.9956,
2024,100140,1.0,
2024,100142,0.991,
2024,100150,0.9966,
2024,100151,0.9972,
2024,100154,0.996,
2024,100156,0.9983,
2024,100157,0.9874,
2024,100161,0.9927,
2024,100166,0.9965,
2024,100167,0.9971,
2024,100168,0.9937,
2024,100173,0.9914,
2024,100175,0.9932,
2024,100176,0.9932,
2024,100177,0.9997,
2024,100179,0.9954,
2024,100180,0.9976,
2024,100181,0.9954,
2024,100183,0.999,
2024,100187,0.9949,
2024,100189,0.9941,
2024,100191,0.9885,
2024,100200,0.9978,
2024,100204,0.9916,
2024,100206,0.9965,
2024,100209,0.9991,
2024,100211,0.9965,
2024,100212,0.9951,
2024,100213,0.9977,
2024,100217,0.997,
2024,100220,0.9981,
2024,100223,0.9971,
2024,100224,0.9959,
2024,100226,0.9966,
2024,100228,0.9941,
2024,100230,0.9989,
2024,100231,0.9909,
2024,100232,0.9964,
2024,100236,0.9916,
2024,100238,0.988,
2024,100242,0.9977,
2024,100243,0.9869,
2024,100244,1.0,
2024,100246,0.9828,
2024,100248,0.9917,
2024,100249,0.9969,
2024,100252,0.9944,
2024,100253,0.9969,
2024,100254,0.986,
2024,100256,0.9918,
2024,100258,0.9961,
2024,100259,0.9915,
2024,100260,0.97,
2024,100264,0.9886,
2024,100265,0.9989,
2024,100266,0.9992,
2024,100267,0.9947,
2024,100268,0.9939,
2024,100269,0.9943,
2024,100275,0.9861,
2024,100276,0.9963,
2024,100277,1.0,
2024,100281,0.9956,
2024,100284,0.9896,
2024,100285,0.999,
2024,100286,0.9874,
2024,100287,0.9936,
2024,100288,0.9998,
2024,100289,0.9978,
2024,100290,0.9963,
2024,100291,0.9882,
2024,100292,0.9976,
2024,100296,0.9988,
2024,100299,0.9995,
2024,100302,0.9996,
2024,100307,0.9966,
2024,100313,0.9999,
2024,100314,1.0,
2024,100315,1.0,
2024,100316,1.0,
2024,100319,0.9986,
2024,100320,0.9957,
2024,100321,0.9938,
2024,100329,0.9995,
2024,100330,0.9979,
2024,100350,1.0,
2024,100359,0.9999,
2024,100360,1.0,
2024,110001,0.9996,
2024,110002,0.995,
2024,110003,1.0,
2024,110005,1.0,
2024,110006,1.0,
2024,110007,0.9948,
2024,110008,0.9971,
2024,110010,0.9975,
2024,110011,0.9949,
2024,110015,0.9939,
2024,110016,0.9905,
2024,110018,0.9995,
2024,110023,0.9998,
2024,110024,0.9993,
2024,110025,0.992,
2024,110027,0.9933,
2024,110028,0.994,
2024,110029,0.9984,
2024,110030,0.9941,
2024,110031,0.9953,
2024,110032,0.9976,
2024,110034,0.998,
2024,110035,0.9987,
2024,110036,0.996,
2024,110038,0.9942,
2024,110041,0.9987,
2024,110042,0.9909,
2024,110043,0.9978,
2024,110044,0.9982,
2024,110045,0.9969,
2024,110046,0.9992,
2024,110050,1.0,
2024,110051,0.994,
2024,110054,0.9993,
2024,110064,0.9997,
2024,110069,0.9907,
2024,110071,1.0,
2024,110073,0.9994,
2024,110074,0.9986,
2024,110075,0.9983,
2024,110076,0.997,
2024,110078,0.9976,
2024,110079,0.9978,
2024,110082,0.9946,
2024,110083,0.9999,
2024,110086,0.9989,
2024,110087,0.9994,
2024,110089,0.9925,
2024,110091,0.9969,
2024,110092,0.9995,
2024,110095,0.9966,
2024,110100,1.0,
2024,110101,1.0,
2024,110104,0.9971,
2024,110105,0.9904,
2024,110107,0.9965,
2024,110109,0.9963,
2024,110111,1.0,
2024,110113,1.0,
2024,110121,1.0,
2024,110122,0.996,
2024,110124,0.9967,
2024,110125,0.9973,
2024,110128,0.9998,
2024,110129,0.9975,
2024,110132,1.0,
2024,110135,0.999,
2024,110142,1.0,
2024,110143,0.9968,
2024,110146,0.9993,
2024,110150,0.9977,
2024,110153,0.9989,
2024,110161,0.9982,
2024,110164,0.997,
2024,110165,0.9986,
2024,110168,0.9965,
2024,110177,0.997,
2024,110184,0.9988,
2024,110189,0.9984,
2024,110191,0.9954,
2024,110192,0.9939,
2024,110194,0.9997,
2024,110198,0.9957,
2024,110200,0.9949,
2024,110201,0.9995,
2024,110215,0.9885,
2024,110225,1.0,
2024,110226,0.9999,
2024,110229,0.996,
2024,110230,0.9973,
2024,110233,1.0,
2024,110234,1.0,
2024,110236,0.9985,
2024,110237,1.0,
2024,110252,1.0,
2024,120001,0.9968,
2024,120002,0.9996,
2024,120004,1.0,
2024,120005,0.9988,
2024,120006,0.9991,
2024,120007,0.9946,
2024,120011,0.9994,
2024,120014,0.9993,
2024,120019,0.9929,
2024,120022,0.9997,
2024,120026,0.9978,
2024,120028,0.9996,
2024,130002,0.997,
2024,130003,1.0,
2024,130006,1.0,
2024,130007,1.0,
2024,130013,0.9971,
2024,130014,1.0,
2024,130018,0.9997,
2024,130025,1.0,
2024,130028,0.9997,
2024,130049,1.0,
2024,130063,1.0,
2024,130065,0.9969,
2024,130066,0.9975,
2024,130071,0.9996,
2024,130074,1.0,
2024,140001,0.9939,
2024,140002,0.9934,
2024,140007,0.9871,
2024,140008,0.9991,
2024,140010,0.9934,
2024,140011,0.9851,
2024,140012,0.9973,
2024,140013,0.9986,
2024,140015,0.9941,
2024,140018,0.9983,
2024,140019,1.0,
2024,140029,0.9991,
2024,140030,0.9972,
2024,140032,0.9915,
2024,140034,0.9947,
2024,140040,1.0,
2024,140043,0.9974,
2024,140046,0.9962,
2024,140048,0.9944,
2024,140049,0.998,
2024,140052,0.9932,
2024,140053,0.999,
2024,140054,0.995,
2024,140059,0.9952,
2024,140062,0.9787,
2024,140063,0.9986,
2024,140064,0.9923,
2024,140065,0.9833,
2024,140067,0.9964,
2024,140068,0.9949,
2024,140077,1.0,
2024,140080,0.989,
2024,140082,0.9846,
2024,140083,1.0,
2024,140084,0.9957,
2024,140088,0.9988,
2024,140089,0.9977,
2024,140091,0.994,
2024,140093,0.9934,
2024,140095,1.0,
2024,140100,1.0,
2024,140101,0.9984,
2024,140103,0.9959,
2024,140110,0.9999,
2024,140113,0.989,
2024,140114,0.9976,
2024,140115,0.9988,
2024,140116,0.988,
2024,140117,0.9983,
2024,140119,0.9971,
2024,140120,1.0,
2024,140122,0.9999,
2024,140124,0.9997,
2024,140125,0.9985,
2024,140127,0.9857,
2024,140130,0.998,
2024,140133,0.9973,
2024,140135,0.9993,
2024,140137,1.0,
2024,140143,0.9826,
2024,140145,0.9989,
2024,140147,0.9957,
2024,140148,0.9951,
2024,140150,0.9966,
2024,140155,1.0,
2024,140158,0.9914,
2024,140160,0.9959,
2024,140161,0.9997,
2024,140162,0.9904,
2024,140164,0.9982,
2024,140166,0.9941,
2024,140167,0.9992,
2024,140172,0.9937,
2024,140174,0.9937,
2024,140177,0.9979,
2024,140179,0.9919,
2024,140180,0.9937,
2024,140181,0.9998,
2024,140182,0.9982,
2024,140184,0.9994,
2024,140185,0.9919,
2024,140186,0.9937,
2024,140187,0.9946,
2024,140189,0.9747,
2024,140191,0.9968,
2024,140197,1.0,
2024,140200,0.9982,
2024,140202,0.996,
2024,140206,0.9976,
2024,140208,0.9891,
2024,140209,0.9986,
2024,140210,1.0,
2024,140211,0.9969,
2024,140213,0.9916,
2024,140217,0.9972,
2024,140223,0.9995,
2024,140224,0.9979,
2024,140228,0.9979,
2024,140231,0.9985,
2024,140233,0.9893,
2024,140234,0.9998,
2024,140239,0.9994,
2024,140242,0.9987,
2024,140251,0.9959,
2024,140252,0.9904,
2024,140258,0.9954,
2024,140275,0.9957,
2024,140276,0.9971,
2024,140280,0.9947,
2024,140281,0.9993,
2024,140286,1.0,
2024,140288,0.9935,
2024,140289,0.9927,
2024,140290,0.9985,
2024,140291,0.9887,
2024,140292,0.9988,
2024,140294,0.9875,
2024,140300,1.0,
2024,140304,1.0,
2024,150001,1.0,
2024,150002,0.9926,
2024,150004,0.9928,
2024,150005,0.9956,
2024,150006,0.993,
2024,150007,1.0,
2024,150008,1.0,
2024,150009,0.9978,
2024,150010,0.9983,
2024,150011,0.9985,
2024,150012,0.9991,
2024,150015,0.9935,
2024,150017,1.0,
2024,150018,0.9993,
2024,150021,0.9998,
2024,150022,0.9981,
2024,150023,0.9948,
2024,150024,0.9997,
2024,150026,0.9995,
2024,150030,0.998,
2024,150034,0.995,
2024,150035,0.9975,
2024,150037,0.9969,
2024,150042,0.9954,
2024,150044,0.9989,
2024,150045,1.0,
2024,150046,0.9944,
2024,150047,1.0,
2024,150048,0.9933,
2024,150051,1.0,
2024,150056,0.9973,
2024,150057,0.9998,
2024,150058,0.9986,
2024,150059,0.9991,
2024,150061,1.0,
2024,150065,1.0,
2024,150069,0.9943,
2024,150072,1.0,
2024,150074,0.9961,
2024,150075,0.9973,
2024,150076,1.0,
2024,150082,0.9925,
2024,150084,0.9992,
2024,150086,0.9966,
2024,150088,0.9893,
2024,150089,0.9966,
2024,150090,0.9948,
2024,150091,0.9996,
2024,150097,0.9939,
2024,150100,0.9977,
2024,150101,0.9947,
2024,150102,0.9965,
2024,150104,0.9989,
2024,150109,0.9928,
2024,150112,0.9956,
2024,150113,0.9987,
2024,150115,0.9994,
2024,150125,0.9902,
2024,150126,0.9889,
2024,150128,0.9934,
2024,150133,0.9917,
2024,150146,0.9969,
2024,150150,1.0,
2024,150153,1.0,
2024,150157,0.9993,
2024,150158,0.9953,
2024,150160,1.0,
2024,150161,0.9961,
2024,150162,0.9937,
2024,150165,0.9956,
2024,150166,0.9966,
2024,150167,1.0,
2024,150168,1.0,
2024,150169,0.9986,
2024,150172,1.0,
2024,150173,0.9977,
2024,150177,0.9862,
2024,150181,1.0,
2024,150183,0.9993,
2024,150191,1.0,
2024,160001,1.0,
2024,160005,1.0,
2024,160008,0.9997,
2024,160013,0.9987,
2024,160016,0.9998,
2024,160028,0.9948,
2024,160029,0.9985,
2024,160030,0.9998,
2024,160032,1.0,
2024,160033,0.997,
2024,160040,1.0,
2024,160045,0.9973,
2024,160047,0.9987,
2024,160057,1.0,
2024,160058,0.9993,
2024,160064,0.9923,
2024,160067,1.0,
2024,160069,1.0,
2024,160079,0.9973,
2024,160080,0.9954,
2024,160082,0.9987,
2024,160083,0.9999,
2024,160089,1.0,
2024,160101,1.0,
2024,160104,1.0,
2024,160110,0.9991,
2024,160112,0.9993,
2024,160117,0.9942,
2024,160124,0.9941,
2024,160146,1.0,
2024,160147,0.9996,
2024,160153,0.9978,
2024,170006,0.9959,
2024,170009,0.9988,
2024,170012,0.9994,
2024,170013,1.0,
2024,170014,0.995,
2024,170016,0.9992,
2024,170017,0.9985,
2024,170020,0.9999,
2024,170023,0.9899,
2024,170027,1.0,
2024,170040,0.9994,
2024,170049,0.9959,
2024,170068,0.9992,
2024,170074,0.9951,
2024,170075,0.9981,
2024,170086,0.997,
2024,170103,1.0,
2024,170104,0.999,
2024,170105,1.0,
2024,170109,1.0,
2024,170110,0.9996,
2024,170120,0.9917,
2024,170122,0.9991,
2024,170123,1.0,
2024,170137,0.9999,
2024,170142,1.0,
2024,170145,0.999,
2024,170146,0.9999,
2024,170150,0.9996,
2024,170166,1.0,
2024,170175,1.0,
2024,170176,0.9919,
2024,170182,0.9865,
2024,170183,1.0,
2024,170185,0.9956,
2024,170186,1.0,
2024,170187,1.0,
2024,170188,1.0,
2024,170190,1.0,
2024,170191,1.0,
2024,170196,1.0,
2024,170197,0.9909,
2024,170198,1.0,
2024,170199,1.0,
2024,170200,0.9992,
2024,170203,1.0,
2024,170204,0.9997,
2024,170208,1.0,
2024,180001,0.9982,
2024,180002,0.9821,
2024,180004,0.9966,
2024,180005,0.9952,
2024,180009,0.9966,
2024,180010,0.9982,
2024,180011,1.0,
2024,180012,0.9968,
2024,180013,0.9941,
2024,180016,1.0,
2024,180017,0.9977,
2024,180018,0.9966,
2024,180019,1.0,
2024,180020,0.9992,
2024,180024,0.9999,
2024,180025,0.999,
2024,180027,0.9944,
2024,180029,0.9914,
2024,180035,0.9979,
2024,180038,0.9943,
2024,180040,0.9945,
2024,180043,0.997,
2024,180044,0.9895,
2024,180045,0.9937,
2024,180046,1.0,
2024,180048,0.9999,
2024,180049,0.9997,
2024,180050,0.9905,
2024,180051,0.9931,
2024,180056,0.9968,
2024,180064,1.0,
2024,180066,0.994,
2024,180067,0.9997,
2024,180069,0.9792,
2024,180070,0.9973,
2024,180078,0.9909,
2024,180079,1.0,
2024,180080,0.9993,
2024,180087,0.9957,
2024,180088,0.9967,
2024,180092,0.9984,
2024,180093,0.9992,
2024,180095,0.9968,
2024,180101,0.9977,
2024,180102,0.9932,
2024,180103,0.9883,
2024,180104,1.0,
2024,180105,0.9764,
2024,180106,1.0,
2024,180115,0.9967,
2024,180116,0.9977,
2024,180124,0.9814,
2024,180127,0.9925,
2024,180128,0.9989,
2024,180130,0.9933,
2024,180132,0.9989,
2024,180138,0.9992,
2024,180139,0.991,
2024,180141,0.9993,
2024,180143,0.9782,
2024,180149,1.0,
2024,180154,0.9964,
2024,190002,0.9985,
2024,190004,0.9976,
2024,190005,0.9999,
2024,190006,0.9989,
2024,190007,1.0,
2024,190008,0.9992,
2024,190011,0.9992,
2024,190013,0.9986,
2024,190014,0.996,
2024,190015,0.9963,
2024,190017,0.9962,
2024,190019,0.9976,
2024,190020,0.9968,
2024,190025,0.997,
2024,190026,0.9937,
2024,190027,0.9957,
2024,190034,1.0,
2024,190036,1.0,
2024,190039,0.9956,
2024,190040,0.9957,
2024,190041,0.9903,
2024,190044,1.0,
2024,190045,0.9972,
2024,190046,0.9928,
2024,190050,1.0,
2024,190053,0.9923,
2024,190054,0.9977,
2024,190060,0.9993,
2024,190064,0.9987,
2024,190065,1.0,
2024,190079,1.0,
2024,190081,1.0,
2024,190086,0.9999,
2024,190088,0.9935,
2024,190090,0.9939,
2024,190098,0.9996,
2024,190099,1.0,
2024,190102,0.9989,
2024,190106,1.0,
2024,190111,0.9956,
2024,190114,0.9958,
2024,190116,0.9954,
2024,190118,1.0,
2024,190125,0.9982,
2024,190133,1.0,
2024,190140,1.0,
2024,190144,0.9992,
2024,190145,1.0,
2024,190146,0.998,
2024,190151,1.0,
2024,190160,0.9767,
2024,190164,0.9962,
2024,190167,1.0,
2024,190176,0.9897,
2024,190183,0.9991,
2024,190184,0.9974,
2024,190190,1.0,
2024,190201,1.0,
2024,190202,0.9966,
2024,190204,0.9985,
2024,190208,0.9836,
2024,190218,1.0,
2024,190241,0.9998,
2024,190245,1.0,
2024,190251,0.9976,
2024,190255,1.0,
2024,190256,0.9992,
2024,190259,1.0,
2024,190267,1.0,
2024,190270,0.994,
2024,190274,0.9966,
2024,190278,0.9932,
2024,190298,0.97,
2024,190302,1.0,
2024,190303,0.9975,
2024,190308,1.0,
2024,190312,0.999,
2024,190313,1.0,
2024,190314,1.0,
2024,190315,1.0,
2024,190316,1.0,
2024,190317,1.0,
2024,190318,0.9984,
2024,200001,0.9946,
2024,200008,0.9993,
2024,200009,1.0,
2024,200018,0.9992,
2024,200019,0.9989,
2024,200020,0.9982,
2024,200021,0.997,
2024,200024,0.9995,
2024,200031,0.9996,
2024,200033,1.0,
2024,200034,0.9997,
2024,200037,0.999,
2024,200039,0.9994,
2024,200041,1.0,
2024,200050,0.9978,
2024,200052,1.0,
2024,200063,0.9954,
2024,220001,0.9956,
2024,220002,0.9925,
2024,220008,0.9799,
2024,220010,0.998,
2024,220011,0.9992,
2024,220012,0.9909,
2024,220015,0.9947,
2024,220016,0.9957,
2024,220017,0.9986,
2024,220019,0.9871,
2024,220020,0.9841,
2024,220024,0.9953,
2024,220029,0.9749,
2024,220030,0.9993,
2024,220031,0.9974,
2024,220033,0.9843,
2024,220035,0.9929,
2024,220036,0.9796,
2024,220046,0.9979,
2024,220049,0.9963,
2024,220052,0.9959,
2024,220060,0.9879,
2024,220063,0.9867,
2024,220065,0.9962,
2024,220066,0.9924,
2024,220070,0.9877,
2024,220071,0.9961,
2024,220073,0.9831,
2024,220074,0.998,
2024,220075,1.0,
2024,220077,0.9866,
2024,220080,0.9873,
2024,220083,0.9986,
2024,220084,0.9957,
2024,220086,0.9948,
2024,220088,1.0,
2024,220090,0.9789,
2024,220095,0.9975,
2024,220098,0.9913,
2024,220100,0.9891,
2024,220101,0.9861,
2024,220105,0.9825,
2024,220108,0.9872,
2024,220110,0.9932,
2024,220111,0.9853,
2024,220116,0.9915,
2024,220119,0.999,
2024,220126,0.9907,
2024,220135,0.9899,
2024,220163,0.9957,
2024,220171,0.9927,
2024,220175,0.9934,
2024,220176,0.9965,
2024,220177,0.9989,
2024,230002,0.9931,
2024,230003,0.9982,
2024,230005,0.9998,
2024,230013,1.0,
2024,230015,0.994,
2024,230017,0.9998,
2024,230019,0.9977,
2024,230020,0.9857,
2024,230021,0.9997,
2024,230022,0.9967,
2024,230024,0.9964,
2024,230029,0.9929,
2024,230030,0.9962,
2024,230031,0.9967,
2024,230035,0.9984,
2024,230036,1.0,
2024,230037,0.9995,
2024,230038,0.9997,
2024,230041,0.9921,
2024,230046,0.9995,
2024,230047,0.9971,
2024,230053,0.9944,
2024,230054,0.9972,
2024,230055,1.0,
2024,230058,0.9992,
2024,230059,0.9992,
2024,230066,0.9999,
2024,230069,0.9976,
2024,230070,0.995,
2024,230072,1.0,
2024,230075,1.0,
2024,230077,0.9979,
2024,230078,1.0,
2024,230080,0.9985,
2024,230081,0.9994,
2024,230085,1.0,
2024,230089,0.9865,
2024,230092,0.9986,
2024,230093,0.9997,
2024,230095,0.9962,
2024,230096,0.9944,
2024,230097,0.9994,
2024,230099,0.9964,
2024,230100,0.9973,
2024,230104,0.9946,
2024,230105,0.997,
2024,230108,1.0,
2024,230110,0.9991,
2024,230117,1.0,
2024,230121,0.9982,
2024,230130,0.9889,
2024,230132,0.9986,
2024,230133,0.9995,
2024,230141,0.9878,
2024,230142,0.9988,
2024,230146,0.9936,
2024,230151,0.995,
2024,230156,0.9983,
2024,230165,0.9963,
2024,230167,0.996,
2024,230174,0.9932,
2024,230176,0.9934,
2024,230180,0.9986,
2024,230193,0.9973,
2024,230195,0.9832,
2024,230197,0.9977,
2024,230207,0.9982,
2024,230208,0.9988,
2024,230216,0.9944,
2024,230217,0.9997,
2024,230222,0.9998,
2024,230227,0.9981,
2024,230230,0.9991,
2024,230236,1.0,
2024,230239,0.9916,
2024,230241,0.9977,
2024,230244,0.9936,
2024,230254,0.9914,
2024,230259,0.9999,
2024,230269,0.9881,
2024,230270,0.9959,
2024,230273,0.9954,
2024,230277,0.9854,
2024,230297,0.9999,
2024,230301,1.0,
2024,230302,0.985,
2024,230303,0.9973,
2024,240001,0.9958,
2024,240002,0.9972,
2024,240004,0.9997,
2024,240006,0.9987,
2024,240010,0.9996,
2024,240014,0.9995,
2024,240018,1.0,
2024,240019,1.0,
2024,240020,0.9992,
2024,240022,0.9963,
2024,240030,0.9986,
2024,240036,0.9989,
2024,240038,0.9988,
2024,240040,0.9993,
2024,240043,0.999,
2024,240044,0.9985,
2024,240047,0.9992,
2024,240050,0.9994,
2024,240052,1.0,
2024,240053,0.9867,
2024,240056,0.9995,
2024,240057,0.9992,
2024,240064,0.9972,
2024,240066,0.9961,
2024,240069,0.9969,
2024,240071,1.0,
2024,240075,0.9978,
2024,240076,0.9994,
2024,240078,0.9985,
2024,240080,0.9996,
2024,240084,0.9998,
2024,240088,0.9946,
2024,240093,1.0,
2024,240100,0.9995,
2024,240101,0.9995,
2024,240104,1.0,
2024,240106,0.9993,
2024,240115,0.9969,
2024,240141,0.9998,
2024,240166,1.0,
2024,240187,0.9992,
2024,240206,1.0,
2024,240207,0.9996,
2024,240210,0.9965,
2024,240213,0.9984,
2024,240214,0.9997,
2024,250001,0.9998,
2024,250002,0.9999,
2024,250004,0.9988,
2024,250006,1.0,
2024,250007,0.9989,
2024,250009,0.9916,
2024,250012,0.9991,
2024,250017,1.0,
2024,250018,1.0,
2024,250019,0.9888,
2024,250020,1.0,
2024,250025,1.0,
2024,250027,0.998,
2024,250031,0.9941,
2024,250034,0.9948,
2024,250036,0.9987,
2024,250038,0.9979,
2024,250040,0.9888,
2024,250042,0.9992,
2024,250043,0.9948,
2024,250044,0.9996,
2024,250048,0.9934,
2024,250049,1.0,
2024,250050,1.0,
2024,250057,0.9983,
2024,250058,0.9956,
2024,250060,1.0,
2024,250061,1.0,
2024,250067,0.9956,
2024,250069,0.9977,
2024,250072,0.9975,
2024,250077,0.9972,
2024,250078,0.9919,
2024,250082,0.99,
2024,250084,0.9987,
2024,250085,1.0,
2024,250093,0.9991,
2024,250094,0.9964,
2024,250095,1.0,
2024,250096,0.9989,
2024,250097,0.9894,
2024,250099,0.9973,
2024,250100,0.9967,
2024,250102,0.9977,
2024,250104,0.9955,
2024,250117,0.9864,
2024,250123,0.9951,
2024,250124,0.9968,
2024,250127,1.0,
2024,250128,1.0,
2024,250134,1.0,
2024,250138,0.9929,
2024,250141,0.9833,
2024,250162,1.0,
2024,250167,0.9952,
2024,250168,0.997,
2024,250172,1.0,
2024,260001,0.9904,
2024,260005,0.9971,
2024,260006,0.9981,
2024,260009,0.9985,
2024,260011,0.9916,
2024,260017,0.9987,
2024,260020,0.9953,
2024,260022,0.9991,
2024,260023,0.9958,
2024,260024,0.9971,
2024,260025,0.9866,
2024,260027,0.9968,
2024,260032,0.9979,
2024,260034,0.9966,
2024,260040,0.9999,
2024,260047,0.9948,
2024,260048,1.0,
2024,260050,1.0,
2024,260052,0.9933,
2024,260057,0.9938,
2024,260059,0.9999,
2024,260061,0.9981,
2024,260062,0.9986,
2024,260064,0.9994,
2024,260065,0.9936,
2024,260068,1.0,
2024,260070,0.9988,
2024,260074,0.9941,
2024,260077,0.9944,
2024,260078,0.9997,
2024,260081,0.9964,
2024,260085,0.9915,
2024,260091,0.9938,
2024,260094,1.0,
2024,260095,0.9982,
2024,260096,0.9999,
2024,260097,0.9999,
2024,260102,0.9993,
2024,260104,0.9997,
2024,260105,0.9974,
2024,260108,0.9956,
2024,260110,0.9974,
2024,260113,1.0,
2024,260119,1.0,
2024,260137,0.9997,
2024,260138,0.9998,
2024,260141,0.9958,
2024,260142,0.9975,
2024,260160,0.9997,
2024,260162,0.9989,
2024,260163,0.9982,
2024,260175,0.9989,
2024,260176,0.9881,
2024,260177,0.999,
2024,260179,0.9893,
2024,260180,0.9965,
2024,260183,0.9985,
2024,260186,0.9951,
2024,260190,0.9973,
2024,260191,0.9936,
2024,260193,0.9907,
2024,260195,0.9981,
2024,260200,0.9967,
2024,260209,1.0,
2024,260210,1.0,
2024,260214,0.9774,
2024,260216,0.9946,
2024,260219,1.0,
2024,270003,0.997,
2024,270004,1.0,
2024,270012,0.9984,
2024,270014,0.9982,
2024,270017,0.986,
2024,270023,0.9989,
2024,270032,1.0,
2024,270049,0.9997,
2024,270051,0.9993,
2024,270057,0.9991,
2024,270074,1.0,
2024,270086,0.9999,
2024,280003,0.9998,
2024,280009,0.9998,
2024,280013,0.9977,
2024,280020,0.9994,
2024,280023,1.0,
2024,280032,0.9997,
2024,280040,1.0,
2024,280060,1.0,
2024,280061,0.9966,
2024,280065,0.9983,
2024,280077,0.9981,
2024,280081,0.9985,
2024,280105,1.0,
2024,280111,1.0,
2024,280125,0.9989,
2024,280127,1.0,
2024,280128,0.9962,
2024,280129,1.0,
2024,280130,0.9951,
2024,280131,1.0,
2024,280132,0.9937,
2024,280134,0.9997,
2024,280139,0.9995,
2024,290001,0.9998,
2024,290003,0.9958,
2024,290005,0.999,
2024,290007,0.9971,
2024,290008,0.9946,
2024,290009,0.9971,
2024,290012,1.0,
2024,290019,0.9986,
2024,290021,0.9983,
2024,290022,0.994,
2024,290032,0.9998,
2024,290039,0.9941,
2024,290041,0.9846,
2024,290045,0.9942,
2024,290046,0.9908,
2024,290047,0.9959,
2024,290049,0.9929,
2024,290053,0.9956,
2024,290054,0.9906,
2024,290057,0.9963,
2024,290058,1.0,
2024,290061,1.0,
2024,300001,0.997,
2024,300003,1.0,
2024,300005,0.9975,
2024,300011,0.9952,
2024,300012,0.9941,
2024,300014,0.9946,
2024,300017,0.9981,
2024,300018,0.9917,
2024,300019,1.0,
2024,300020,0.9932,
2024,300023,0.9978,
2024,300029,0.9959,
2024,300034,0.9887,
2024,310001,1.0,
2024,310002,0.9968,
2024,310003,0.9958,
2024,310005,0.9907,
2024,310006,0.9957,
2024,310008,0.9925,
2024,310009,0.9974,
2024,310010,0.9866,
2024,310011,0.9872,
2024,310012,0.9983,
2024,310014,0.9971,
2024,310015,1.0,
2024,310016,0.9977,
2024,310017,0.9991,
2024,310019,0.9991,
2024,310021,0.9962,
2024,310022,0.991,
2024,310024,0.9979,
2024,310025,0.9937,
2024,310027,0.9971,
2024,310028,1.0,
2024,310029,0.9951,
2024,310031,0.9901,
2024,310032,0.9875,
2024,310034,0.9866,
2024,310038,0.9828,
2024,310039,0.9903,
2024,310040,0.9971,
2024,310041,0.9808,
2024,310044,0.9958,
2024,310045,0.9893,
2024,310047,0.9954,
2024,310048,0.9866,
2024,310050,0.9884,
2024,310051,1.0,
2024,310052,0.9936,
2024,310054,0.9955,
2024,310057,0.9965,
2024,310058,0.9981,
2024,310060,0.9906,
2024,310061,0.9959,
2024,310064,0.9985,
2024,310069,0.9896,
2024,310070,0.9885,
2024,310073,0.987,
2024,310074,0.9977,
2024,310075,0.9966,
2024,310076,0.9974,
2024,310083,0.9901,
2024,310084,0.9861,
2024,310086,0.9917,
2024,310091,0.9973,
2024,310092,0.9978,
2024,310096,1.0,
2024,310108,0.9959,
2024,310110,0.9902,
2024,310111,0.9961,
2024,310112,0.9979,
2024,310113,0.9991,
2024,310115,0.9916,
2024,310118,0.9985,
2024,310119,0.9998,
2024,310130,1.0,
2024,320001,1.0,
2024,320002,1.0,
2024,320003,1.0,
2024,320004,0.9979,
2024,320005,0.9986,
2024,320006,0.9997,
2024,320009,0.998,
2024,320011,0.9968,
2024,320017,0.9975,
2024,320018,0.998,
2024,320021,0.9955,
2024,320022,0.9986,
2024,320030,0.994,
2024,320033,0.9996,
2024,320038,0.9995,
2024,320059,0.9991,
2024,320060,1.0,
2024,320061,1.0,
2024,320062,1.0,
2024,320063,0.9962,
2024,320065,0.9998,
2024,320067,1.0,
2024,320074,0.9888,
2024,320084,0.9983,
2024,320085,0.992,
2024,320086,1.0,
2024,320089,0.9975,
2024,320090,0.9985,
2024,320091,1.0,
2024,330005,0.9975,
2024,330006,0.9994,
2024,330008,0.9897,
2024,330009,0.9989,
2024,330011,0.9942,
2024,330013,0.9998,
2024,330014,0.9936,
2024,330019,0.9904,
2024,330023,0.9917,
2024,330024,0.9992,
2024,330027,0.9982,
2024,330028,0.9985,
2024,330030,0.9935,
2024,330033,0.9999,
2024,330043,0.9979,
2024,330044,0.9982,
2024,330045,0.9948,
2024,330046,0.9987,
2024,330047,1.0,
2024,330049,0.9948,
2024,330055,0.9998,
2024,330056,0.9988,
2024,330057,1.0,
2024,330058,0.9963,
2024,330059,0.9966,
2024,330065,0.9992,
2024,330073,0.9972,
2024,330074,0.9915,
2024,330078,0.9977,
2024,330079,1.0,
2024,330080,0.9987,
2024,330084,0.9989,
2024,330085,0.995,
2024,330086,1.0,
2024,330090,0.9971,
2024,330094,0.9902,
2024,330096,0.9976,
2024,330101,0.997,
2024,330102,0.9972,
2024,330103,0.9901,
2024,330104,0.9886,
2024,330106,0.9953,
2024,330107,0.9948,
2024,330111,0.9922,
2024,330115,0.9952,
2024,330119,0.9994,
2024,330125,0.9913,
2024,330126,0.9966,
2024,330127,0.9982,
2024,330128,1.0,
2024,330135,0.9936,
2024,330136,0.9981,
2024,330140,0.9821,
2024,330141,0.9975,
2024,330144,1.0,
2024,330151,1.0,
2024,330153,0.9911,
2024,330157,0.9988,
2024,330158,0.9869,
2024,330160,0.995,
2024,330162,0.999,
2024,330163,0.9925,
2024,330164,0.9886,
2024,330166,1.0,
2024,330169,0.997,
2024,330175,0.9965,
2024,330180,0.9993,
2024,330181,0.9999,
2024,330182,0.9909,
2024,330184,0.9986,
2024,330185,0.9948,
2024,330188,0.9939,
2024,330191,0.996,
2024,330193,0.9946,
2024,330194,0.9866,
2024,330195,0.993,
2024,330196,0.9924,
2024,330197,0.9952,
2024,330198,0.9881,
2024,330199,1.0,
2024,330202,0.9988,
2024,330203,0.9926,
2024,330204,0.9983,
2024,330205,1.0,
2024,330208,0.9924,
2024,330211,0.9983,
2024,330214,1.0,
2024,330215,0.9935,
2024,330218,0.997,
2024,330219,0.9998,
2024,330221,0.9996,
2024,330222,0.9974,
2024,330223,0.9896,
2024,330224,0.9972,
2024,330226,0.9964,
2024,330229,0.996,
2024,330231,0.9922,
2024,330233,0.9985,
2024,330234,0.9962,
2024,330235,0.9948,
2024,330236,0.9965,
2024,330238,0.9991,
2024,330239,0.9997,
2024,330240,0.9994,
2024,330241,0.9986,
2024,330245,0.9978,
2024,330246,0.9992,
2024,330250,0.9985,
2024,330259,0.9988,
2024,330261,0.9996,
2024,330264,0.9919,
2024,330265,0.9981,
2024,330267,1.0,
2024,330270,1.0,
2024,330273,0.989,
2024,330276,0.9999,
2024,330277,0.9976,
2024,330279,0.9967,
2024,330285,0.9981,
2024,330286,0.996,
2024,330304,0.9965,
2024,330307,0.998,
2024,330331,0.9943,
2024,330332,0.993,
2024,330350,0.997,
2024,330386,0.9987,
2024,330393,0.9985,
2024,330394,0.9978,
2024,330395,0.9877,
2024,330396,0.9987,
2024,330399,0.9982,
2024,330401,0.9988,
2024,330411,1.0,
2024,340001,1.0,
2024,340002,1.0,
2024,340003,1.0,
2024,340004,0.9993,
2024,340008,0.9981,
2024,340010,0.9997,
2024,340013,0.9909,
2024,340014,0.9955,
2024,340015,0.994,
2024,340016,0.9874,
2024,340017,1.0,
2024,340020,0.9957,
2024,340021,0.9955,
2024,340023,1.0,
2024,340024,0.993,
2024,340027,0.9995,
2024,340028,0.9873,
2024,340030,0.9991,
2024,340032,0.9918,
2024,340039,0.9959,
2024,340040,0.9938,
2024,340041,0.9975,
2024,340042,1.0,
2024,340047,0.9987,
2024,340049,1.0,
2024,340050,0.9924,
2024,340051,0.9906,
2024,340053,0.999,
2024,340060,0.9974,
2024,340061,0.9985,
2024,340064,0.9976,
2024,340068,0.9953,
2024,340069,0.9998,
2024,340070,0.992,
2024,340071,0.9963,
2024,340073,0.9952,
2024,340075,0.9996,
2024,340084,1.0,
2024,340085,0.9979,
2024,340087,0.9999,
2024,340090,0.9899,
2024,340091,0.9997,
2024,340096,0.9947,
2024,340097,0.9904,
2024,340098,0.9908,
2024,340099,0.9868,
2024,340107,0.9931,
2024,340109,0.9993,
2024,340113,0.9974,
2024,340114,0.9997,
2024,340115,0.993,
2024,340116,0.9899,
2024,340119,0.9966,
2024,340120,0.9924,
2024,340123,0.9969,
2024,340126,0.9867,
2024,340127,1.0,
2024,340129,0.9988,
2024,340130,0.9983,
2024,340131,0.9965,
2024,340132,0.9932,
2024,340133,1.0,
2024,340141,1.0,
2024,340142,0.9837,
2024,340143,0.9976,
2024,340144,0.9979,
2024,340145,0.9994,
2024,340147,0.9974,
2024,340151,0.988,
2024,340155,0.9949,
2024,340156,1.0,
2024,340158,0.9935,
2024,340159,0.9955,
2024,340166,0.9997,
2024,340171,0.9908,
2024,340173,0.9976,
2024,340183,0.9847,
2024,340184,0.9926,
2024,340187,0.9974,
2024,340188,0.988,
2024,340190,0.9997,
2024,350002,1.0,
2024,350006,0.9985,
2024,350011,1.0,
2024,350015,0.9992,
2024,350019,0.9972,
2024,350063,1.0,
2024,350070,0.9991,
2024,360001,0.987,
2024,360002,0.9993,
2024,360003,0.9993,
2024,360006,0.9995,
2024,360008,1.0,
2024,360009,0.9934,
2024,360010,0.9971,
2024,360011,0.9985,
2024,360012,0.9959,
2024,360013,0.9989,
2024,360014,0.9989,
2024,360016,0.9958,
2024,360017,0.9986,
2024,360020,0.9922,
2024,360025,0.9991,
2024,360026,0.9972,
2024,360027,0.9941,
2024,360029,0.9953,
2024,360032,0.9969,
2024,360035,0.9973,
2024,360036,0.9999,
2024,360037,0.979,
2024,360039,0.9993,
2024,360040,0.999,
2024,360041,0.9949,
2024,360044,1.0,
2024,360046,0.9924,
2024,360048,0.9999,
2024,360051,0.9953,
2024,360054,1.0,
2024,360055,0.9995,
2024,360056,0.9947,
2024,360058,0.9993,
2024,360059,0.9998,
2024,360064,0.995,
2024,360065,0.9947,
2024,360066,0.9967,
2024,360068,0.999,
2024,360070,0.9932,
2024,360071,1.0,
2024,360072,0.9833,
2024,360075,0.9963,
2024,360076,0.995,
2024,360077,0.9945,
2024,360078,0.9992,
2024,360079,0.9908,
2024,360080,0.9992,
2024,360082,0.9813,
2024,360084,1.0,
2024,360085,0.9991,
2024,360086,0.9982,
2024,360087,0.9958,
2024,360089,0.9995,
2024,360090,0.9988,
2024,360091,1.0,
2024,360092,1.0,
2024,360095,0.9943,
2024,360096,0.9993,
2024,360098,0.9947,
2024,360107,0.9989,
2024,360109,1.0,
2024,360112,0.9851,
2024,360118,0.9989,
2024,360121,1.0,
2024,360123,0.9948,
2024,360125,0.9907,
2024,360131,1.0,
2024,360132,0.9955,
2024,360133,0.9944,
2024,360134,0.9968,
2024,360137,0.9965,
2024,360143,0.9922,
2024,360144,0.994,
2024,360145,0.9928,
2024,360147,0.9941,
2024,360148,0.9962,
2024,360150,0.9995,
2024,360152,0.9964,
2024,360155,0.9948,
2024,360156,0.9989,
2024,360159,0.9969,
2024,360161,0.9996,
2024,360163,0.9999,
2024,360170,0.9981,
2024,360172,0.9955,
2024,360174,0.997,
2024,360175,0.9973,
2024,360179,0.997,
2024,360180,0.9993,
2024,360185,0.9971,
2024,360189,0.9998,
2024,360197,0.9968,
2024,360203,0.9987,
2024,360210,0.9993,
2024,360211,0.996,
2024,360218,0.9969,
2024,360230,0.9952,
2024,360234,0.9931,
2024,360236,0.9974,
2024,360239,0.9974,
2024,360259,0.9982,
2024,360263,1.0,
2024,360266,1.0,
2024,360270,0.9977,
2024,360276,0.9961,
2024,360348,0.9955,
2024,360351,1.0,
2024,360352,1.0,
2024,360354,0.9913,
2024,360355,1.0,
2024,360358,1.0,
2024,360359,0.9928,
2024,360360,0.9942,
2024,360361,0.97,
2024,360364,0.997,
2024,360365,0.9989,
2024,360367,1.0,
2024,360368,1.0,
2024,370001,0.995,
2024,370002,0.9995,
2024,370004,1.0,
2024,370006,0.9998,
2024,370008,0.995,
2024,370013,0.9994,
2024,370014,0.9772,
2024,370015,0.9989,
2024,370016,0.9982,
2024,370018,0.9977,
2024,370019,0.9961,
2024,370020,0.9989,
2024,370022,0.9989,
2024,370023,1.0,
2024,370025,0.996,
2024,370026,0.9998,
2024,370028,0.9984,
2024,370030,0.9996,
2024,370034,0.9992,
2024,370037,0.9981,
2024,370039,0.995,
2024,370041,1.0,
2024,370047,0.9987,
2024,370049,0.9966,
2024,370054,0.9997,
2024,370056,0.9843,
2024,370057,1.0,
2024,370078,0.9974,
2024,370083,0.9989,
2024,370089,0.9982,
2024,370091,0.9962,
2024,370093,0.9982,
2024,370094,0.9964,
2024,370097,0.9973,
2024,370099,1.0,
2024,370100,0.9984,
2024,370106,0.9999,
2024,370112,1.0,
2024,370113,0.9999,
2024,370114,0.9981,
2024,370139,0.9949,
2024,370149,0.9998,
2024,370153,0.9994,
2024,370158,1.0,
2024,370166,1.0,
2024,370170,1.0,
2024,370171,0.9972,
2024,370172,1.0,
2024,370173,1.0,
2024,370178,1.0,
2024,370180,1.0,
2024,370183,0.9978,
2024,370192,1.0,
2024,370201,0.9871,
2024,370202,0.997,
2024,370203,1.0,
2024,370210,1.0,
2024,370211,0.9947,
2024,370212,1.0,
2024,370214,1.0,
2024,370215,0.9997,
2024,370216,1.0,
2024,370218,0.9952,
2024,370220,1.0,
2024,370222,1.0,
2024,370225,1.0,
2024,370227,1.0,
2024,370228,0.9845,
2024,370229,1.0,
2024,370234,0.9986,
2024,370235,1.0,
2024,370236,0.9996,
2024,370237,0.9992,
2024,370240,0.9926,
2024,370243,1.0,
2024,380001,0.9989,
2024,380002,0.9999,
2024,380004,0.999,
2024,380005,1.0,
2024,380007,0.9992,
2024,380009,1.0,
2024,380014,1.0,
2024,380017,0.9985,
2024,380018,0.9999,
2024,380020,0.9984,
2024,380021,1.0,
2024,380022,0.9831,
2024,380025,0.9995,
2024,380027,0.9997,
2024,380029,1.0,
2024,380033,1.0,
2024,380037,0.9985,
2024,380038,1.0,
2024,380047,1.0,
2024,380050,0.9993,
2024,380051,0.9977,
2024,380052,0.9989,
2024,380056,1.0,
2024,380060,0.9986,
2024,380061,0.9975,
2024,380071,0.9936,
2024,380075,0.996,
2024,380082,0.998,
2024,380089,0.9954,
2024,380090,0.9988,
2024,380091,1.0,
2024,380102,0.9989,
2024,380103,1.0,
2024,390001,0.9988,
2024,390002,0.9986,
2024,390003,0.9994,
2024,390004,0.9978,
2024,390006,0.9994,
2024,390009,0.9991,
2024,390012,0.9908,
2024,390013,0.9959,
2024,390016,0.9968,
2024,390026,0.9969,
2024,390027,0.998,
2024,390028,0.9999,
2024,390030,0.9983,
2024,390032,0.9995,
2024,390035,0.9972,
2024,390036,0.9898,
2024,390037,0.9807,
2024,390039,0.9975,
2024,390041,0.9973,
2024,390042,0.9987,
2024,390044,0.9969,
2024,390045,0.9967,
2024,390046,0.9985,
2024,390048,1.0,
2024,390049,0.9968,
2024,390050,0.9959,
2024,390056,0.9993,
2024,390057,0.9935,
2024,390058,1.0,
2024,390062,1.0,
2024,390063,0.9939,
2024,390065,1.0,
2024,390066,0.9947,
2024,390067,0.9984,
2024,390068,0.9963,
2024,390070,0.9985,
2024,390071,1.0,
2024,390073,0.9973,
2024,390079,0.9966,
2024,390081,0.9988,
2024,390086,0.9945,
2024,390090,1.0,
2024,390091,0.9953,
2024,390093,1.0,
2024,390096,0.9992,
2024,390097,0.9962,
2024,390100,1.0,
2024,390101,0.9935,
2024,390102,0.9913,
2024,390104,1.0,
2024,390107,0.9974,
2024,390110,0.995,
2024,390111,1.0,
2024,390112,1.0,
2024,390113,1.0,
2024,390114,0.9791,
2024,390115,0.9903,
2024,390116,1.0,
2024,390117,1.0,
2024,390119,0.9858,
2024,390123,0.9982,
2024,390125,0.9993,
2024,390127,0.9903,
2024,390133,0.9941,
2024,390137,0.9989,
2024,390138,0.9986,
2024,390139,0.9948,
2024,390142,0.9951,
2024,390145,0.9932,
2024,390146,0.9961,
2024,390147,0.9965,
2024,390150,1.0,
2024,390151,1.0,
2024,390153,0.998,
2024,390156,0.9959,
2024,390157,0.9972,
2024,390160,1.0,
2024,390162,0.997,
2024,390163,0.9959,
2024,390164,0.9998,
2024,390168,0.9953,
2024,390173,0.9939,
2024,390174,0.9953,
2024,390178,0.9942,
2024,390179,0.9971,
2024,390180,0.9969,
2024,390183,0.995,
2024,390184,1.0,
2024,390185,0.9971,
2024,390195,0.9921,
2024,390198,0.9994,
2024,390199,0.9999,
2024,390201,0.9943,
2024,390203,0.9897,
2024,390204,0.9964,
2024,390211,0.9971,
2024,390217,1.0,
2024,390219,0.9989,
2024,390222,0.9907,
2024,390223,0.9994,
2024,390225,1.0,
2024,390226,0.9971,
2024,390228,0.9969,
2024,390231,0.9923,
2024,390233,0.9929,
2024,390237,0.9894,
2024,390256,0.9976,
2024,390258,0.9895,
2024,390265,0.9888,
2024,390266,0.9976,
2024,390267,0.9964,
2024,390268,0.9985,
2024,390270,0.997,
2024,390304,0.9999,
2024,390307,1.0,
2024,390316,1.0,
2024,390322,1.0,
2024,390323,1.0,
2024,390324,1.0,
2024,390325,1.0,
2024,390326,0.9961,
2024,390327,1.0,
2024,390328,0.999,
2024,390329,0.9889,
2024,390330,0.9925,
2024,390332,0.9962,
2024,390333,1.0,
2024,390334,1.0,
2024,390335,0.998,
2024,390336,1.0,
2024,390337,1.0,
2024,410004,1.0,
2024,410005,0.9997,
2024,410006,1.0,
2024,410007,0.9963,
2024,410008,0.9796,
2024,410009,0.9952,
2024,410011,0.9927,
2024,410012,0.9979,
2024,410013,1.0,
2024,420002,0.9962,
2024,420004,0.9963,
2024,420005,0.9968,
2024,420007,0.9975,
2024,420009,0.9969,
2024,420010,0.9904,
2024,420011,1.0,
2024,420015,1.0,
2024,420018,0.9981,
2024,420019,0.9993,
2024,420020,0.9905,
2024,420023,0.9984,
2024,420026,0.9972,
2024,420027,0.9972,
2024,420030,0.9955,
2024,420033,0.9997,
2024,420036,0.9976,
2024,420037,1.0,
2024,420038,0.998,
2024,420043,0.9959,
2024,420048,1.0,
2024,420049,0.9957,
2024,420051,0.996,
2024,420053,0.9986,
2024,420055,0.9979,
2024,420065,1.0,
2024,420066,0.9973,
2024,420067,0.9966,
2024,420068,0.9964,
2024,420070,0.9997,
2024,420071,0.9972,
2024,420072,0.9991,
2024,420073,0.9923,
2024,420078,0.995,
2024,420079,0.9911,
2024,420080,0.9928,
2024,420082,0.9988,
2024,420085,0.9972,
2024,420086,1.0,
2024,420087,0.9995,
2024,420089,0.9988,
2024,420091,0.9979,
2024,420098,0.9926,
2024,420101,1.0,
2024,420102,1.0,
2024,420103,0.9991,
2024,420104,0.984,
2024,420105,0.9984,
2024,420106,1.0,
2024,420107,0.9948,
2024,420108,1.0,
2024,420109,0.9968,
2024,420110,0.9963,
2024,430005,0.9994,
2024,430008,1.0,
2024,430012,0.9997,
2024,430014,0.9999,
2024,430015,0.9965,
2024,430016,0.9982,
2024,430027,0.9981,
2024,430048,0.9997,
2024,430077,1.0,
2024,430084,1.0,
2024,430089,0.9824,
2024,430090,1.0,
2024,430091,1.0,
2024,430095,0.9953,
2024,430097,0.9988,
2024,430098,1.0,
2024,440001,1.0,
2024,440002,0.9958,
2024,440003,0.998,
2024,440006,0.9972,
2024,440007,1.0,
2024,440008,1.0,
2024,440009,0.9979,
2024,440010,1.0,
2024,440011,0.9974,
2024,440012,0.9897,
2024,440015,0.9988,
2024,440016,0.9969,
2024,440017,0.9989,
2024,440018,0.9848,
2024,440020,0.9981,
2024,440029,1.0,
2024,440030,0.991,
2024,440031,0.9995,
2024,440032,1.0,
2024,440033,1.0,
2024,440034,0.9981,
2024,440035,0.9887,
2024,440039,0.9978,
2024,440040,1.0,
2024,440046,0.9995,
2024,440048,0.9921,
2024,440049,0.9982,
2024,440050,0.9964,
2024,440053,0.9949,
2024,440056,0.9988,
2024,440057,0.9987,
2024,440058,0.9947,
2024,440059,0.9849,
2024,440060,0.9985,
2024,440061,0.9999,
2024,440063,0.9823,
2024,440065,0.9943,
2024,440068,1.0,
2024,440072,0.9951,
2024,440073,0.994,
2024,440081,1.0,
2024,440082,0.9972,
2024,440084,0.996,
2024,440091,1.0,
2024,440102,0.9988,
2024,440104,0.9963,
2024,440109,1.0,
2024,440110,0.9973,
2024,440111,1.0,
2024,440120,0.9932,
2024,440125,0.9969,
2024,440130,0.9995,
2024,440131,0.999,
2024,440132,0.9992,
2024,440137,1.0,
2024,440144,0.997,
2024,440148,1.0,
2024,440150,0.9952,
2024,440151,1.0,
2024,440152,1.0,
2024,440153,1.0,
2024,440156,0.9957,
2024,440161,0.9989,
2024,440173,0.9814,
2024,440175,1.0,
2024,440176,0.9974,
2024,440183,0.9917,
2024,440184,0.9972,
2024,440185,0.996,
2024,440187,0.9972,
2024,440192,0.998,
2024,440193,0.9925,
2024,440194,0.9964,
2024,440197,0.9986,
2024,440200,1.0,
2024,440218,1.0,
2024,440227,0.9976,
2024,440228,0.9996,
2024,450002,0.9984,
2024,450007,0.999,
2024,450010,0.9994,
2024,450011,0.9947,
2024,450015,0.9996,
2024,450018,0.9862,
2024,450021,0.9981,
2024,450023,0.9986,
2024,450024,0.9985,
2024,450028,0.9977,
2024,450029,0.9986,
2024,450032,0.989,
2024,450033,0.9973,
2024,450034,0.9993,
2024,450035,0.999,
2024,450039,1.0,
2024,450040,0.9984,
2024,450042,1.0,
2024,450044,0.9981,
2024,450046,0.9992,
2024,450051,0.9996,
2024,450054,0.9949,
2024,450055,1.0,
2024,450056,0.9978,
2024,450058,0.995,
2024,450064,0.9993,
2024,450068,0.9995,
2024,450072,0.9957,
2024,450078,1.0,
2024,450079,0.9919,
2024,450080,0.9979,
2024,450082,0.999,
2024,450083,0.9886,
2024,450085,1.0,
2024,450087,0.9937,
2024,450090,0.9964,
2024,450092,1.0,
2024,450097,0.9979,
2024,450099,1.0,
2024,450101,0.9991,
2024,450102,0.9983,
2024,450104,0.9927,
2024,450107,0.9934,
2024,450108,0.9979,
2024,450119,0.999,
2024,450124,0.9986,
2024,450128,0.9986,
2024,450132,0.993,
2024,450133,0.9978,
2024,450135,0.9991,
2024,450137,0.995,
2024,450143,1.0,
2024,450144,0.9981,
2024,450147,0.9993,
2024,450148,0.9951,
2024,450152,0.995,
2024,450154,0.9979,
2024,450155,1.0,
2024,450162,1.0,
2024,450163,0.9996,
2024,450165,1.0,
2024,450176,0.9963,
2024,450184,0.9931,
2024,450193,0.9997,
2024,450194,0.9978,
2024,450196,0.9969,
2024,450200,0.9965,
2024,450203,0.9838,
2024,450209,0.9995,
2024,450210,0.9884,
2024,450211,0.9881,
2024,450213,0.9996,
2024,450222,0.9972,
2024,450229,0.9899,
2024,450231,0.9964,
2024,450235,0.9997,
2024,450236,1.0,
2024,450237,0.9991,
2024,450241,0.9994,
2024,450253,1.0,
2024,450271,0.9965,
2024,450272,0.9976,
2024,450289,0.9997,
2024,450292,0.9997,
2024,450324,0.997,
2024,450330,0.9993,
2024,450346,0.9943,
2024,450347,0.996,
2024,450351,0.9957,
2024,450352,0.9917,
2024,450358,0.9958,
2024,450369,0.9918,
2024,450370,1.0,
2024,450372,0.999,
2024,450379,0.9967,
2024,450388,0.9996,
2024,450389,0.9974,
2024,450395,0.998,
2024,450399,1.0,
2024,450400,0.9916,
2024,450403,0.9916,
2024,450411,1.0,
2024,450419,1.0,
2024,450422,0.9875,
2024,450424,0.9998,
2024,450431,0.995,
2024,450447,0.9985,
2024,450451,1.0,
2024,450460,0.9997,
2024,450462,1.0,
2024,450465,0.997,
2024,450469,0.9989,
2024,450475,0.9966,
2024,450484,0.9994,
2024,450489,1.0,
2024,450498,1.0,
2024,450508,0.9903,
2024,450518,0.9954,
2024,450537,0.9961,
2024,450539,0.9998,
2024,450563,0.9986,
2024,450565,0.9982,
2024,450571,0.9941,
2024,450573,0.9986,
2024,450578,0.9947,
2024,450584,0.9991,
2024,450586,0.9988,
2024,450587,0.9874,
2024,450596,0.9995,
2024,450597,1.0,
2024,450604,1.0,
2024,450610,0.9997,
2024,450617,0.9892,
2024,450634,0.9918,
2024,450638,0.9975,
2024,450639,0.9964,
2024,450641,0.9985,
2024,450643,0.9982,
2024,450644,0.9995,
2024,450647,0.9971,
2024,450651,0.9959,
2024,450653,0.9934,
2024,450654,0.9972,
2024,450656,0.9989,
2024,450658,0.9997,
2024,450659,0.998,
2024,450661,0.9946,
2024,450662,0.9972,
2024,450668,0.9935,
2024,450669,0.9982,
2024,450670,0.9868,
2024,450672,0.9968,
2024,450675,0.9899,
2024,450677,0.9943,
2024,450678,0.9945,
2024,450684,0.9964,
2024,450686,0.9951,
2024,450688,0.9988,
2024,450690,1.0,
2024,450694,0.9952,
2024,450697,0.9992,
2024,450698,1.0,
2024,450702,0.9927,
2024,450709,0.99,
2024,450711,0.9971,
2024,450713,0.9976,
2024,450718,0.9982,
2024,450723,0.9949,
2024,450730,0.9956,
2024,450742,0.9961,
2024,450743,0.9975,
2024,450747,0.998,
2024,450755,1.0,
2024,450771,0.9977,
2024,450774,1.0,
2024,450775,0.9921,
2024,450779,0.9899,
2024,450788,0.9996,
2024,450801,0.9967,
2024,450804,1.0,
2024,450808,1.0,
2024,450809,0.9972,
2024,450820,0.9959,
2024,450822,0.9997,
2024,450825,1.0,
2024,450827,1.0,
2024,450828,0.9997,
2024,450831,1.0,
2024,450833,1.0,
2024,450834,1.0,
2024,450840,0.9923,
2024,450844,0.9896,
2024,450847,0.9987,
2024,450848,0.9942,
2024,450851,1.0,
2024,450853,0.9927,
2024,450855,0.9996,
2024,450856,1.0,
2024,450860,1.0,
2024,450862,0.9957,
2024,450864,1.0,
2024,450865,1.0,
2024,450867,0.9984,
2024,450869,0.9966,
2024,450871,1.0,
2024,450872,1.0,
2024,450874,0.9987,
2024,450875,1.0,
2024,450876,0.9863,
2024,450877,0.9962,
2024,450880,0.9947,
2024,450883,1.0,
2024,450885,0.9963,
2024,450888,1.0,
2024,450889,1.0,
2024,450890,0.9986,
2024,450891,1.0,
2024,450893,0.993,
2024,460001,1.0,
2024,460003,0.9979,
2024,460004,1.0,
2024,460005,0.9975,
2024,460006,0.9991,
2024,460007,1.0,
2024,460009,1.0,
2024,460010,1.0,
2024,460011,0.996,
2024,460013,0.9805,
2024,460014,0.9971,
2024,460015,1.0,
2024,460017,1.0,
2024,460019,0.998,
2024,460021,0.9974,
2024,460023,0.9998,
2024,460026,1.0,
2024,460030,0.9995,
2024,460039,1.0,
2024,460041,0.9993,
2024,460042,0.9991,
2024,460044,0.9867,
2024,460047,0.9971,
2024,460049,1.0,
2024,460051,0.9999,
2024,460052,0.9973,
2024,460054,0.9941,
2024,460057,1.0,
2024,460058,0.9995,
2024,460060,0.9998,
2024,460061,1.0,
2024,460062,1.0,
2024,470001,0.9883,
2024,470003,0.9982,
2024,470005,0.9936,
2024,470011,0.9929,
2024,470012,0.996,
2024,470024,0.9955,
2024,490002,0.9888,
2024,490004,0.9998,
2024,490005,0.9997,
2024,490007,1.0,
2024,490009,0.9998,
2024,490013,0.9936,
2024,490017,0.9984,
2024,490018,1.0,
2024,490019,0.9987,
2024,490020,0.9989,
2024,490021,1.0,
2024,490022,0.9756,
2024,490023,0.9848,
2024,490024,1.0,
2024,490032,0.9985,
2024,490033,0.9991,
2024,490037,0.9984,
2024,490038,0.99,
2024,490040,0.9962,
2024,490041,0.9956,
2024,490042,0.9966,
2024,490043,0.9979,
2024,490044,0.9935,
2024,490045,0.9995,
2024,490046,0.9965,
2024,490048,0.9895,
2024,490050,0.9981,
2024,490052,0.9957,
2024,490053,0.9934,
2024,490057,0.9962,
2024,490059,0.9982,
2024,490060,0.9974,
2024,490063,0.9996,
2024,490066,0.9956,
2024,490067,0.9861,
2024,490069,0.996,
2024,490075,0.994,
2024,490077,1.0,
2024,490084,0.9976,
2024,490088,0.999,
2024,490089,1.0,
2024,490090,0.9974,
2024,490092,0.9888,
2024,490093,0.9958,
2024,490094,1.0,
2024,490097,1.0,
2024,490098,1.0,
2024,490101,0.9962,
2024,490104,1.0,
2024,490107,0.9951,
2024,490110,0.9927,
2024,490111,0.9988,
2024,490112,0.9987,
2024,490113,0.9947,
2024,490114,0.9999,
2024,490115,0.9943,
2024,490116,0.9982,
2024,490117,0.9994,
2024,490118,0.9942,
2024,490119,0.998,
2024,490120,0.9947,
2024,490122,0.9986,
2024,490126,1.0,
2024,490127,0.9907,
2024,490130,0.9955,
2024,490136,0.9983,
2024,490140,0.9913,
2024,490141,0.9873,
2024,490143,0.9983,
2024,490144,0.9994,
2024,490145,0.9978,
2024,500002,0.9997,
2024,500003,0.9976,
2024,500005,1.0,
2024,500007,0.9972,
2024,500008,0.9972,
2024,500011,1.0,
2024,500014,0.9969,
2024,500015,0.9935,
2024,500016,1.0,
2024,500019,0.9968,
2024,500021,0.9955,
2024,500024,0.9997,
2024,500025,1.0,
2024,500026,0.9989,
2024,500027,0.9999,
2024,500030,1.0,
2024,500031,0.9995,
2024,500033,1.0,
2024,500036,0.9988,
2024,500037,1.0,
2024,500039,0.9985,
2024,500041,0.998,
2024,500044,0.9967,
2024,500050,0.9994,
2024,500051,0.9927,
2024,500053,0.9954,
2024,500054,1.0,
2024,500058,0.9979,
2024,500060,1.0,
2024,500064,0.9999,
2024,500072,1.0,
2024,500077,0.9996,
2024,500079,0.9919,
2024,500084,1.0,
2024,500088,0.9974,
2024,500108,0.999,
2024,500119,1.0,
2024,500124,0.9991,
2024,500129,0.99,
2024,500139,0.9987,
2024,500141,0.9988,
2024,500148,1.0,
2024,500150,0.9995,
2024,500151,1.0,
2024,500152,0.9994,
2024,500154,0.9993,
2024,510001,0.996,
2024,510002,0.999,
2024,510006,0.9947,
2024,510007,0.9928,
2024,510008,0.9977,
2024,510012,0.9984,
2024,510013,0.9965,
2024,510022,0.9868,
2024,510023,0.9951,
2024,510024,0.9937,
2024,510029,0.9907,
2024,510030,1.0,
2024,510031,1.0,
2024,510038,0.9965,
2024,510046,0.9835,
2024,510048,1.0,
2024,510050,0.985,
2024,510055,0.9989,
2024,510058,0.991,
2024,510062,0.9897,
2024,510070,0.9944,
2024,510072,1.0,
2024,510086,1.0,
2024,510091,1.0,
2024,520002,0.9975,
2024,520004,0.9996,
2024,520008,0.9985,
2024,520009,1.0,
2024,520011,1.0,
2024,520013,0.9991,
2024,520017,1.0,
2024,520019,1.0,
2024,520021,0.9929,
2024,520028,0.9972,
2024,520030,0.9996,
2024,520033,0.9925,
2024,520034,0.9992,
2024,520035,0.9965,
2024,520037,0.994,
2024,520038,0.9983,
2024,520041,0.998,
2024,520044,1.0,
2024,520045,1.0,
2024,520049,1.0,
2024,520051,0.9951,
2024,520057,1.0,
2024,520059,1.0,
2024,520062,0.999,
2024,520063,0.9954,
2024,520066,0.9984,
2024,520070,0.9981,
2024,520071,1.0,
2024,520075,0.9989,
2024,520076,1.0,
2024,520078,0.9998,
2024,520083,1.0,
2024,520087,1.0,
2024,520088,0.9997,
2024,520089,0.9979,
2024,520091,0.9996,
2024,520095,0.9994,
2024,520096,0.992,
2024,520097,0.9994,
2024,520098,0.9985,
2024,520100,1.0,
2024,520102,0.9998,
2024,520103,0.9889,
2024,520107,0.9935,
2024,520109,1.0,
2024,520113,0.984,
2024,520116,0.9983,
2024,520136,0.9989,
2024,520138,0.9982,
2024,520139,1.0,
2024,520160,1.0,
2024,520177,0.9985,
2024,520189,0.9976,
2024,520193,0.9974,
2024,520194,1.0,
2024,520196,1.0,
2024,520198,1.0,
2024,520202,0.9962,
2024,520205,0.9725,
2024,520206,0.9989,
2024,520207,0.9973,
2024,520208,0.9974,
2024,520210,0.9972,
2024,520212,0.9976,
2024,520213,1.0,
2024,520214,1.0,
2024,530002,0.9996,
2024,530006,1.0,
2024,530008,0.9872,
2024,530011,0.9996,
2024,530012,0.9995,
2024,530014,0.9983,
2024,530015,0.9972,
2024,530025,0.9995,
2024,530032,1.0,
2024,530034,0.9945,
2024,670004,0.9989,
2024,670005,0.97,
2024,670006,0.9974,
2024,670008,1.0,
2024,670023,0.9966,
2024,670025,1.0,
2024,670031,0.9992,
2024,670034,0.9966,
2024,670041,0.9993,
2024,670043,0.9978,
2024,670044,0.9993,
2024,670047,0.9998,
2024,670049,1.0,
2024,670053,0.9982,
2024,670054,0.9806,
2024,670055,0.9987,
2024,670056,0.9927,
2024,670059,1.0,
2024,670060,0.998,
2024,670061,0.97,
2024,670062,0.9965,
2024,670067,1.0,
2024,670068,0.9963,
2024,670069,0.9835,
2024,670071,0.9947,
2024,670073,0.9746,
2024,670075,0.9943,
2024,670076,0.97,
2024,670077,0.9991,
2024,670078,0.9998,
2024,670080,0.9919,
2024,670082,0.9982,
2024,670085,0.9975,
2024,670088,0.9922,
2024,670090,0.982,
2024,670098,0.9922,
2024,670102,1.0,
2024,670103,0.9985,
2024,670106,0.9956,
2024,670107,1.0,
2024,670108,1.0,
2024,670109,1.0,
2024,670112,1.0,
2024,670115,1.0,
2024,670116,1.0,
2024,670120,0.9881,
2024,670121,1.0,
2024,670122,0.9934,
2024,670124,1.0,
2024,670128,1.0,
2024,670131,1.0,
2024,670132,1.0,
2024,670134,1.0,
2024,670135,1.0,
2024,670136,0.9993,
2024,670143,1.0,
2024,670259,1.0,
2024,670260,1.0,
2024,670265,1.0,
2024,670266,1.0,
2024,670267,1.0,
2024,670285,1.0,
2024,670300,1.0,
2024,670309,1.0,
2024,670319,1.0,
2025,010001,0.9975,
2025,010005,1.0,
2025,010006,0.9967,
2025,010007,0.9947,
2025,010008,1.0,
2025,010011,0.9929,
2025,010012,0.9973,
2025,010016,0.9939,
2025,010019,0.9976,
2025,010021,0.9942,
2025,010022,1.0,
2025,010023,0.9947,
2025,010024,0.9983,
2025,010029,0.995,
2025,010033,0.9959,
2025,010034,1.0,
2025,010035,0.9956,
2025,010036,0.9904,
2025,010039,0.9985,
2025,010040,0.9977,
2025,010044,1.0,
2025,010045,0.9984,
2025,010046,0.99,
2025,010049,0.9957,
2025,010051,1.0,
2025,010052,0.9968,
2025,010055,0.9891,
2025,010056,0.9949,
2025,010058,1.0,
2025,010059,1.0,
2025,010061,0.9999,
2025,010062,1.0,
2025,010065,0.9995,
2025,010069,0.9987,
2025,010073,1.0,
2025,010078,0.9875,
2025,010079,0.9931,
2025,010083,0.9951,
2025,010085,0.9976,
2025,010086,0.9999,
2025,010087,0.9999,
2025,010089,0.9986,
2025,010090,0.9954,
2025,010091,1.0,
2025,010092,0.9925,
2025,010095,1.0,
2025,010097,0.9984,
2025,010099,0.9998,
2025,010100,0.9961,
2025,010101,0.9905,
2025,010102,1.0,
2025,010103,0.998,
2025,010104,0.9946,
2025,010108,0.9975,
2025,010110,1.0,
2025,010112,1.0,
2025,010113,0.997,
2025,010114,0.9995,
2025,010118,0.9991,
2025,010120,0.9986,
2025,010125,0.9998,
2025,010126,0.9958,
2025,010128,0.9978,
2025,010129,0.9957,
2025,010130,0.9968,
2025,010131,0.9944,
2025,010139,0.9987,
2025,010144,0.9974,
2025,010148,0.9973,
2025,010149,0.9953,
2025,010150,1.0,
2025,010157,1.0,
2025,010158,0.9885,
2025,010164,0.9958,
2025,010168,1.0,
2025,010169,0.9934,
2025,010173,1.0,
2025,010174,1.0,
2025,010175,1.0,
2025,020001,0.9996,
2025,020006,0.9959,
2025,020008,0.9978,
2025,020012,1.0,
2025,020017,0.9953,
2025,020018,1.0,
2025,020024,0.9906,
2025,020026,1.0,
2025,030002,1.0,
2025,030006,0.9919,
2025,030007,1.0,
2025,030010,0.9996,
2025,030011,0.9982,
2025,030012,0.9971,
2025,030013,0.9946,
2025,030014,0.9985,
2025,030016,0.9951,
2025,030022,0.9991,
2025,030023,0.9979,
2025,030024,0.9984,
2025,030030,1.0,
2025,030036,0.9984,
2025,030037,0.9997,
2025,030038,0.9963,
2025,030043,0.9937,
2025,030055,0.9983,
2025,030061,0.9925,
2025,030062,0.9997,
2025,030064,0.9997,
2025,030065,0.9939,
2025,030069,0.9995,
2025,030071,0.9977,
2025,030073,1.0,
2025,030074,1.0,
2025,030078,1.0,
2025,030083,0.999,
2025,030084,0.9988,
2025,030085,0.9991,
2025,030087,0.9928,
2025,030088,0.9995,
2025,030089,0.9985,
2025,030092,0.9966,
2025,030093,0.9979,
2025,030094,0.9936,
2025,030101,0.9981,
2025,030103,0.999,
2025,030105,0.9784,
2025,030107,1.0,
2025,030108,0.9914,
2025,030110,0.999,
2025,030111,1.0,
2025,030112,0.97,
2025,030113,1.0,
2025,030114,0.9996,
2025,030115,0.9989,
2025,030117,0.9995,
2025,030119,0.9987,
2025,030121,0.9966,
2025,030122,1.0,
2025,030123,0.9895,
2025,030130,0.9896,
2025,030131,1.0,
2025,030134,0.9978,
2025,030136,1.0,
2025,030138,1.0,
2025,030139,0.9994,
2025,030146,0.9937,
2025,030147,0.9882,
2025,030148,0.9952,
2025,030152,1.0,
2025,030153,1.0,
2025,040001,0.9997,
2025,040002,0.9967,
2025,040004,1.0,
2025,040007,0.9971,
2025,040010,1.0,
2025,040011,0.9946,
2025,040014,0.9908,
2025,040015,0.9932,
2025,040016,0.9989,
2025,040017,0.9997,
2025,040018,1.0,
2025,040019,0.9996,
2025,040020,0.9942,
2025,040022,0.9999,
2025,040026,0.9959,
2025,040027,0.9834,
2025,040029,0.999,
2025,040036,0.9988,
2025,040039,0.9997,
2025,040041,0.999,
2025,040050,0.9968,
2025,040051,0.9861,
2025,040055,0.9927,
2025,040062,0.9949,
2025,040067,0.9992,
2025,040069,0.9972,
2025,040071,0.9938,
2025,040072,0.9958,
2025,040076,0.9998,
2025,040078,0.989,
2025,040084,0.9898,
2025,040088,0.9993,
2025,040114,0.9976,
2025,040118,0.988,
2025,040119,0.9989,
2025,040134,0.9938,
2025,040137,0.9998,
2025,040147,1.0,
2025,040153,0.9991,
2025,040154,0.9949,
2025,040156,0.9979,
2025,040161,0.9937,
2025,040164,1.0,
2025,050002,0.985,
2025,050006,0.9998,
2025,050007,0.9995,
2025,050008,0.9992,
2025,050009,0.9964,
2025,050013,1.0,
2025,050014,0.9975,
2025,050017,0.9954,
2025,050022,0.9962,
2025,050024,0.9984,
2025,050025,0.9993,
2025,050026,0.9959,
2025,050028,0.9975,
2025,050030,0.97,
2025,050036,0.9983,
2025,050038,0.995,
2025,050039,0.9848,
2025,050040,1.0,
2025,050042,0.9995,
2025,050043,0.998,
2025,050045,0.9992,
2025,050047,0.997,
2025,050054,1.0,
2025,050055,0.9997,
2025,050056,0.996,
2025,050057,0.9984,
2025,050058,0.9912,
2025,050060,0.9986,
2025,050063,0.9924,
2025,050067,0.9997,
2025,050069,0.9998,
2025,050070,1.0,
2025,050071,0.9994,
2025,050072,1.0,
2025,050073,1.0,
2025,050075,0.9977,
2025,050076,1.0,
2025,050077,0.9991,
2025,050078,0.9999,
2025,050082,0.9985,
2025,050084,0.9969,
2025,050089,1.0,
2025,050090,0.999,
2025,050091,0.996,
2025,050093,0.9921,
2025,050099,1.0,
2025,050100,0.9981,
2025,050101,0.9999,
2025,050102,0.9975,
2025,050103,0.998,
2025,050104,0.9978,
2025,050107,0.9931,
2025,050108,0.9968,
2025,050110,0.9982,
2025,050112,0.9939,
2025,050113,0.9995,
2025,050115,0.9981,
2025,050116,0.9969,
2025,050118,0.9968,
2025,050121,0.9982,
2025,050122,1.0,
2025,050124,0.9942,
2025,050125,0.9843,
2025,050126,0.9943,
2025,050127,0.998,
2025,050128,1.0,
2025,050129,0.9989,
2025,050131,0.9991,
2025,050132,0.9958,
2025,050133,0.9955,
2025,050135,0.9939,
2025,050136,0.9999,
2025,050137,1.0,
2025,050138,1.0,
2025,050139,1.0,
2025,050140,1.0,
2025,050145,0.9937,
2025,050149,1.0,
2025,050150,0.9945,
2025,050152,0.9983,
2025,050158,0.9992,
2025,050159,0.9989,
2025,050167,0.9992,
2025,050168,0.9988,
2025,050169,0.9976,
2025,050174,0.9988,
2025,050179,0.9911,
2025,050180,0.9982,
2025,050191,0.9999,
2025,050192,1.0,
2025,050194,0.9934,
2025,050195,0.9838,
2025,050197,0.9987,
2025,050204,0.9987,
2025,050211,1.0,
2025,050222,0.9968,
2025,050224,1.0,
2025,050226,0.9985,
2025,050228,0.9927,
2025,050230,0.9876,
2025,050231,0.9985,
2025,050232,0.9973,
2025,050234,1.0,
2025,050235,0.987,
2025,050236,0.9824,
2025,050238,0.9972,
2025,050239,0.9932,
2025,050242,0.9991,
2025,050243,0.9968,
2025,050245,1.0,
2025,050248,0.9995,
2025,050254,0.9992,
2025,050257,1.0,
2025,050261,0.9971,
2025,050262,0.9999,
2025,050272,1.0,
2025,050276,1.0,
2025,050278,0.9954,
2025,050279,0.9997,
2025,050280,0.9964,
2025,050281,0.9936,
2025,050283,0.9972,
2025,050289,0.996,
2025,050290,0.9967,
2025,050291,1.0,
2025,050292,0.9987,
2025,050295,0.9994,
2025,050298,1.0,
2025,050300,0.9945,
2025,050301,1.0,
2025,050305,0.9997,
2025,050308,0.9973,
2025,050309,0.9994,
2025,050313,1.0,
2025,050315,1.0,
2025,050320,0.9957,
2025,050324,0.9989,
2025,050327,0.9998,
2025,050329,0.9968,
2025,050334,0.999,
2025,050335,0.9996,
2025,050336,0.9966,
2025,050342,1.0,
2025,050348,0.9993,
2025,050350,0.9987,
2025,050351,0.995,
2025,050352,0.9995,
2025,050353,0.9969,
2025,050357,0.9801,
2025,050360,0.9998,
2025,050367,0.999,
2025,050373,0.9993,
2025,050376,0.9994,
2025,050378,1.0,
2025,050380,0.9906,
2025,050382,0.9861,
2025,050390,0.9999,
2025,050393,0.9962,
2025,050394,0.9991,
2025,050396,0.9991,
2025,050407,0.993,
2025,050411,1.0,
2025,050414,0.9946,
2025,050417,0.9984,
2025,050424,1.0,
2025,050425,1.0,
2025,050426,0.9919,
2025,050438,0.9954,
2025,050441,0.9985,
2025,050444,0.9954,
2025,050454,1.0,
2025,050455,0.9988,
2025,050457,0.9972,
2025,050464,0.9856,
2025,050468,0.9953,
2025,050471,0.9958,
2025,050481,0.9801,
2025,050485,0.998,
2025,050488,0.9992,
2025,050492,0.9996,
2025,050496,0.9998,
2025,050498,1.0,
2025,050503,0.9957,
2025,050506,0.9968,
2025,050510,1.0,
2025,050512,1.0,
2025,050515,0.9998,
2025,050516,0.9947,
2025,050517,0.9936,
2025,050523,0.9986,
2025,050526,0.998,
2025,050528,1.0,
2025,050534,0.9954,
2025,050537,1.0,
2025,050541,1.0,
2025,050546,1.0,
2025,050549,0.9926,
2025,050551,0.9985,
2025,050557,0.9941,
2025,050561,1.0,
2025,050567,0.9972,
2025,050570,0.998,
2025,050573,0.9971,
2025,050580,0.9932,
2025,050581,0.9971,
2025,050586,1.0,
2025,050588,0.9818,
2025,050589,0.9978,
2025,050590,0.9956,
2025,050597,0.9999,
2025,050599,0.9988,
2025,050603,0.9996,
2025,050604,1.0,
2025,050608,0.9986,
2025,050609,1.0,
2025,050624,0.9967,
2025,050625,0.9996,
2025,050633,0.9932,
2025,050636,1.0,
2025,050641,1.0,
2025,050663,1.0,
2025,050668,0.9888,
2025,050674,0.9993,
2025,050677,1.0,
2025,050678,0.9989,
2025,050684,0.9991,
2025,050686,1.0,
2025,050689,0.9949,
2025,050690,1.0,
2025,050696,0.9995,
2025,050701,0.997,
2025,050704,0.9947,
2025,050708,1.0,
2025,050709,0.9943,
2025,050710,1.0,
2025,050714,0.9938,
2025,050717,1.0,
2025,050723,1.0,
2025,050724,0.9982,
2025,050726,1.0,
2025,050735,0.9932,
2025,050736,0.9993,
2025,050737,0.989,
2025,050738,0.9982,
2025,050739,0.9895,
2025,050740,0.9981,
2025,050744,0.9984,
2025,050745,1.0,
2025,050746,0.9989,
2025,050747,1.0,
2025,050748,1.0,
2025,050755,0.988,
2025,050757,0.9986,
2025,050758,0.9905,
2025,050760,0.998,
2025,050761,0.9963,
2025,050763,0.9955,
2025,050764,0.9851,
2025,050765,1.0,
2025,050766,0.97,
2025,050767,1.0,
2025,050769,1.0,
2025,050770,0.9969,
2025,050771,0.9995,
2025,050772,0.9998,
2025,050775,0.9957,
2025,050776,0.9989,
2025,050777,0.9997,
2025,050779,0.9956,
2025,050780,1.0,
2025,050782,1.0,
2025,050783,1.0,
2025,050784,0.9986,
2025,050785,1.0,
2025,060001,1.0,
2025,060003,0.9982,
2025,060004,1.0,
2025,060006,1.0,
2025,060008,1.0,
2025,060009,1.0,
2025,060010,1.0,
2025,060011,0.9995,
2025,060012,1.0,
2025,060013,1.0,
2025,060014,0.999,
2025,060015,0.9999,
2025,060020,0.9958,
2025,060022,1.0,
2025,060023,1.0,
2025,060024,1.0,
2025,060027,0.9905,
2025,060028,0.9997,
2025,060030,0.9996,
2025,060031,0.9987,
2025,060032,0.991,
2025,060034,1.0,
2025,060044,0.9993,
2025,060049,0.9979,
2025,060054,1.0,
2025,060064,0.9973,
2025,060065,0.9979,
2025,060071,0.9985,
2025,060075,0.9996,
2025,060076,0.9994,
2025,060096,1.0,
2025,060100,0.999,
2025,060103,1.0,
2025,060104,0.9993,
2025,060107,1.0,
2025,060112,0.9974,
2025,060113,0.9961,
2025,060114,1.0,
2025,060116,0.9992,
2025,060117,1.0,
2025,060118,1.0,
2025,060119,0.9967,
2025,060124,1.0,
2025,060125,0.9988,
2025,060126,1.0,
2025,060128,1.0,
2025,060129,1.0,
2025,060130,1.0,
2025,060131,0.9992,
2025,060132,0.9998,
2025,070002,0.9963,
2025,070003,0.9847,
2025,070004,0.9985,
2025,070005,0.9939,
2025,070006,0.9996,
2025,070007,0.9957,
2025,070008,1.0,
2025,070010,0.9944,
2025,070011,0.9828,
2025,070012,1.0,
2025,070016,1.0,
2025,070017,0.9947,
2025,070018,0.9945,
2025,070020,0.9866,
2025,070021,0.9976,
2025,070022,0.9994,
2025,070024,0.9971,
2025,070025,0.9924,
2025,070027,0.9983,
2025,070028,0.9954,
2025,070029,0.995,
2025,070031,0.9984,
2025,070033,0.9961,
2025,070034,0.9959,
2025,070035,0.9996,
2025,070036,0.997,
2025,070038,1.0,
2025,080001,1.0,
2025,080003,0.9998,
2025,080004,0.9931,
2025,080006,1.0,
2025,080007,0.9951,
2025,080009,1.0,
2025,090001,0.9987,
2025,090003,0.995,
2025,090004,0.9981,
2025,090005,0.9987,
2025,090008,1.0,
2025,090011,0.9974,
2025,100001,0.9967,
2025,100002,0.9955,
2025,100006,0.9896,
2025,100007,0.9812,
2025,100008,0.998,
2025,100012,0.9964,
2025,100014,0.9983,
2025,100017,0.9973,
2025,100018,0.9951,
2025,100019,1.0,
2025,100022,0.9998,
2025,100023,0.9954,
2025,100025,0.9955,
2025,100026,0.9999,
2025,100028,0.9978,
2025,100029,0.9983,
2025,100030,0.9923,
2025,100032,0.9994,
2025,100034,0.9965,
2025,100035,0.9983,
2025,100038,0.9956,
2025,100039,0.9988,
2025,100040,0.9894,
2025,100043,0.9997,
2025,100044,0.9938,
2025,100045,0.9979,
2025,100046,0.9995,
2025,100047,0.9916,
2025,100049,0.9943,
2025,100050,1.0,
2025,100051,0.9962,
2025,100052,0.9925,
2025,100053,0.9917,
2025,100054,0.989,
2025,100055,0.9904,
2025,100057,0.9959,
2025,100062,0.9914,
2025,100063,0.9942,
2025,100067,0.9976,
2025,100068,0.9997,
2025,100069,0.9988,
2025,100071,0.9945,
2025,100072,0.9988,
2025,100073,0.9988,
2025,100075,1.0,
2025,100077,0.984,
2025,100080,0.9914,
2025,100084,0.993,
2025,100086,0.9849,
2025,100087,0.9997,
2025,100088,0.9983,
2025,100090,0.9972,
2025,100092,0.9955,
2025,100093,0.9983,
2025,100099,0.9954,
2025,100105,0.9994,
2025,100107,0.997,
2025,100109,0.9962,
2025,100110,0.9918,
2025,100113,0.9961,
2025,100117,0.9981,
2025,100118,0.9988,
2025,100121,0.9967,
2025,100122,0.9997,
2025,100124,0.9969,
2025,100125,1.0,
2025,100126,0.9963,
2025,100127,0.9954,
2025,100128,0.9961,
2025,100130,1.0,
2025,100131,0.994,
2025,100132,1.0,
2025,100134,0.9989,
2025,100135,0.9982,
2025,100137,0.9924,
2025,100140,1.0,
2025,100142,0.9948,
2025,100150,0.998,
2025,100151,0.9983,
2025,100154,0.9953,
2025,100156,0.9924,
2025,100157,0.9889,
2025,100161,0.9958,
2025,100166,0.9956,
2025,100167,0.9969,
2025,100168,0.996,
2025,100173,0.9926,
2025,100175,0.9973,
2025,100176,0.9916,
2025,100177,1.0,
2025,100179,0.9977,
2025,100180,0.9951,
2025,100181,0.9982,
2025,100183,0.9997,
2025,100187,0.9966,
2025,100189,0.9933,
2025,100191,0.9916,
2025,100200,0.9961,
2025,100204,0.9955,
2025,100206,0.9942,
2025,100209,0.998,
2025,100211,0.9966,
2025,100212,0.9909,
2025,100213,0.9953,
2025,100217,0.9968,
2025,100220,0.9992,
2025,100223,0.9962,
2025,100224,0.9942,
2025,100226,0.996,
2025,100228,0.9951,
2025,100230,0.9985,
2025,100231,0.9876,
2025,100232,0.9927,
2025,100236,0.9918,
2025,100238,0.988,
2025,100242,0.9942,
2025,100243,0.989,
2025,100244,1.0,
2025,100246,0.9804,
2025,100248,0.9924,
2025,100249,0.9948,
2025,100252,0.9961,
2025,100253,0.996,
2025,100254,0.9921,
2025,100256,0.9894,
2025,100258,0.9965,
2025,100259,0.9888,
2025,100260,0.97,
2025,100264,0.9888,
2025,100265,0.9997,
2025,100266,0.9996,
2025,100267,0.9933,
2025,100268,0.9973,
2025,100269,0.9917,
2025,100275,0.9883,
2025,100276,0.992,
2025,100277,1.0,
2025,100281,0.9943,
2025,100284,0.9906,
2025,100285,0.9979,
2025,100286,0.9913,
2025,100287,0.9917,
2025,100288,0.9996,
2025,100289,0.9985,
2025,100290,0.997,
2025,100291,0.9916,
2025,100292,0.9979,
2025,100296,0.9984,
2025,100298,1.0,
2025,100299,0.9989,
2025,100302,0.9971,
2025,100307,0.9932,
2025,100313,0.9998,
2025,100314,1.0,
2025,100315,1.0,
2025,100316,1.0,
2025,100319,0.9978,
2025,100320,0.9949,
2025,100321,0.995,
2025,100329,0.9981,
2025,100330,0.9975,
2025,100350,0.998,
2025,100359,0.9982,
2025,100360,1.0,
2025,100361,1.0,
2025,100362,1.0,
2025,110001,0.9977,
2025,110002,0.9954,
2025,110003,0.9991,
2025,110005,1.0,
2025,110006,0.9989,
2025,110007,0.9938,
2025,110008,0.9975,
2025,110010,0.9992,
2025,110011,0.998,
2025,110015,0.9907,
2025,110016,0.9959,
2025,110018,0.9973,
2025,110023,0.9997,
2025,110024,0.9989,
2025,110025,0.9934,
2025,110027,0.997,
2025,110028,0.9974,
2025,110029,0.9954,
2025,110030,0.9944,
2025,110031,0.9949,
2025,110032,0.9973,
2025,110034,0.9977,
2025,110035,0.9993,
2025,110036,0.9955,
2025,110038,0.9979,
2025,110041,1.0,
2025,110042,0.9898,
2025,110043,0.9984,
2025,110044,0.9978,
2025,110045,0.9976,
2025,110046,0.9982,
2025,110050,0.9999,
2025,110051,0.9959,
2025,110054,0.9978,
2025,110064,0.9999,
2025,110069,0.9911,
2025,110071,1.0,
2025,110073,0.999,
2025,110074,0.9971,
2025,110075,0.9974,
2025,110076,0.9952,
2025,110078,0.9971,
2025,110079,0.9983,
2025,110082,0.9972,
2025,110083,1.0,
2025,110086,1.0,
2025,110087,0.9978,
2025,110089,0.9953,
2025,110091,0.9952,
2025,110092,1.0,
2025,110095,0.9965,
2025,110100,1.0,
2025,110101,1.0,
2025,110104,0.9975,
2025,110105,0.9864,
2025,110107,1.0,
2025,110109,0.9985,
2025,110111,0.9956,
2025,110113,1.0,
2025,110121,1.0,
2025,110122,0.9955,
2025,110124,0.9997,
2025,110125,0.9973,
2025,110128,0.9992,
2025,110129,0.9997,
2025,110132,0.9993,
2025,110135,0.9973,
2025,110142,1.0,
2025,110143,0.9977,
2025,110146,0.9991,
2025,110150,0.9989,
2025,110153,0.9928,
2025,110161,0.9981,
2025,110164,0.9971,
2025,110165,1.0,
2025,110168,0.9954,
2025,110177,0.9975,
2025,110184,0.9987,
2025,110191,0.9939,
2025,110192,0.9933,
2025,110194,1.0,
2025,110198,0.9989,
2025,110200,0.9994,
2025,110201,0.9959,
2025,110215,0.9924,
2025,110225,0.9998,
2025,110226,0.9977,
2025,110229,0.9977,
2025,110230,0.9983,
2025,110233,1.0,
2025,110234,1.0,
2025,110236,0.9976,
2025,110237,1.0,
2025,110252,0.9978,
2025,120001,0.9956,
2025,120002,0.9999,
2025,120004,1.0,
2025,120005,0.9977,
2025,120006,0.996,
2025,120007,0.9994,
2025,120011,0.9992,
2025,120014,0.997,
2025,120019,0.9944,
2025,120022,0.9993,
2025,120026,0.9948,
2025,120028,1.0,
2025,130002,1.0,
2025,130003,1.0,
2025,130006,0.9995,
2025,130007,0.9989,
2025,130013,0.9974,
2025,130014,1.0,
2025,130018,0.9996,
2025,130025,1.0,
2025,130028,0.9987,
2025,130049,1.0,
2025,130063,1.0,
2025,130065,1.0,
2025,130066,1.0,
2025,130071,0.9999,
2025,130074,1.0,
2025,140001,0.997,
2025,140002,0.9882,
2025,140007,0.9885,
2025,140008,0.9893,
2025,140010,0.9939,
2025,140011,0.9871,
2025,140012,0.9963,
2025,140013,0.9977,
2025,140015,0.996,
2025,140018,0.9992,
2025,140029,0.9981,
2025,140030,0.9943,
2025,140032,0.9924,
2025,140034,0.9908,
2025,140043,0.9975,
2025,140046,0.9959,
2025,140048,0.9946,
2025,140049,0.9983,
2025,140052,0.9981,
2025,140053,1.0,
2025,140054,0.9977,
2025,140059,0.9975,
2025,140062,0.986,
2025,140063,0.9978,
2025,140064,0.9916,
2025,140065,0.9904,
2025,140067,0.9969,
2025,140068,0.9958,
2025,140077,1.0,
2025,140080,0.9881,
2025,140082,0.9827,
2025,140083,1.0,
2025,140084,0.9977,
2025,140088,0.9989,
2025,140089,0.9895,
2025,140091,0.9914,
2025,140093,0.9934,
2025,140095,1.0,
2025,140100,1.0,
2025,140101,0.997,
2025,140103,0.9946,
2025,140110,1.0,
2025,140113,0.9872,
2025,140114,0.9999,
2025,140115,0.9997,
2025,140116,0.9936,
2025,140117,0.9986,
2025,140119,0.9985,
2025,140120,1.0,
2025,140122,1.0,
2025,140124,0.9993,
2025,140125,0.9991,
2025,140127,0.9819,
2025,140130,0.9985,
2025,140133,0.9986,
2025,140135,0.9984,
2025,140137,0.999,
2025,140145,0.9967,
2025,140147,0.9946,
2025,140148,0.9972,
2025,140150,0.9972,
2025,140155,1.0,
2025,140158,0.9945,
2025,140160,0.9996,
2025,140161,0.9984,
2025,140162,0.99,
2025,140164,0.996,
2025,140166,0.9935,
2025,140172,0.9933,
2025,140174,0.9908,
2025,140177,0.9978,
2025,140179,0.9872,
2025,140180,0.9951,
2025,140181,0.9989,
2025,140182,0.9983,
2025,140184,0.9995,
2025,140185,0.9955,
2025,140186,0.999,
2025,140187,0.9969,
2025,140189,0.9867,
2025,140191,0.9945,
2025,140197,1.0,
2025,140200,0.9933,
2025,140202,0.9964,
2025,140206,0.9982,
2025,140208,0.9956,
2025,140209,0.997,
2025,140210,1.0,
2025,140211,0.9978,
2025,140213,0.99,
2025,140217,0.9988,
2025,140223,0.9972,
2025,140224,0.9996,
2025,140228,0.9968,
2025,140231,0.9935,
2025,140233,0.9895,
2025,140239,1.0,
2025,140242,0.997,
2025,140251,0.9996,
2025,140252,0.9909,
2025,140258,0.9944,
2025,140275,0.9998,
2025,140276,0.9982,
2025,140280,0.9931,
2025,140281,0.9987,
2025,140286,0.9996,
2025,140288,0.9956,
2025,140289,0.9974,
2025,140290,0.9939,
2025,140291,0.9933,
2025,140292,0.9993,
2025,140294,0.993,
2025,140300,1.0,
2025,140304,0.9975,
2025,150001,1.0,
2025,150002,0.9917,
2025,150005,0.9994,
2025,150006,0.9879,
2025,150007,1.0,
2025,150008,0.9987,
2025,150009,0.9995,
2025,150010,0.9979,
2025,150011,0.9978,
2025,150012,0.9992,
2025,150015,0.9923,
2025,150017,0.9996,
2025,150018,0.9987,
2025,150021,0.9984,
2025,150022,0.9949,
2025,150023,0.9943,
2025,150024,0.9988,
2025,150026,0.999,
2025,150030,0.9961,
2025,150034,0.9928,
2025,150035,0.9977,
2025,150037,0.9925,
2025,150042,0.9935,
2025,150044,0.9977,
2025,150045,0.9977,
2025,150046,0.9955,
2025,150047,1.0,
2025,150048,0.9969,
2025,150051,1.0,
2025,150056,0.9982,
2025,150057,1.0,
2025,150058,0.9984,
2025,150059,0.9993,
2025,150061,1.0,
2025,150065,1.0,
2025,150069,0.998,
2025,150072,1.0,
2025,150074,0.9933,
2025,150075,0.9997,
2025,150076,1.0,
2025,150082,0.9941,
2025,150084,0.9995,
2025,150086,0.996,
2025,150088,0.985,
2025,150089,0.9955,
2025,150090,0.9916,
2025,150091,0.9955,
2025,150097,0.9992,
2025,150100,0.9996,
2025,150101,0.9947,
2025,150102,0.9931,
2025,150104,0.9968,
2025,150109,0.9938,
2025,150112,0.9951,
2025,150113,0.999,
2025,150115,0.9981,
2025,150125,0.9922,
2025,150126,0.9941,
2025,150128,0.9986,
2025,150133,0.9957,
2025,150146,0.996,
2025,150150,0.9982,
2025,150153,1.0,
2025,150157,0.9998,
2025,150158,0.9944,
2025,150160,1.0,
2025,150161,0.999,
2025,150162,0.9959,
2025,150165,0.9949,
2025,150166,1.0,
2025,150167,1.0,
2025,150168,1.0,
2025,150169,0.9982,
2025,150172,1.0,
2025,150173,0.9988,
2025,150177,0.9858,
2025,150181,1.0,
2025,150183,0.9991,
2025,150191,1.0,
2025,150193,1.0,
2025,160001,1.0,
2025,160005,0.9988,
2025,160013,0.999,
2025,160016,0.9999,
2025,160028,0.9949,
2025,160029,0.9961,
2025,160030,1.0,
2025,160032,1.0,
2025,160033,0.9933,
2025,160040,1.0,
2025,160045,0.9981,
2025,160047,0.999,
2025,160057,0.9976,
2025,160058,0.9995,
2025,160064,0.9925,
2025,160067,1.0,
2025,160069,0.9999,
2025,160079,0.9987,
2025,160080,0.9986,
2025,160082,0.9994,
2025,160083,0.999,
2025,160089,1.0,
2025,160101,1.0,
2025,160104,0.9998,
2025,160110,0.9981,
2025,160112,0.999,
2025,160117,1.0,
2025,160124,0.9853,
2025,160146,1.0,
2025,160147,0.9998,
2025,160153,0.9947,
2025,170006,0.9975,
2025,170009,0.9948,
2025,170012,1.0,
2025,170013,0.9993,
2025,170014,0.9879,
2025,170016,0.9981,
2025,170017,0.9988,
2025,170020,0.9985,
2025,170023,0.9955,
2025,170027,1.0,
2025,170040,0.9995,
2025,170049,0.9992,
2025,170068,0.9985,
2025,170074,0.9964,
2025,170086,0.9992,
2025,170103,0.9991,
2025,170104,0.9999,
2025,170105,0.9998,
2025,170109,1.0,
2025,170110,0.9988,
2025,170120,0.9989,
2025,170122,0.9998,
2025,170123,1.0,
2025,170137,1.0,
2025,170142,1.0,
2025,170146,0.9951,
2025,170175,1.0,
2025,170176,0.9929,
2025,170182,0.9855,
2025,170183,1.0,
2025,170185,0.9987,
2025,170186,1.0,
2025,170187,1.0,
2025,170188,1.0,
2025,170190,1.0,
2025,170191,1.0,
2025,170194,1.0,
2025,170196,1.0,
2025,170197,0.9834,
2025,170198,1.0,
2025,170199,1.0,
2025,170200,1.0,
2025,170203,0.9965,
2025,170204,1.0,
2025,170208,1.0,
2025,180001,0.9976,
2025,180002,0.992,
2025,180004,0.9952,
2025,180005,0.9951,
2025,180009,0.9964,
2025,180010,0.9976,
2025,180011,0.9974,
2025,180012,0.9933,
2025,180013,0.9998,
2025,180016,1.0,
2025,180017,0.9981,
2025,180018,0.9906,
2025,180019,1.0,
2025,180020,1.0,
2025,180024,0.9998,
2025,180025,0.9972,
2025,180027,0.992,
2025,180029,0.994,
2025,180035,0.9943,
2025,180038,0.9956,
2025,180040,0.9949,
2025,180043,0.9979,
2025,180044,0.9898,
2025,180045,0.9929,
2025,180046,1.0,
2025,180048,0.999,
2025,180049,1.0,
2025,180050,0.9847,
2025,180051,0.9903,
2025,180056,0.9937,
2025,180064,1.0,
2025,180066,0.996,
2025,180067,1.0,
2025,180069,0.9838,
2025,180070,0.9986,
2025,180078,0.9917,
2025,180079,1.0,
2025,180080,0.9999,
2025,180087,0.9977,
2025,180088,0.9945,
2025,180092,0.9966,
2025,180093,1.0,
2025,180101,0.9968,
2025,180102,0.9946,
2025,180103,0.9909,
2025,180104,0.9999,
2025,180105,0.9759,
2025,180115,0.9982,
2025,180116,0.9963,
2025,180124,0.9928,
2025,180127,0.994,
2025,180128,0.9997,
2025,180130,0.996,
2025,180132,0.9959,
2025,180138,0.9996,
2025,180139,0.9912,
2025,180141,0.9994,
2025,180143,0.986,
2025,180149,1.0,
2025,180154,0.9975,
2025,190002,0.995,
2025,190004,0.9997,
2025,190005,1.0,
2025,190006,0.9974,
2025,190007,0.9986,
2025,190008,0.9986,
2025,190011,1.0,
2025,190013,0.9994,
2025,190014,0.997,
2025,190015,0.9904,
2025,190017,0.9972,
2025,190019,0.9977,
2025,190020,0.9947,
2025,190025,0.9986,
2025,190026,0.9963,
2025,190027,0.9949,
2025,190034,1.0,
2025,190036,0.9992,
2025,190039,0.9975,
2025,190040,0.9924,
2025,190041,0.987,
2025,190044,1.0,
2025,190045,0.9971,
2025,190046,0.9972,
2025,190050,0.9985,
2025,190053,0.9938,
2025,190054,0.9996,
2025,190060,0.9989,
2025,190064,1.0,
2025,190065,0.997,
2025,190079,1.0,
2025,190086,0.9995,
2025,190088,0.9986,
2025,190090,0.9951,
2025,190098,0.9999,
2025,190099,0.9956,
2025,190102,0.9944,
2025,190106,1.0,
2025,190111,0.9944,
2025,190114,0.9993,
2025,190116,0.9965,
2025,190118,0.9996,
2025,190125,0.9995,
2025,190128,1.0,
2025,190133,1.0,
2025,190140,0.9987,
2025,190144,1.0,
2025,190145,1.0,
2025,190151,1.0,
2025,190160,0.982,
2025,190164,0.9993,
2025,190167,1.0,
2025,190176,0.9948,
2025,190183,0.9994,
2025,190184,0.9971,
2025,190190,1.0,
2025,190201,1.0,
2025,190202,0.9974,
2025,190208,0.9837,
2025,190218,1.0,
2025,190241,1.0,
2025,190245,1.0,
2025,190251,1.0,
2025,190255,1.0,
2025,190256,0.996,
2025,190259,0.9998,
2025,190267,1.0,
2025,190270,1.0,
2025,190274,0.9983,
2025,190278,0.9974,
2025,190298,0.97,
2025,190302,1.0,
2025,190303,1.0,
2025,190308,0.9986,
2025,190312,1.0,
2025,190313,1.0,
2025,190316,0.9997,
2025,190317,1.0,
2025,190318,0.9981,
2025,200001,0.9927,
2025,200008,0.9986,
2025,200009,1.0,
2025,200018,1.0,
2025,200019,0.9978,
2025,200020,1.0,
2025,200021,0.998,
2025,200024,1.0,
2025,200031,0.9985,
2025,200033,1.0,
2025,200034,1.0,
2025,200037,1.0,
2025,200039,0.9998,
2025,200041,1.0,
2025,200050,0.9989,
2025,200052,0.9983,
2025,200063,0.994,
2025,220001,0.9905,
2025,220002,0.9926,
2025,220008,0.97,
2025,220010,0.9986,
2025,220011,1.0,
2025,220012,0.9901,
2025,220015,0.9969,
2025,220016,0.9975,
2025,220017,0.9988,
2025,220019,0.9858,
2025,220020,0.9937,
2025,220024,0.9971,
2025,220029,0.97,
2025,220030,0.9999,
2025,220031,0.9983,
2025,220033,0.9972,
2025,220035,0.9925,
2025,220036,0.9822,
2025,220046,0.9991,
2025,220049,0.9917,
2025,220052,0.996,
2025,220060,0.9948,
2025,220063,0.9856,
2025,220065,0.9955,
2025,220066,0.993,
2025,220070,0.9812,
2025,220071,0.9977,
2025,220073,0.9764,
2025,220074,0.9986,
2025,220075,1.0,
2025,220077,0.9826,
2025,220080,0.984,
2025,220083,0.9963,
2025,220084,0.997,
2025,220086,0.9952,
2025,220088,1.0,
2025,220090,0.9747,
2025,220095,0.9956,
2025,220098,0.9931,
2025,220100,0.9891,
2025,220101,0.9918,
2025,220105,0.9728,
2025,220108,0.9959,
2025,220110,0.9955,
2025,220111,0.9806,
2025,220116,0.9911,
2025,220119,0.9982,
2025,220135,0.9858,
2025,220163,0.9975,
2025,220171,0.9955,
2025,220175,0.9893,
2025,220176,0.9946,
2025,220177,0.9943,
2025,230002,0.991,
2025,230003,0.9983,
2025,230005,0.9988,
2025,230013,1.0,
2025,230015,0.9969,
2025,230017,1.0,
2025,230019,0.9975,
2025,230020,0.988,
2025,230021,1.0,
2025,230022,0.9943,
2025,230024,0.9979,
2025,230029,0.9932,
2025,230030,0.9958,
2025,230031,0.9984,
2025,230035,0.9958,
2025,230036,1.0,
2025,230037,0.9992,
2025,230038,0.9994,
2025,230041,0.9842,
2025,230046,0.9992,
2025,230047,0.9997,
2025,230053,0.9959,
2025,230054,0.9988,
2025,230055,1.0,
2025,230058,0.9997,
2025,230059,0.9997,
2025,230066,0.9998,
2025,230069,1.0,
2025,230070,0.9946,
2025,230072,0.9999,
2025,230075,0.9995,
2025,230077,0.9994,
2025,230078,1.0,
2025,230080,0.9983,
2025,230081,0.9976,
2025,230085,1.0,
2025,230089,0.988,
2025,230092,0.9984,
2025,230093,0.9981,
2025,230095,0.9974,
2025,230097,0.9989,
2025,230099,0.9915,
2025,230100,0.9952,
2025,230104,0.9956,
2025,230105,0.9992,
2025,230108,1.0,
2025,230110,0.9992,
2025,230117,1.0,
2025,230121,0.9999,
2025,230130,0.9943,
2025,230132,0.9988,
2025,230133,0.9959,
2025,230141,0.9887,
2025,230142,0.9951,
2025,230146,0.9926,
2025,230151,0.9936,
2025,230156,0.9971,
2025,230165,0.9975,
2025,230167,0.9951,
2025,230174,0.9942,
2025,230176,0.9873,
2025,230180,0.9976,
2025,230193,0.9971,
2025,230195,0.9857,
2025,230197,0.994,
2025,230207,0.9994,
2025,230208,0.9994,
2025,230216,0.9906,
2025,230217,0.9996,
2025,230222,0.9984,
2025,230227,0.9958,
2025,230230,1.0,
2025,230236,1.0,
2025,230239,0.9934,
2025,230241,0.9984,
2025,230244,0.9904,
2025,230254,0.9909,
2025,230259,0.9945,
2025,230269,0.99,
2025,230270,0.9967,
2025,230273,0.9965,
2025,230277,0.9926,
2025,230297,1.0,
2025,230301,1.0,
2025,230302,0.9849,
2025,230303,0.9986,
2025,240001,0.9934,
2025,240002,0.9991,
2025,240004,0.9998,
2025,240006,0.9983,
2025,240010,0.9999,
2025,240014,0.9996,
2025,240018,0.9987,
2025,240019,1.0,
2025,240020,0.9978,
2025,240022,0.9998,
2025,240030,0.9996,
2025,240036,0.9996,
2025,240038,0.9981,
2025,240040,0.9999,
2025,240043,0.9971,
2025,240044,1.0,
2025,240047,0.9991,
2025,240050,0.9974,
2025,240052,0.9988,
2025,240053,0.9886,
2025,240056,1.0,
2025,240057,0.9997,
2025,240064,0.9971,
2025,240066,0.999,
2025,240069,0.999,
2025,240071,1.0,
2025,240075,0.9993,
2025,240076,1.0,
2025,240078,0.9997,
2025,240080,0.9998,
2025,240084,0.9996,
2025,240088,0.9985,
2025,240093,1.0,
2025,240100,1.0,
2025,240101,0.9993,
2025,240104,0.998,
2025,240106,0.9977,
2025,240115,0.9976,
2025,240141,0.9998,
2025,240166,1.0,
2025,240187,0.9996,
2025,240206,1.0,
2025,240207,0.9997,
2025,240210,0.9976,
2025,240213,0.9973,
2025,240214,0.9987,
2025,250001,0.999,
2025,250002,1.0,
2025,250004,0.9992,
2025,250006,0.9999,
2025,250007,0.9959,
2025,250009,0.989,
2025,250017,1.0,
2025,250018,1.0,
2025,250019,0.9934,
2025,250020,0.998,
2025,250025,0.9995,
2025,250027,0.9978,
2025,250031,0.9953,
2025,250034,0.9922,
2025,250036,1.0,
2025,250038,0.9965,
2025,250040,0.9878,
2025,250042,1.0,
2025,250043,0.999,
2025,250044,1.0,
2025,250048,0.994,
2025,250049,1.0,
2025,250050,0.9998,
2025,250057,0.9994,
2025,250058,0.9874,
2025,250061,0.9976,
2025,250067,0.9951,
2025,250069,0.9983,
2025,250072,0.9995,
2025,250077,0.9964,
2025,250078,0.9917,
2025,250082,0.991,
2025,250084,0.9983,
2025,250085,1.0,
2025,250093,0.9964,
2025,250094,0.9982,
2025,250095,1.0,
2025,250096,0.9952,
2025,250097,0.99,
2025,250099,0.9969,
2025,250100,0.997,
2025,250102,0.9946,
2025,250104,0.9957,
2025,250117,0.9822,
2025,250123,0.9968,
2025,250124,0.9973,
2025,250127,1.0,
2025,250134,1.0,
2025,250138,0.9933,
2025,250141,0.9877,
2025,250162,0.9988,
2025,250167,0.9956,
2025,250168,0.9993,
2025,250172,0.9962,
2025,260001,0.9937,
2025,260005,0.9926,
2025,260006,0.9984,
2025,260009,0.9988,
2025,260011,0.9958,
2025,260017,0.9957,
2025,260020,0.992,
2025,260022,0.9987,
2025,260023,0.9948,
2025,260024,0.9984,
2025,260025,0.9855,
2025,260027,0.9976,
2025,260032,0.9969,
2025,260034,0.9996,
2025,260040,0.9979,
2025,260047,0.9979,
2025,260048,1.0,
2025,260050,1.0,
2025,260052,0.9969,
2025,260057,0.9971,
2025,260059,1.0,
2025,260061,0.9986,
2025,260062,0.9996,
2025,260065,0.9961,
2025,260068,0.9984,
2025,260070,0.9982,
2025,260074,0.9939,
2025,260077,0.9944,
2025,260078,1.0,
2025,260081,0.9958,
2025,260085,0.9948,
2025,260091,0.9925,
2025,260094,0.9991,
2025,260095,0.9942,
2025,260096,0.9996,
2025,260097,0.9947,
2025,260102,0.9999,
2025,260104,0.9987,
2025,260105,0.9976,
2025,260108,0.994,
2025,260110,0.9973,
2025,260113,0.9998,
2025,260119,0.9999,
2025,260137,0.9994,
2025,260138,0.9996,
2025,260141,0.9977,
2025,260142,0.9973,
2025,260160,1.0,
2025,260162,0.9989,
2025,260163,0.9994,
2025,260175,1.0,
2025,260176,0.9895,
2025,260177,0.9982,
2025,260179,0.989,
2025,260180,0.9981,
2025,260183,0.9979,
2025,260186,0.9967,
2025,260190,0.9979,
2025,260191,0.9958,
2025,260193,0.989,
2025,260195,0.9966,
2025,260200,0.9981,
2025,260210,1.0,
2025,260214,0.9861,
2025,260216,0.9959,
2025,260219,1.0,
2025,270003,0.998,
2025,270004,1.0,
2025,270012,0.9988,
2025,270014,0.9968,
2025,270017,0.9937,
2025,270023,0.9999,
2025,270049,0.9994,
2025,270051,0.9994,
2025,270057,0.9996,
2025,270074,1.0,
2025,270086,0.9984,
2025,280003,0.9993,
2025,280009,0.9988,
2025,280013,0.9982,
2025,280020,0.9996,
2025,280023,0.9996,
2025,280032,1.0,
2025,280040,0.9995,
2025,280060,1.0,
2025,280061,0.9977,
2025,280065,0.9977,
2025,280077,0.9991,
2025,280081,0.9993,
2025,280105,0.9981,
2025,280111,1.0,
2025,280125,0.9986,
2025,280127,1.0,
2025,280128,1.0,
2025,280129,1.0,
2025,280130,0.9988,
2025,280131,1.0,
2025,280132,0.9972,
2025,280134,0.9995,
2025,280139,0.9979,
2025,290001,0.9996,
2025,290003,0.9951,
2025,290005,0.9982,
2025,290007,0.9971,
2025,290008,0.9986,
2025,290009,0.9993,
2025,290012,1.0,
2025,290019,0.998,
2025,290021,0.9986,
2025,290032,0.9993,
2025,290039,0.9973,
2025,290041,0.9888,
2025,290045,0.9915,
2025,290046,0.9923,
2025,290047,0.9963,
2025,290049,0.9954,
2025,290053,0.9941,
2025,290054,0.9893,
2025,290057,0.9974,
2025,290058,0.9964,
2025,290061,0.9973,
2025,300001,0.9966,
2025,300003,0.9994,
2025,300005,0.9975,
2025,300011,0.9988,
2025,300012,0.9955,
2025,300014,0.9942,
2025,300017,0.9957,
2025,300018,0.9918,
2025,300019,1.0,
2025,300020,0.9965,
2025,300023,0.9983,
2025,300029,0.9958,
2025,300034,0.9925,
2025,310001,0.9988,
2025,310002,0.9966,
2025,310003,0.9974,
2025,310005,0.986,
2025,310006,0.9934,
2025,310008,0.9985,
2025,310009,0.9995,
2025,310010,0.9892,
2025,310011,0.9899,
2025,310012,0.9989,
2025,310014,0.9966,
2025,310015,0.9999,
2025,310016,0.9984,
2025,310017,0.9998,
2025,310019,0.9988,
2025,310022,0.9919,
2025,310024,0.9979,
2025,310025,0.9943,
2025,310027,0.9961,
2025,310028,0.9992,
2025,310029,0.9962,
2025,310031,0.9909,
2025,310032,0.9804,
2025,310034,0.9853,
2025,310038,0.9801,
2025,310039,0.9956,
2025,310040,0.9972,
2025,310041,0.9771,
2025,310044,0.9951,
2025,310045,0.9885,
2025,310047,0.9949,
2025,310048,0.9883,
2025,310050,0.9892,
2025,310051,1.0,
2025,310052,0.9967,
2025,310054,0.999,
2025,310057,0.9968,
2025,310058,0.9982,
2025,310060,0.9859,
2025,310061,0.9931,
2025,310064,0.9969,
2025,310069,0.9909,
2025,310070,0.9956,
2025,310073,0.9929,
2025,310074,0.9991,
2025,310075,0.996,
2025,310076,0.9975,
2025,310083,0.9923,
2025,310084,0.9845,
2025,310086,0.9869,
2025,310092,0.9994,
2025,310096,0.9998,
2025,310108,0.9979,
2025,310110,0.9879,
2025,310111,0.9937,
2025,310112,0.9957,
2025,310113,0.9995,
2025,310115,0.9901,
2025,310118,0.9983,
2025,310119,0.9993,
2025,310130,1.0,
2025,310131,1.0,
2025,320001,1.0,
2025,320002,1.0,
2025,320004,0.9992,
2025,320005,0.9988,
2025,320006,0.9987,
2025,320009,0.9978,
2025,320011,0.9999,
2025,320017,0.9955,
2025,320018,0.9947,
2025,320021,0.9975,
2025,320022,0.9991,
2025,320030,0.9872,
2025,320033,1.0,
2025,320059,0.9999,
2025,320060,1.0,
2025,320061,1.0,
2025,320062,1.0,
2025,320063,0.9953,
2025,320065,1.0,
2025,320074,0.9988,
2025,320084,0.9991,
2025,320085,0.9971,
2025,320086,0.9983,
2025,320089,0.9991,
2025,320090,0.9989,
2025,320091,0.9966,
2025,330005,0.9971,
2025,330006,1.0,
2025,330008,0.9853,
2025,330009,0.9961,
2025,330011,0.9967,
2025,330013,0.9995,
2025,330014,0.9941,
2025,330019,0.9871,
2025,330023,0.9914,
2025,330024,0.9997,
2025,330027,0.996,
2025,330028,0.9948,
2025,330030,0.9915,
2025,330033,0.9942,
2025,330043,0.9997,
2025,330044,0.9992,
2025,330045,0.9933,
2025,330046,0.9953,
2025,330047,0.9994,
2025,330049,0.9952,
2025,330055,0.9999,
2025,330056,0.9978,
2025,330057,0.9948,
2025,330058,0.9943,
2025,330059,0.9953,
2025,330065,0.9998,
2025,330073,0.9927,
2025,330074,0.9924,
2025,330078,0.9999,
2025,330079,1.0,
2025,330080,0.9991,
2025,330085,0.9996,
2025,330086,1.0,
2025,330090,0.9975,
2025,330094,0.9946,
2025,330096,0.9972,
2025,330101,0.9993,
2025,330102,0.996,
2025,330103,0.9941,
2025,330104,0.9895,
2025,330106,0.9948,
2025,330107,0.9977,
2025,330111,0.996,
2025,330115,0.9931,
2025,330119,0.9999,
2025,330125,0.9907,
2025,330126,0.9962,
2025,330127,0.9988,
2025,330128,1.0,
2025,330135,0.9954,
2025,330136,0.9997,
2025,330140,0.9776,
2025,330141,0.9998,
2025,330144,1.0,
2025,330151,0.9964,
2025,330153,0.9951,
2025,330157,0.9971,
2025,330158,0.988,
2025,330160,0.9973,
2025,330162,0.997,
2025,330164,0.9928,
2025,330166,1.0,
2025,330169,0.994,
2025,330175,0.9941,
2025,330180,0.9995,
2025,330181,0.9996,
2025,330182,0.9957,
2025,330184,0.9966,
2025,330185,0.9976,
2025,330188,0.9938,
2025,330191,0.996,
2025,330193,0.9996,
2025,330194,0.9821,
2025,330195,0.9964,
2025,330196,0.9929,
2025,330197,0.9952,
2025,330198,0.9866,
2025,330199,1.0,
2025,330202,0.9992,
2025,330203,0.9913,
2025,330204,0.9999,
2025,330205,1.0,
2025,330208,0.9972,
2025,330211,0.9982,
2025,330214,1.0,
2025,330215,0.9981,
2025,330218,0.9989,
2025,330219,0.9998,
2025,330221,0.9985,
2025,330222,0.9975,
2025,330224,0.9993,
2025,330226,0.9893,
2025,330229,0.9983,
2025,330231,0.9955,
2025,330233,0.9992,
2025,330234,0.9989,
2025,330235,0.9913,
2025,330238,0.9974,
2025,330239,0.9988,
2025,330240,0.9976,
2025,330241,0.9978,
2025,330245,0.9978,
2025,330246,0.9991,
2025,330250,0.9982,
2025,330259,0.999,
2025,330261,0.9992,
2025,330264,0.9946,
2025,330265,0.9967,
2025,330267,1.0,
2025,330270,1.0,
2025,330273,0.9966,
2025,330276,0.9996,
2025,330277,0.9964,
2025,330279,0.9963,
2025,330285,0.9988,
2025,330286,0.9989,
2025,330304,0.9945,
2025,330307,0.9988,
2025,330331,0.9983,
2025,330332,0.9963,
2025,330350,0.9962,
2025,330386,0.9988,
2025,330393,0.9964,
2025,330394,0.9991,
2025,330395,0.9828,
2025,330396,0.9986,
2025,330399,0.9991,
2025,330401,0.9996,
2025,330411,1.0,
2025,340001,0.9998,
2025,340002,1.0,
2025,340003,0.999,
2025,340004,0.9987,
2025,340008,0.997,
2025,340010,0.9994,
2025,340013,0.9997,
2025,340014,0.9993,
2025,340015,0.9965,
2025,340016,0.992,
2025,340017,1.0,
2025,340020,0.9936,
2025,340021,0.9978,
2025,340023,1.0,
2025,340024,0.9903,
2025,340027,0.9994,
2025,340028,0.9936,
2025,340030,1.0,
2025,340032,0.9939,
2025,340039,0.995,
2025,340040,0.9946,
2025,340041,0.9983,
2025,340042,0.9957,
2025,340047,0.9967,
2025,340049,0.9963,
2025,340050,0.9913,
2025,340051,0.994,
2025,340053,0.9979,
2025,340060,0.9988,
2025,340061,0.9984,
2025,340064,0.998,
2025,340068,0.9939,
2025,340069,0.9997,
2025,340070,0.992,
2025,340071,0.9962,
2025,340073,0.9959,
2025,340075,1.0,
2025,340084,0.996,
2025,340085,0.999,
2025,340087,0.9996,
2025,340090,0.9905,
2025,340091,0.9984,
2025,340096,0.995,
2025,340097,0.9894,
2025,340098,0.9934,
2025,340099,0.9931,
2025,340107,0.9953,
2025,340109,1.0,
2025,340113,0.9992,
2025,340114,1.0,
2025,340115,0.9958,
2025,340116,0.9919,
2025,340119,0.9955,
2025,340120,0.9924,
2025,340123,0.9973,
2025,340126,0.9899,
2025,340127,1.0,
2025,340129,0.9948,
2025,340130,0.9942,
2025,340131,0.9955,
2025,340132,0.992,
2025,340141,1.0,
2025,340142,0.9736,
2025,340143,0.9997,
2025,340144,0.9981,
2025,340145,0.9979,
2025,340147,0.9983,
2025,340151,0.994,
2025,340155,0.997,
2025,340156,1.0,
2025,340158,0.9941,
2025,340159,0.994,
2025,340166,0.9996,
2025,340171,0.9966,
2025,340173,0.9994,
2025,340183,0.9908,
2025,340184,0.9981,
2025,340187,0.9991,
2025,340188,0.9922,
2025,340190,1.0,
2025,350002,0.9998,
2025,350006,0.9992,
2025,350011,1.0,
2025,350015,0.9994,
2025,350019,0.9999,
2025,350063,0.9983,
2025,350070,0.9986,
2025,360001,0.9919,
2025,360002,0.9976,
2025,360003,0.9989,
2025,360006,1.0,
2025,360008,0.9998,
2025,360009,0.9936,
2025,360010,0.9994,
2025,360011,0.9956,
2025,360012,0.997,
2025,360013,0.9997,
2025,360014,0.9995,
2025,360016,0.996,
2025,360017,0.9995,
2025,360020,0.9929,
2025,360025,0.9992,
2025,360026,0.9964,
2025,360027,0.9963,
2025,360029,0.9987,
2025,360032,1.0,
2025,360035,0.996,
2025,360036,0.9993,
2025,360039,0.9983,
2025,360040,0.9976,
2025,360041,0.9902,
2025,360044,0.9978,
2025,360046,0.9946,
2025,360048,0.9993,
2025,360051,0.9946,
2025,360054,1.0,
2025,360055,0.9977,
2025,360056,0.9948,
2025,360058,0.9968,
2025,360059,0.9992,
2025,360064,0.9952,
2025,360065,0.9959,
2025,360066,0.9973,
2025,360068,0.9996,
2025,360070,0.9926,
2025,360071,1.0,
2025,360072,0.9839,
2025,360075,0.9981,
2025,360076,0.9944,
2025,360077,0.9952,
2025,360078,0.9984,
2025,360079,0.9908,
2025,360080,0.9977,
2025,360082,0.9878,
2025,360084,1.0,
2025,360085,0.9984,
2025,360086,0.9975,
2025,360087,0.9996,
2025,360089,0.9995,
2025,360091,0.9993,
2025,360092,0.9995,
2025,360095,0.9962,
2025,360096,0.9968,
2025,360098,0.9934,
2025,360107,0.997,
2025,360109,0.9998,
2025,360112,0.9822,
2025,360118,0.9987,
2025,360121,0.997,
2025,360123,0.9987,
2025,360125,0.9882,
2025,360131,1.0,
2025,360132,0.9944,
2025,360133,0.9955,
2025,360134,0.9975,
2025,360137,0.9985,
2025,360143,0.9941,
2025,360144,0.9939,
2025,360145,0.9911,
2025,360147,0.9944,
2025,360148,0.9977,
2025,360150,0.9991,
2025,360152,0.9976,
2025,360155,0.9871,
2025,360156,1.0,
2025,360159,0.9961,
2025,360161,0.9992,
2025,360163,0.9994,
2025,360170,0.9963,
2025,360172,0.9962,
2025,360174,0.995,
2025,360175,0.9963,
2025,360179,0.9951,
2025,360180,0.9989,
2025,360185,0.9996,
2025,360189,0.9983,
2025,360197,0.9991,
2025,360203,1.0,
2025,360210,0.9986,
2025,360211,0.994,
2025,360218,0.9971,
2025,360230,0.9968,
2025,360234,0.9944,
2025,360236,0.9957,
2025,360239,0.9963,
2025,360259,0.9942,
2025,360263,0.997,
2025,360266,1.0,
2025,360270,1.0,
2025,360276,0.9943,
2025,360348,0.9988,
2025,360351,1.0,
2025,360352,1.0,
2025,360354,0.9908,
2025,360355,1.0,
2025,360358,1.0,
2025,360359,0.9906,
2025,360360,0.9904,
2025,360361,0.97,
2025,360364,0.9973,
2025,360365,0.9977,
2025,360367,1.0,
2025,360368,0.9982,
2025,370001,0.9974,
2025,370002,1.0,
2025,370004,1.0,
2025,370006,1.0,
2025,370008,0.9982,
2025,370013,0.9974,
2025,370014,0.9766,
2025,370015,0.9991,
2025,370016,0.9995,
2025,370018,1.0,
2025,370019,0.9808,
2025,370020,0.9973,
2025,370022,1.0,
2025,370023,0.9988,
2025,370025,0.9934,
2025,370026,0.9997,
2025,370028,0.9985,
2025,370034,0.998,
2025,370037,0.9996,
2025,370039,0.9982,
2025,370041,1.0,
2025,370047,0.9996,
2025,370049,0.9942,
2025,370054,0.9992,
2025,370056,0.9815,
2025,370057,1.0,
2025,370078,0.9941,
2025,370083,1.0,
2025,370089,0.9954,
2025,370091,0.9976,
2025,370093,0.9999,
2025,370094,0.9962,
2025,370097,0.9985,
2025,370099,1.0,
2025,370100,0.9976,
2025,370106,0.9999,
2025,370112,1.0,
2025,370113,0.9972,
2025,370114,0.9985,
2025,370149,0.9997,
2025,370153,0.9995,
2025,370158,0.9985,
2025,370166,1.0,
2025,370170,1.0,
2025,370171,0.997,
2025,370172,1.0,
2025,370173,1.0,
2025,370178,1.0,
2025,370180,0.9999,
2025,370183,0.997,
2025,370192,1.0,
2025,370201,0.9982,
2025,370202,0.9974,
2025,370203,0.9926,
2025,370210,1.0,
2025,370211,0.9971,
2025,370212,1.0,
2025,370214,1.0,
2025,370215,0.9987,
2025,370216,1.0,
2025,370218,0.996,
2025,370220,0.9987,
2025,370222,1.0,
2025,370225,1.0,
2025,370227,1.0,
2025,370228,1.0,
2025,370234,0.9995,
2025,370235,1.0,
2025,370236,0.9983,
2025,370237,0.9975,
2025,370240,0.9902,
2025,370243,1.0,
2025,380001,0.9999,
2025,380002,1.0,
2025,380004,0.9995,
2025,380005,0.9998,
2025,380007,0.9999,
2025,380009,0.9996,
2025,380014,0.9993,
2025,380017,0.9998,
2025,380018,0.9996,
2025,380020,1.0,
2025,380021,0.9996,
2025,380022,1.0,
2025,380025,1.0,
2025,380027,1.0,
2025,380029,1.0,
2025,380033,1.0,
2025,380037,1.0,
2025,380038,0.9976,
2025,380047,0.9996,
2025,380050,0.9982,
2025,380051,1.0,
2025,380052,0.9982,
2025,380056,0.9999,
2025,380060,0.9995,
2025,380061,0.9991,
2025,380071,0.9963,
2025,380075,0.9992,
2025,380082,0.9999,
2025,380089,0.9948,
2025,380090,0.9978,
2025,380091,0.9999,
2025,380102,0.9997,
2025,380103,1.0,
2025,390001,0.9994,
2025,390002,1.0,
2025,390003,0.9995,
2025,390004,0.993,
2025,390006,0.9969,
2025,390009,0.9984,
2025,390012,0.9936,
2025,390013,0.9993,
2025,390016,0.9957,
2025,390026,0.9982,
2025,390027,0.9948,
2025,390028,1.0,
2025,390030,0.9984,
2025,390032,0.9992,
2025,390035,0.9971,
2025,390036,0.9893,
2025,390037,0.9905,
2025,390039,0.997,
2025,390041,0.9972,
2025,390042,0.9954,
2025,390044,0.9936,
2025,390045,0.9963,
2025,390046,0.9975,
2025,390048,1.0,
2025,390049,0.9969,
2025,390050,0.9964,
2025,390056,0.9978,
2025,390057,0.9988,
2025,390058,0.9999,
2025,390062,1.0,
2025,390063,0.9951,
2025,390065,1.0,
2025,390066,0.9995,
2025,390067,0.9983,
2025,390068,0.9987,
2025,390070,0.9981,
2025,390073,0.9985,
2025,390079,1.0,
2025,390081,0.9983,
2025,390086,0.9972,
2025,390090,0.9999,
2025,390091,0.9899,
2025,390093,0.9985,
2025,390096,0.9998,
2025,390097,0.9988,
2025,390100,0.9984,
2025,390101,0.9955,
2025,390102,0.979,
2025,390104,0.9986,
2025,390107,0.9962,
2025,390110,0.9979,
2025,390111,0.9997,
2025,390112,0.9826,
2025,390113,0.9989,
2025,390114,0.9888,
2025,390115,0.9901,
2025,390116,0.9994,
2025,390117,1.0,
2025,390123,0.9969,
2025,390125,0.9974,
2025,390127,0.9887,
2025,390133,0.9905,
2025,390137,0.9966,
2025,390138,0.9985,
2025,390139,0.9908,
2025,390142,0.9968,
2025,390145,0.9843,
2025,390146,0.9971,
2025,390147,0.9966,
2025,390150,1.0,
2025,390151,1.0,
2025,390153,0.9993,
2025,390156,0.9933,
2025,390157,0.999,
2025,390160,0.9993,
2025,390162,0.9987,
2025,390163,0.9936,
2025,390164,0.999,
2025,390168,0.996,
2025,390173,0.9968,
2025,390174,0.9951,
2025,390178,0.9973,
2025,390179,0.9954,
2025,390180,0.9986,
2025,390183,0.9969,
2025,390184,1.0,
2025,390185,0.9991,
2025,390195,0.9963,
2025,390198,0.9998,
2025,390199,1.0,
2025,390201,0.9921,
2025,390203,0.9916,
2025,390204,0.9992,
2025,390211,0.9982,
2025,390217,0.9983,
2025,390219,0.9998,
2025,390222,0.9926,
2025,390223,0.9995,
2025,390225,0.9998,
2025,390226,0.998,
2025,390228,0.9974,
2025,390231,0.9931,
2025,390233,0.9959,
2025,390237,0.9926,
2025,390256,0.9988,
2025,390258,0.9908,
2025,390265,0.9926,
2025,390266,0.9999,
2025,390267,0.9971,
2025,390268,0.9996,
2025,390270,0.998,
2025,390304,0.9999,
2025,390307,1.0,
2025,390316,0.9929,
2025,390322,1.0,
2025,390323,1.0,
2025,390324,1.0,
2025,390325,1.0,
2025,390326,0.9979,
2025,390327,1.0,
2025,390328,0.9993,
2025,390329,0.9917,
2025,390330,0.9914,
2025,390332,0.9961,
2025,390333,1.0,
2025,390334,0.9993,
2025,390335,0.9945,
2025,390336,0.9966,
2025,390337,1.0,
2025,390338,1.0,
2025,390339,0.9987,
2025,410004,1.0,
2025,410005,1.0,
2025,410006,1.0,
2025,410007,0.9979,
2025,410008,0.9951,
2025,410009,0.9925,
2025,410011,0.9925,
2025,410012,0.9989,
2025,410013,0.9999,
2025,420002,0.9975,
2025,420004,0.9983,
2025,420005,0.9947,
2025,420007,0.9968,
2025,420009,0.9959,
2025,420010,0.9922,
2025,420011,1.0,
2025,420015,0.9998,
2025,420018,0.9999,
2025,420019,0.9991,
2025,420020,0.9928,
2025,420023,0.9993,
2025,420026,0.9988,
2025,420027,0.9988,
2025,420030,0.994,
2025,420033,1.0,
2025,420036,0.9988,
2025,420037,0.9994,
2025,420038,0.9975,
2025,420043,0.9968,
2025,420048,0.9999,
2025,420049,0.995,
2025,420051,0.9895,
2025,420053,0.9999,
2025,420055,0.9987,
2025,420065,0.9989,
2025,420067,0.9957,
2025,420070,0.9988,
2025,420071,0.9977,
2025,420072,1.0,
2025,420073,0.996,
2025,420078,0.9942,
2025,420079,0.9925,
2025,420080,0.9916,
2025,420082,0.9954,
2025,420085,0.9967,
2025,420086,0.9997,
2025,420087,0.9973,
2025,420089,0.9975,
2025,420091,0.9969,
2025,420098,0.9954,
2025,420101,1.0,
2025,420102,1.0,
2025,420103,0.999,
2025,420104,0.9926,
2025,420105,0.9992,
2025,420106,0.9999,
2025,420107,0.9899,
2025,420108,1.0,
2025,420109,0.9984,
2025,420110,0.9991,
2025,430005,0.9992,
2025,430008,1.0,
2025,430012,1.0,
2025,430014,1.0,
2025,430015,1.0,
2025,430016,0.9998,
2025,430027,0.9995,
2025,430048,0.9991,
2025,430077,0.9998,
2025,430084,1.0,
2025,430089,0.9929,
2025,430090,0.9958,
2025,430091,1.0,
2025,430095,1.0,
2025,430097,0.9997,
2025,430098,1.0,
2025,440001,1.0,
2025,440002,0.9983,
2025,440003,0.9991,
2025,440006,0.9958,
2025,440007,0.9979,
2025,440008,1.0,
2025,440009,0.9986,
2025,440010,1.0,
2025,440011,0.9972,
2025,440012,0.9887,
2025,440015,0.9988,
2025,440016,0.9984,
2025,440017,0.9998,
2025,440018,0.98,
2025,440020,0.9988,
2025,440029,1.0,
2025,440030,0.989,
2025,440031,0.9994,
2025,440032,1.0,
2025,440033,1.0,
2025,440034,0.9972,
2025,440035,0.9888,
2025,440039,0.9988,
2025,440046,0.9997,
2025,440048,0.9924,
2025,440049,0.9984,
2025,440050,0.9893,
2025,440053,0.9955,
2025,440056,0.9962,
2025,440057,1.0,
2025,440058,0.9938,
2025,440059,0.9846,
2025,440060,0.9998,
2025,440061,1.0,
2025,440063,0.9889,
2025,440065,0.9968,
2025,440068,0.9997,
2025,440072,0.9985,
2025,440073,0.9963,
2025,440081,1.0,
2025,440082,1.0,
2025,440084,0.9942,
2025,440091,0.9984,
2025,440102,1.0,
2025,440104,0.9976,
2025,440109,0.9967,
2025,440110,0.9984,
2025,440111,1.0,
2025,440120,0.9946,
2025,440125,0.9939,
2025,440130,1.0,
2025,440131,0.9998,
2025,440132,0.9996,
2025,440137,1.0,
2025,440144,0.9991,
2025,440148,1.0,
2025,440150,0.9953,
2025,440151,0.9991,
2025,440152,1.0,
2025,440153,1.0,
2025,440156,0.9987,
2025,440161,0.9973,
2025,440173,0.9838,
2025,440175,0.9995,
2025,440176,0.9939,
2025,440183,0.9965,
2025,440184,0.9976,
2025,440185,0.9926,
2025,440187,0.9968,
2025,440192,0.9996,
2025,440193,0.995,
2025,440194,0.9972,
2025,440197,0.9992,
2025,440200,0.9992,
2025,440218,1.0,
2025,440227,0.9937,
2025,440228,0.9982,
2025,450002,0.9984,
2025,450007,0.9997,
2025,450010,0.997,
2025,450011,0.9947,
2025,450015,0.9997,
2025,450018,0.9867,
2025,450021,0.9965,
2025,450023,0.9972,
2025,450024,0.9985,
2025,450028,0.9982,
2025,450029,0.9996,
2025,450032,0.9902,
2025,450033,0.9951,
2025,450034,0.9965,
2025,450035,0.9989,
2025,450039,1.0,
2025,450040,0.9998,
2025,450042,0.9979,
2025,450044,0.998,
2025,450046,0.9995,
2025,450051,0.9997,
2025,450054,0.9955,
2025,450055,0.999,
2025,450056,0.9965,
2025,450058,0.9971,
2025,450064,0.9953,
2025,450068,0.9999,
2025,450072,0.9881,
2025,450079,0.9909,
2025,450080,0.9991,
2025,450082,0.9991,
2025,450083,0.9861,
2025,450087,0.9906,
2025,450090,0.9939,
2025,450092,1.0,
2025,450097,0.9993,
2025,450101,0.9993,
2025,450102,0.9982,
2025,450104,0.9825,
2025,450107,0.9919,
2025,450108,0.9981,
2025,450119,0.9969,
2025,450124,0.9987,
2025,450128,1.0,
2025,450132,0.997,
2025,450133,0.9984,
2025,450135,0.9998,
2025,450137,0.9967,
2025,450143,1.0,
2025,450144,0.9977,
2025,450147,0.9992,
2025,450148,0.9973,
2025,450152,0.9921,
2025,450154,0.9984,
2025,450155,1.0,
2025,450162,1.0,
2025,450163,0.9977,
2025,450165,0.9994,
2025,450176,0.9891,
2025,450184,0.995,
2025,450193,0.9999,
2025,450194,0.9969,
2025,450196,0.9962,
2025,450200,0.9952,
2025,450203,0.9871,
2025,450209,0.9992,
2025,450210,0.9916,
2025,450211,0.9929,
2025,450213,0.9991,
2025,450222,0.9949,
2025,450229,0.9908,
2025,450231,0.9945,
2025,450235,0.9995,
2025,450236,1.0,
2025,450237,0.9952,
2025,450241,0.9986,
2025,450253,1.0,
2025,450271,0.9931,
2025,450272,0.9979,
2025,450289,0.9998,
2025,450292,1.0,
2025,450324,0.9946,
2025,450330,0.9995,
2025,450346,0.9988,
2025,450347,0.9936,
2025,450351,0.9971,
2025,450352,0.9927,
2025,450358,0.9973,
2025,450369,0.9957,
2025,450370,1.0,
2025,450372,0.9996,
2025,450379,0.9966,
2025,450388,0.9978,
2025,450389,0.9962,
2025,450395,0.9962,
2025,450399,1.0,
2025,450400,0.993,
2025,450403,0.9913,
2025,450411,1.0,
2025,450419,1.0,
2025,450422,1.0,
2025,450424,0.9996,
2025,450431,0.9974,
2025,450447,0.9948,
2025,450451,1.0,
2025,450460,0.9999,
2025,450462,1.0,
2025,450465,1.0,
2025,450469,0.9981,
2025,450475,0.9981,
2025,450484,0.9975,
2025,450489,0.9998,
2025,450498,0.9995,
2025,450508,0.9908,
2025,450518,0.9929,
2025,450537,0.9985,
2025,450539,0.9992,
2025,450563,0.9988,
2025,450565,0.9986,
2025,450571,0.9948,
2025,450573,0.9999,
2025,450584,0.9975,
2025,450587,0.9867,
2025,450596,0.9999,
2025,450597,1.0,
2025,450604,1.0,
2025,450610,1.0,
2025,450617,0.9898,
2025,450634,0.9925,
2025,450638,0.9986,
2025,450639,0.9938,
2025,450641,0.999,
2025,450643,0.9949,
2025,450644,0.9993,
2025,450647,0.9967,
2025,450651,0.997,
2025,450653,0.9942,
2025,450654,1.0,
2025,450656,0.9997,
2025,450658,1.0,
2025,450659,0.9957,
2025,450661,0.9965,
2025,450662,0.9983,
2025,450668,0.9935,
2025,450669,0.9955,
2025,450670,0.9879,
2025,450672,0.9968,
2025,450675,0.9901,
2025,450677,0.9939,
2025,450678,0.9989,
2025,450684,0.9965,
2025,450686,0.999,
2025,450688,0.9972,
2025,450690,1.0,
2025,450694,0.9946,
2025,450698,1.0,
2025,450702,0.9928,
2025,450709,0.9945,
2025,450711,0.9986,
2025,450713,0.9975,
2025,450718,0.9987,
2025,450723,0.9981,
2025,450730,0.9973,
2025,450742,0.9949,
2025,450743,0.9997,
2025,450747,0.9981,
2025,450755,1.0,
2025,450771,0.9959,
2025,450774,0.97,
2025,450775,0.9932,
2025,450779,0.9943,
2025,450788,0.9985,
2025,450801,0.9969,
2025,450804,1.0,
2025,450808,1.0,
2025,450809,0.9957,
2025,450820,0.9912,
2025,450822,0.9982,
2025,450825,1.0,
2025,450827,1.0,
2025,450828,0.9996,
2025,450831,1.0,
2025,450833,0.9989,
2025,450834,1.0,
2025,450840,0.9989,
2025,450844,0.9913,
2025,450847,0.9991,
2025,450848,0.9987,
2025,450851,0.9963,
2025,450853,0.9835,
2025,450855,0.9991,
2025,450856,1.0,
2025,450860,1.0,
2025,450862,0.9933,
2025,450864,1.0,
2025,450865,1.0,
2025,450867,0.9955,
2025,450869,0.9962,
2025,450871,1.0,
2025,450872,1.0,
2025,450874,0.9909,
2025,450875,1.0,
2025,450876,0.9835,
2025,450880,0.9952,
2025,450883,1.0,
2025,450885,0.9987,
2025,450888,1.0,
2025,450889,1.0,
2025,450890,0.9977,
2025,450891,1.0,
2025,450893,0.9882,
2025,460001,1.0,
2025,460003,0.9937,
2025,460004,1.0,
2025,460005,0.9984,
2025,460006,0.9997,
2025,460007,1.0,
2025,460009,0.9998,
2025,460010,1.0,
2025,460011,0.9988,
2025,460013,0.9837,
2025,460014,0.9956,
2025,460015,1.0,
2025,460017,1.0,
2025,460019,0.9961,
2025,460021,0.9966,
2025,460023,1.0,
2025,460026,1.0,
2025,460030,1.0,
2025,460039,1.0,
2025,460041,0.9989,
2025,460042,0.9974,
2025,460044,0.9922,
2025,460047,0.9988,
2025,460049,1.0,
2025,460051,0.9998,
2025,460052,0.9991,
2025,460054,1.0,
2025,460057,1.0,
2025,460058,0.9988,
2025,460060,0.9997,
2025,460061,1.0,
2025,460062,1.0,
2025,470001,0.987,
2025,470003,0.9983,
2025,470005,0.9941,
2025,470011,0.9961,
2025,470012,0.9971,
2025,470024,0.9982,
2025,490002,0.99,
2025,490004,1.0,
2025,490005,0.9976,
2025,490007,0.9991,
2025,490009,0.9998,
2025,490013,0.9934,
2025,490017,0.9983,
2025,490018,1.0,
2025,490019,0.9974,
2025,490020,0.9972,
2025,490021,1.0,
2025,490022,0.9758,
2025,490023,0.9916,
2025,490024,1.0,
2025,490032,0.998,
2025,490033,1.0,
2025,490037,1.0,
2025,490038,1.0,
2025,490040,0.9967,
2025,490041,0.9889,
2025,490042,0.9942,
2025,490043,0.9991,
2025,490044,0.9958,
2025,490045,0.9978,
2025,490046,0.9958,
2025,490048,0.9852,
2025,490050,0.9982,
2025,490052,0.9982,
2025,490053,0.9926,
2025,490057,0.9975,
2025,490059,0.9971,
2025,490060,0.9987,
2025,490063,0.9995,
2025,490066,0.998,
2025,490067,0.9906,
2025,490069,0.9959,
2025,490075,0.9961,
2025,490077,1.0,
2025,490084,0.9999,
2025,490088,0.9959,
2025,490089,1.0,
2025,490090,1.0,
2025,490092,0.9983,
2025,490093,0.9933,
2025,490094,1.0,
2025,490097,1.0,
2025,490098,1.0,
2025,490101,0.9971,
2025,490104,1.0,
2025,490107,0.9942,
2025,490110,0.9908,
2025,490111,1.0,
2025,490112,0.9948,
2025,490113,0.9918,
2025,490114,0.9994,
2025,490115,0.9974,
2025,490116,0.9995,
2025,490117,0.9987,
2025,490118,0.9949,
2025,490119,0.9985,
2025,490120,0.9964,
2025,490122,0.9966,
2025,490126,0.9998,
2025,490127,0.9955,
2025,490130,0.9954,
2025,490136,0.9992,
2025,490140,0.9887,
2025,490141,0.9889,
2025,490143,0.9996,
2025,490144,0.9994,
2025,490145,1.0,
2025,500002,0.9998,
2025,500003,0.9997,
2025,500005,0.9997,
2025,500007,1.0,
2025,500008,0.9987,
2025,500011,0.9989,
2025,500014,0.9967,
2025,500015,0.9957,
2025,500016,1.0,
2025,500019,1.0,
2025,500021,0.9999,
2025,500024,0.9985,
2025,500025,1.0,
2025,500026,0.9984,
2025,500027,0.9998,
2025,500030,1.0,
2025,500031,1.0,
2025,500033,0.9993,
2025,500036,0.9997,
2025,500037,1.0,
2025,500039,1.0,
2025,500041,0.9998,
2025,500044,0.9991,
2025,500050,0.9983,
2025,500051,0.9962,
2025,500052,1.0,
2025,500053,0.9959,
2025,500054,1.0,
2025,500058,0.9983,
2025,500060,1.0,
2025,500064,1.0,
2025,500072,1.0,
2025,500077,1.0,
2025,500079,0.9935,
2025,500084,0.9998,
2025,500088,0.9991,
2025,500108,0.9981,
2025,500119,1.0,
2025,500124,1.0,
2025,500129,0.991,
2025,500139,0.9935,
2025,500141,0.9989,
2025,500150,0.998,
2025,500151,0.9998,
2025,500152,0.9997,
2025,500154,1.0,
2025,510001,0.9966,
2025,510002,0.9997,
2025,510006,0.9946,
2025,510007,0.9927,
2025,510008,0.9985,
2025,510012,0.9954,
2025,510013,0.9972,
2025,510022,0.9954,
2025,510023,0.9958,
2025,510024,0.9973,
2025,510029,0.9918,
2025,510030,1.0,
2025,510031,1.0,
2025,510038,0.9957,
2025,510046,0.998,
2025,510048,1.0,
2025,510050,0.9836,
2025,510055,0.9981,
2025,510058,0.9904,
2025,510062,0.9922,
2025,510070,0.9927,
2025,510072,1.0,
2025,510086,1.0,
2025,510091,1.0,
2025,510093,1.0,
2025,520002,0.9982,
2025,520004,1.0,
2025,520008,0.9983,
2025,520009,1.0,
2025,520011,0.9975,
2025,520019,0.9997,
2025,520021,0.9965,
2025,520028,0.9984,
2025,520030,0.9999,
2025,520033,0.9984,
2025,520034,1.0,
2025,520035,0.9999,
2025,520037,0.9956,
2025,520038,0.9991,
2025,520041,0.9997,
2025,520044,1.0,
2025,520045,1.0,
2025,520049,1.0,
2025,520051,0.9966,
2025,520057,1.0,
2025,520059,1.0,
2025,520062,0.9966,
2025,520063,0.9985,
2025,520066,0.9957,
2025,520070,0.9984,
2025,520071,1.0,
2025,520075,1.0,
2025,520076,1.0,
2025,520078,0.9998,
2025,520083,0.9993,
2025,520087,0.9997,
2025,520088,0.9991,
2025,520089,0.9977,
2025,520091,0.9998,
2025,520095,0.9995,
2025,520096,0.9946,
2025,520097,1.0,
2025,520098,0.9978,
2025,520100,1.0,
2025,520102,0.9997,
2025,520103,0.9881,
2025,520107,0.993,
2025,520109,1.0,
2025,520113,0.9853,
2025,520116,0.9917,
2025,520136,0.9982,
2025,520138,0.999,
2025,520139,0.999,
2025,520160,1.0,
2025,520177,0.9963,
2025,520189,0.9983,
2025,520193,0.9985,
2025,520194,1.0,
2025,520196,1.0,
2025,520198,1.0,
2025,520202,0.9999,
2025,520205,0.9743,
2025,520206,0.9997,
2025,520207,0.9948,
2025,520208,0.9979,
2025,520210,1.0,
2025,520212,0.9996,
2025,520213,1.0,
2025,520214,1.0,
2025,520215,1.0,
2025,530002,0.9992,
2025,530006,0.9995,
2025,530008,0.9854,
2025,530011,0.9998,
2025,530012,1.0,
2025,530014,0.9984,
2025,530015,1.0,
2025,530025,1.0,
2025,530032,0.9981,
2025,530034,1.0,
2025,670005,0.97,
2025,670006,0.9923,
2025,670008,1.0,
2025,670023,0.998,
2025,670025,1.0,
2025,670031,0.9984,
2025,670034,0.9977,
2025,670041,1.0,
2025,670043,0.9958,
2025,670044,0.9996,
2025,670047,0.9983,
2025,670049,1.0,
2025,670053,0.9982,
2025,670054,0.9888,
2025,670055,0.9993,
2025,670056,0.9943,
2025,670059,1.0,
2025,670060,0.9966,
2025,670062,0.9976,
2025,670067,1.0,
2025,670068,0.9982,
2025,670069,0.9816,
2025,670071,0.9958,
2025,670073,0.9884,
2025,670075,0.9968,
2025,670076,0.97,
2025,670077,0.9985,
2025,670078,1.0,
2025,670080,0.9937,
2025,670082,0.9974,
2025,670085,0.9994,
2025,670088,0.9918,
2025,670090,0.9864,
2025,670098,0.9966,
2025,670102,1.0,
2025,670103,0.9992,
2025,670106,0.9962,
2025,670107,1.0,
2025,670108,0.9986,
2025,670109,1.0,
2025,670112,1.0,
2025,670115,1.0,
2025,670120,0.9889,
2025,670121,1.0,
2025,670122,0.9954,
2025,670124,1.0,
2025,670128,0.9989,
2025,670131,1.0,
2025,670132,1.0,
2025,670134,1.0,
2025,670135,1.0,
2025,670136,0.9987,
2025,670143,1.0,
2025,670259,1.0,
2025,670260,0.9998,
2025,670265,1.0,
2025,670266,1.0,
2025,670267,1.0,
2025,670280,1.0,
2025,670285,1.0,
2025,670300,0.9976,
2025,670309,0.9997,
2025,670314,1.0,
2026,010001,0.9988,
2026,010005,0.9995,
2026,010006,0.9988,
2026,010007,0.9946,
2026,010008,0.9996,
2026,010011,0.9941,
2026,010012,0.9922,
2026,010016,0.9949,
2026,010019,0.9962,
2026,010021,0.9993,
2026,010022,1.0,
2026,010023,0.995,
2026,010024,0.9979,
2026,010029,0.9976,
2026,010033,0.9895,
2026,010034,1.0,
2026,010035,0.9987,
2026,010036,0.993,
2026,010039,0.9997,
2026,010040,0.9931,
2026,010044,0.9979,
2026,010045,0.9986,
2026,010046,0.9856,
2026,010049,0.9991,
2026,010052,0.9978,
2026,010055,0.9828,
2026,010056,0.992,
2026,010058,1.0,
2026,010059,0.9976,
2026,010061,0.9998,
2026,010062,1.0,
2026,010065,0.9992,
2026,010073,1.0,
2026,010078,0.9861,
2026,010079,0.9913,
2026,010083,0.9934,
2026,010085,1.0,
2026,010086,0.9995,
2026,010087,0.9998,
2026,010089,0.9983,
2026,010090,0.9927,
2026,010091,1.0,
2026,010092,0.9929,
2026,010095,1.0,
2026,010097,0.9984,
2026,010099,0.9988,
2026,010100,0.9926,
2026,010101,0.9937,
2026,010102,1.0,
2026,010103,0.996,
2026,010104,0.995,
2026,010108,0.9966,
2026,010112,0.9987,
2026,010113,0.9968,
2026,010114,1.0,
2026,010118,0.9962,
2026,010120,0.9955,
2026,010125,0.9994,
2026,010126,0.9974,
2026,010128,1.0,
2026,010129,0.9983,
2026,010130,0.9928,
2026,010131,0.9912,
2026,010139,0.9998,
2026,010144,0.9984,
2026,010148,0.9976,
2026,010149,0.9914,
2026,010150,1.0,
2026,010157,1.0,
2026,010158,0.9872,
2026,010164,0.9904,
2026,010168,0.9981,
2026,010169,0.9969,
2026,010173,1.0,
2026,020001,1.0,
2026,020006,0.9979,
2026,020008,0.9986,
2026,020012,0.9992,
2026,020017,0.988,
2026,020018,1.0,
2026,020024,0.9884,
2026,020026,0.9995,
2026,030002,0.9988,
2026,030006,0.9895,
2026,030007,0.9989,
2026,030010,0.9984,
2026,030011,0.9989,
2026,030012,0.9936,
2026,030013,0.9962,
2026,030014,0.9987,
2026,030016,0.9888,
2026,030022,0.9992,
2026,030023,0.9982,
2026,030024,0.9992,
2026,030030,0.9996,
2026,030036,0.9974,
2026,030037,1.0,
2026,030038,0.9971,
2026,030043,0.993,
2026,030055,0.9985,
2026,030061,0.9915,
2026,030062,0.9995,
2026,030064,1.0,
2026,030065,0.9943,
2026,030069,0.9966,
2026,030071,0.9987,
2026,030073,1.0,
2026,030074,1.0,
2026,030078,1.0,
2026,030083,0.9999,
2026,030084,0.9965,
2026,030085,0.9988,
2026,030087,0.9924,
2026,030088,0.9998,
2026,030089,0.999,
2026,030092,0.9943,
2026,030093,0.9925,
2026,030094,0.9973,
2026,030101,0.9991,
2026,030103,0.9985,
2026,030105,0.9923,
2026,030107,1.0,
2026,030108,0.9996,
2026,030110,0.998,
2026,030111,0.9996,
2026,030112,0.97,
2026,030113,1.0,
2026,030114,0.9997,
2026,030115,0.9992,
2026,030117,0.9999,
2026,030119,0.996,
2026,030121,0.9962,
2026,030122,0.9998,
2026,030123,0.9928,
2026,030130,0.9971,
2026,030134,0.999,
2026,030136,1.0,
2026,030138,1.0,
2026,030139,0.9999,
2026,030146,0.9908,
2026,030147,0.9848,
2026,030148,0.9939,
2026,030152,1.0,
2026,030153,1.0,
2026,030154,1.0,
2026,040001,0.9989,
2026,040002,0.9911,
2026,040004,1.0,
2026,040007,0.999,
2026,040010,0.9974,
2026,040011,0.9984,
2026,040014,0.991,
2026,040016,0.9997,
2026,040017,0.9967,
2026,040018,1.0,
2026,040019,1.0,
2026,040020,0.9907,
2026,040022,1.0,
2026,040026,0.9949,
2026,040027,0.9837,
2026,040029,0.9987,
2026,040036,0.9957,
2026,040039,1.0,
2026,040041,0.9989,
2026,040050,0.9964,
2026,040051,0.9903,
2026,040055,0.9931,
2026,040062,0.9973,
2026,040067,0.999,
2026,040069,0.9944,
2026,040071,0.9978,
2026,040072,0.9968,
2026,040076,1.0,
2026,040078,0.994,
2026,040084,0.9954,
2026,040088,0.9997,
2026,040114,0.9972,
2026,040118,0.991,
2026,040119,0.9976,
2026,040134,0.9951,
2026,040137,0.9997,
2026,040147,1.0,
2026,040153,1.0,
2026,040154,0.9955,
2026,040156,0.9998,
2026,040161,0.9935,
2026,040164,1.0,
2026,050002,0.9811,
2026,050006,0.9998,
2026,050007,0.9984,
2026,050008,1.0,
2026,050009,0.9998,
2026,050013,0.9979,
2026,050014,0.9983,
2026,050017,0.994,
2026,050022,0.9942,
2026,050024,0.996,
2026,050025,0.9994,
2026,050026,0.9963,
2026,050028,0.9996,
2026,050030,0.97,
2026,050036,0.9977,
2026,050038,0.9994,
2026,050039,0.9898,
2026,050040,0.9997,
2026,050042,1.0,
2026,050043,1.0,
2026,050045,0.9998,
2026,050047,0.9965,
2026,050054,1.0,
2026,050055,0.9988,
2026,050056,0.9989,
2026,050057,0.9978,
2026,050058,0.992,
2026,050060,0.9958,
2026,050063,0.9926,
2026,050067,0.9983,
2026,050069,0.9998,
2026,050070,1.0,
2026,050071,0.9993,
2026,050072,1.0,
2026,050073,0.9999,
2026,050075,0.9962,
2026,050076,1.0,
2026,050077,0.9966,
2026,050078,1.0,
2026,050082,0.9998,
2026,050084,0.9946,
2026,050089,0.9994,
2026,050090,0.9997,
2026,050091,0.9905,
2026,050093,0.9855,
2026,050099,0.9995,
2026,050100,0.9991,
2026,050101,0.9993,
2026,050102,0.9985,
2026,050103,0.9971,
2026,050104,0.9974,
2026,050107,0.9953,
2026,050108,0.9997,
2026,050110,0.9936,
2026,050112,0.9937,
2026,050113,0.9996,
2026,050115,0.9966,
2026,050116,0.9967,
2026,050118,0.9914,
2026,050121,0.9983,
2026,050122,0.9999,
2026,050124,0.9964,
2026,050125,0.9782,
2026,050126,0.9924,
2026,050127,0.9987,
2026,050128,0.9971,
2026,050129,0.9947,
2026,050131,0.9998,
2026,050132,0.9932,
2026,050133,0.9922,
2026,050135,0.9948,
2026,050136,1.0,
2026,050137,1.0,
2026,050138,0.9992,
2026,050139,1.0,
2026,050140,0.9998,
2026,050145,0.9981,
2026,050149,0.998,
2026,050150,0.9962,
2026,050152,0.9974,
2026,050158,0.9978,
2026,050159,0.999,
2026,050167,0.9991,
2026,050168,0.9956,
2026,050169,0.9951,
2026,050174,0.9988,
2026,050179,0.9914,
2026,050180,0.9987,
2026,050191,0.9999,
2026,050192,1.0,
2026,050194,0.9976,
2026,050195,0.9918,
2026,050197,0.9982,
2026,050204,0.9989,
2026,050211,0.9976,
2026,050222,0.9955,
2026,050224,1.0,
2026,050226,0.9959,
2026,050228,0.9938,
2026,050230,0.9828,
2026,050231,0.9992,
2026,050232,0.9995,
2026,050234,1.0,
2026,050235,0.989,
2026,050236,0.9869,
2026,050238,0.9987,
2026,050239,0.9865,
2026,050242,0.9959,
2026,050243,0.9964,
2026,050245,1.0,
2026,050248,0.9999,
2026,050254,1.0,
2026,050257,1.0,
2026,050261,0.9974,
2026,050262,0.9999,
2026,050272,1.0,
2026,050276,0.9994,
2026,050278,0.9951,
2026,050279,0.9999,
2026,050280,0.9964,
2026,050281,0.9971,
2026,050283,0.9985,
2026,050289,0.998,
2026,050290,0.9981,
2026,050291,0.9994,
2026,050292,0.9979,
2026,050295,0.9999,
2026,050298,1.0,
2026,050300,0.9958,
2026,050301,1.0,
2026,050305,1.0,
2026,050308,0.9953,
2026,050309,0.9994,
2026,050313,0.9995,
2026,050315,1.0,
2026,050320,0.9972,
2026,050324,0.9985,
2026,050327,1.0,
2026,050329,0.995,
2026,050334,0.9942,
2026,050335,1.0,
2026,050336,0.9913,
2026,050342,0.9996,
2026,050348,0.9993,
2026,050350,0.9988,
2026,050351,0.9945,
2026,050352,0.9996,
2026,050353,0.9992,
2026,050357,1.0,
2026,050360,0.9998,
2026,050367,0.9975,
2026,050373,0.9992,
2026,050376,0.9995,
2026,050378,1.0,
2026,050380,0.9892,
2026,050382,0.988,
2026,050390,0.9973,
2026,050393,0.9962,
2026,050394,0.9999,
2026,050396,0.9981,
2026,050407,0.9959,
2026,050411,1.0,
2026,050414,0.9963,
2026,050417,1.0,
2026,050424,1.0,
2026,050425,1.0,
2026,050426,0.9849,
2026,050438,0.9945,
2026,050441,0.9988,
2026,050444,0.9954,
2026,050454,0.9994,
2026,050455,0.9975,
2026,050457,0.9982,
2026,050464,0.9864,
2026,050468,0.9923,
2026,050471,0.9922,
2026,050481,0.9839,
2026,050485,0.9977,
2026,050488,0.9995,
2026,050492,0.9987,
2026,050496,0.9946,
2026,050498,0.9999,
2026,050503,0.9955,
2026,050506,0.9978,
2026,050510,1.0,
2026,050512,1.0,
2026,050515,1.0,
2026,050516,0.9964,
2026,050517,0.9949,
2026,050523,0.9992,
2026,050526,0.9967,
2026,050528,0.9991,
2026,050534,0.9917,
2026,050537,1.0,
2026,050541,1.0,
2026,050549,0.9941,
2026,050551,0.9966,
2026,050557,0.9956,
2026,050561,0.9998,
2026,050567,0.9976,
2026,050570,0.9973,
2026,050573,0.9974,
2026,050580,0.9971,
2026,050581,0.9966,
2026,050586,0.9999,
2026,050588,0.981,
2026,050589,0.998,
2026,050590,0.9966,
2026,050597,1.0,
2026,050599,0.9983,
2026,050603,0.9997,
2026,050604,1.0,
2026,050608,0.9975,
2026,050609,0.9997,
2026,050624,0.9962,
2026,050625,0.9999,
2026,050633,0.9947,
2026,050636,0.9988,
2026,050641,1.0,
2026,050663,0.9989,
2026,050668,0.9867,
2026,050674,0.9992,
2026,050677,1.0,
2026,050678,0.9979,
2026,050684,0.9979,
2026,050686,1.0,
2026,050689,0.9988,
2026,050690,1.0,
2026,050696,0.9992,
2026,050697,0.9867,
2026,050701,0.9978,
2026,050704,0.998,
2026,050708,1.0,
2026,050709,0.9862,
2026,050710,1.0,
2026,050714,1.0,
2026,050717,1.0,
2026,050723,0.9997,
2026,050726,1.0,
2026,050735,0.9922,
2026,050736,0.9975,
2026,050737,0.9923,
2026,050738,0.9996,
2026,050739,0.987,
2026,050740,0.998,
2026,050744,1.0,
2026,050745,0.9969,
2026,050746,0.9985,
2026,050747,0.9978,
2026,050748,1.0,
2026,050755,0.9875,
2026,050758,0.9831,
2026,050760,0.9973,
2026,050761,0.9943,
2026,050763,0.9989,
2026,050764,0.9843,
2026,050765,1.0,
2026,050766,0.97,
2026,050767,1.0,
2026,050769,1.0,
2026,050770,0.995,
2026,050771,0.9996,
2026,050772,1.0,
2026,050775,0.9975,
2026,050776,0.9997,
2026,050777,0.9996,
2026,050779,0.9985,
2026,050780,1.0,
2026,050782,1.0,
2026,050783,0.9992,
2026,050784,0.9988,
2026,050785,1.0,
2026,050855,1.0,
2026,060001,0.9996,
2026,060003,0.9978,
2026,060004,1.0,
2026,060006,0.9997,
2026,060008,1.0,
2026,060009,1.0,
2026,060010,1.0,
2026,060011,1.0,
2026,060012,1.0,
2026,060013,1.0,
2026,060014,0.9992,
2026,060015,0.9991,
2026,060020,0.9989,
2026,060022,1.0,
2026,060023,1.0,
2026,060024,0.9998,
2026,060027,0.9981,
2026,060028,1.0,
2026,060030,1.0,
2026,060031,0.9948,
2026,060032,0.9897,
2026,060034,0.9992,
2026,060044,1.0,
2026,060049,1.0,
2026,060054,1.0,
2026,060064,0.9977,
2026,060065,0.9962,
2026,060071,0.9995,
2026,060075,1.0,
2026,060076,0.9984,
2026,060096,0.9995,
2026,060100,0.9978,
2026,060103,1.0,
2026,060104,0.9998,
2026,060107,1.0,
2026,060112,0.9934,
2026,060113,0.9958,
2026,060114,1.0,
2026,060116,0.9992,
2026,060117,1.0,
2026,060118,1.0,
2026,060119,0.9997,
2026,060124,1.0,
2026,060125,0.9985,
2026,060126,1.0,
2026,060128,1.0,
2026,060129,1.0,
2026,060130,1.0,
2026,060131,1.0,
2026,060132,1.0,
2026,060133,1.0,
2026,070002,0.9967,
2026,070003,0.9872,
2026,070004,0.9987,
2026,070005,0.9963,
2026,070006,0.9995,
2026,070007,1.0,
2026,070008,0.9982,
2026,070010,0.9907,
2026,070011,0.9892,
2026,070012,1.0,
2026,070016,0.9997,
2026,070017,0.9938,
2026,070018,0.9942,
2026,070020,0.9855,
2026,070021,0.9984,
2026,070022,0.9996,
2026,070024,0.9986,
2026,070025,0.9919,
2026,070027,0.9987,
2026,070028,0.9965,
2026,070029,0.9939,
2026,070031,1.0,
2026,070033,0.9967,
2026,070034,0.9952,
2026,070035,0.9986,
2026,070036,0.9991,
2026,080001,0.9999,
2026,080003,0.9998,
2026,080004,0.9923,
2026,080006,1.0,
2026,080007,0.9982,
2026,080009,1.0,
2026,090001,0.9998,
2026,090003,0.9943,
2026,090004,0.9998,
2026,090005,0.9993,
2026,090008,1.0,
2026,090011,0.999,
2026,100001,0.9989,
2026,100002,0.9957,
2026,100006,0.9964,
2026,100007,0.9839,
2026,100008,0.9959,
2026,100012,1.0,
2026,100014,0.9992,
2026,100017,0.9938,
2026,100018,0.9955,
2026,100019,1.0,
2026,100022,0.999,
2026,100023,0.9971,
2026,100025,0.996,
2026,100026,0.9987,
2026,100028,0.9956,
2026,100029,0.9978,
2026,100030,0.9954,
2026,100032,0.9979,
2026,100034,0.9986,
2026,100035,0.9961,
2026,100038,0.9943,
2026,100039,0.9977,
2026,100040,0.9943,
2026,100043,0.9968,
2026,100044,0.9894,
2026,100045,0.9964,
2026,100046,0.9987,
2026,100047,0.9897,
2026,100049,0.9933,
2026,100050,1.0,
2026,100051,0.9896,
2026,100052,0.9898,
2026,100053,0.9955,
2026,100054,0.9864,
2026,100055,0.9901,
2026,100057,0.992,
2026,100062,0.993,
2026,100063,0.9955,
2026,100067,0.9992,
2026,100068,0.9992,
2026,100069,0.9958,
2026,100071,0.9922,
2026,100072,0.9979,
2026,100073,0.9952,
2026,100075,0.9937,
2026,100077,0.9842,
2026,100080,0.9917,
2026,100084,0.9985,
2026,100086,0.989,
2026,100087,0.9997,
2026,100088,0.9946,
2026,100090,0.9962,
2026,100092,0.9977,
2026,100093,0.9961,
2026,100099,0.9901,
2026,100105,0.9995,
2026,100107,0.996,
2026,100109,0.9984,
2026,100110,0.9937,
2026,100113,0.9966,
2026,100117,0.9996,
2026,100118,0.9972,
2026,100121,0.9966,
2026,100122,0.9986,
2026,100124,0.9944,
2026,100125,0.9997,
2026,100126,0.9903,
2026,100127,0.9946,
2026,100128,0.9961,
2026,100130,1.0,
2026,100131,0.9948,
2026,100132,1.0,
2026,100134,0.9995,
2026,100135,0.9986,
2026,100137,0.9899,
2026,100140,0.9979,
2026,100142,0.9946,
2026,100150,0.9987,
2026,100151,0.9986,
2026,100154,0.9964,
2026,100156,0.9844,
2026,100157,0.9904,
2026,100161,0.9956,
2026,100166,0.9929,
2026,100167,0.9962,
2026,100168,0.9956,
2026,100173,0.9957,
2026,100175,0.998,
2026,100176,0.9925,
2026,100177,0.9999,
2026,100179,0.9979,
2026,100180,0.9964,
2026,100181,0.9998,
2026,100183,0.9991,
2026,100187,0.9999,
2026,100189,0.9942,
2026,100191,0.9912,
2026,100200,0.9961,
2026,100204,0.998,
2026,100206,0.9957,
2026,100209,0.9966,
2026,100211,0.9966,
2026,100212,0.986,
2026,100213,0.9925,
2026,100217,0.9997,
2026,100220,0.9992,
2026,100223,0.9821,
2026,100224,0.9911,
2026,100226,0.9963,
2026,100228,0.9977,
2026,100230,0.9988,
2026,100231,0.9912,
2026,100232,0.9924,
2026,100236,0.9866,
2026,100238,0.9858,
2026,100242,0.9966,
2026,100243,0.9923,
2026,100244,0.9982,
2026,100246,0.9867,
2026,100248,0.9936,
2026,100249,0.9948,
2026,100252,0.9907,
2026,100253,0.988,
2026,100254,0.9923,
2026,100256,0.9847,
2026,100258,0.9968,
2026,100259,0.9895,
2026,100260,0.97,
2026,100264,0.9901,
2026,100265,0.9992,
2026,100266,0.9975,
2026,100267,0.9912,
2026,100268,0.996,
2026,100269,0.9921,
2026,100275,0.9931,
2026,100276,0.9901,
2026,100277,1.0,
2026,100281,0.9922,
2026,100284,0.9946,
2026,100285,0.999,
2026,100286,0.9935,
2026,100287,0.9862,
2026,100288,1.0,
2026,100289,0.9993,
2026,100290,0.9971,
2026,100291,0.9974,
2026,100292,0.9962,
2026,100296,0.9976,
2026,100298,1.0,
2026,100299,0.9965,
2026,100302,0.9948,
2026,100307,0.995,
2026,100313,0.994,
2026,100314,0.9977,
2026,100315,1.0,
2026,100316,1.0,
2026,100319,0.9965,
2026,100320,0.9869,
2026,100321,0.9927,
2026,100329,0.9966,
2026,100330,1.0,
2026,100350,0.997,
2026,100359,0.9995,
2026,100360,0.9998,
2026,100361,0.9952,
2026,100362,1.0,
2026,100363,0.9977,
2026,110001,0.9969,
2026,110002,0.9925,
2026,110003,0.9959,
2026,110005,0.9999,
2026,110006,0.9882,
2026,110007,0.9935,
2026,110008,0.9967,
2026,110010,0.9989,
2026,110011,0.9917,
2026,110015,0.9854,
2026,110016,0.997,
2026,110018,0.9973,
2026,110023,1.0,
2026,110024,1.0,
2026,110025,0.9918,
2026,110027,0.9973,
2026,110028,0.9965,
2026,110029,0.9981,
2026,110030,0.9968,
2026,110031,0.9961,
2026,110032,0.9978,
2026,110034,0.9975,
2026,110035,0.9969,
2026,110036,0.9916,
2026,110038,0.9991,
2026,110041,0.9976,
2026,110042,0.9895,
2026,110043,0.9981,
2026,110044,0.9944,
2026,110045,0.9989,
2026,110046,0.9975,
2026,110050,1.0,
2026,110051,0.9985,
2026,110054,0.9947,
2026,110064,0.998,
2026,110069,0.9922,
2026,110071,0.9996,
2026,110073,0.9995,
2026,110074,0.9969,
2026,110075,0.9977,
2026,110076,0.9965,
2026,110078,0.9976,
2026,110079,0.9983,
2026,110082,0.9923,
2026,110083,0.9973,
2026,110086,1.0,
2026,110087,0.9965,
2026,110089,0.9975,
2026,110091,0.9969,
2026,110092,1.0,
2026,110095,0.9967,
2026,110100,1.0,
2026,110101,1.0,
2026,110104,0.9923,
2026,110105,0.9881,
2026,110107,0.9973,
2026,110109,1.0,
2026,110111,0.9943,
2026,110113,1.0,
2026,110121,1.0,
2026,110122,0.9924,
2026,110124,0.9967,
2026,110125,0.9944,
2026,110128,0.9961,
2026,110129,0.9973,
2026,110132,0.9926,
2026,110142,1.0,
2026,110143,0.9997,
2026,110146,0.9993,
2026,110150,1.0,
2026,110153,0.9903,
2026,110161,0.9966,
2026,110164,0.996,
2026,110165,0.9971,
2026,110168,0.994,
2026,110177,0.9994,
2026,110184,0.9999,
2026,110191,0.9948,
2026,110192,0.9952,
2026,110194,1.0,
2026,110198,0.9995,
2026,110200,0.9996,
2026,110201,0.9963,
2026,110215,0.9943,
2026,110225,0.9979,
2026,110226,0.995,
2026,110229,0.9985,
2026,110230,0.9997,
2026,110233,1.0,
2026,110234,1.0,
2026,110236,0.9995,
2026,110237,0.9996,
2026,110252,0.9976,
2026,120001,0.9977,
2026,120002,0.9995,
2026,120005,0.9976,
2026,120006,0.9996,
2026,120007,0.9993,
2026,120011,0.9989,
2026,120014,0.9923,
2026,120019,0.999,
2026,120022,0.9987,
2026,120026,0.997,
2026,120028,1.0,
2026,130002,1.0,
2026,130003,1.0,
2026,130006,1.0,
2026,130007,0.9995,
2026,130013,0.9979,
2026,130014,1.0,
2026,130018,0.9988,
2026,130025,0.9993,
2026,130028,0.9979,
2026,130049,1.0,
2026,130065,1.0,
2026,130066,1.0,
2026,130071,0.9999,
2026,130074,1.0,
2026,140001,0.9988,
2026,140002,0.9862,
2026,140007,0.995,
2026,140008,0.9936,
2026,140010,0.9951,
2026,140011,0.9885,
2026,140012,0.9984,
2026,140013,1.0,
2026,140015,0.9994,
2026,140018,0.9993,
2026,140029,0.9983,
2026,140030,0.9932,
2026,140032,0.9956,
2026,140034,0.9903,
2026,140043,0.9889,
2026,140046,0.9973,
2026,140048,0.9955,
2026,140049,0.9965,
2026,140052,0.9997,
2026,140053,1.0,
2026,140054,0.995,
2026,140059,0.9957,
2026,140062,0.9867,
2026,140063,0.9978,
2026,140064,0.9955,
2026,140065,0.9963,
2026,140067,0.9955,
2026,140068,0.9995,
2026,140077,1.0,
2026,140080,0.9958,
2026,140082,0.9826,
2026,140083,0.9999,
2026,140084,0.9984,
2026,140088,0.9984,
2026,140089,0.9823,
2026,140091,0.9905,
2026,140093,0.9923,
2026,140095,0.9998,
2026,140100,1.0,
2026,140101,0.9929,
2026,140103,0.9968,
2026,140110,1.0,
2026,140113,0.9944,
2026,140114,0.999,
2026,140115,0.9999,
2026,140116,0.9938,
2026,140117,0.9986,
2026,140119,0.9993,
2026,140120,0.9997,
2026,140122,0.9999,
2026,140124,0.9991,
2026,140125,0.9999,
2026,140127,0.97,
2026,140130,0.9976,
2026,140133,0.9983,
2026,140135,1.0,
2026,140137,1.0,
2026,140145,0.9993,
2026,140148,0.998,
2026,140150,0.9988,
2026,140155,1.0,
2026,140158,0.9993,
2026,140160,0.9999,
2026,140161,0.9962,
2026,140162,0.9925,
2026,140164,0.9952,
2026,140166,0.9899,
2026,140172,0.9966,
2026,140174,0.9941,
2026,140177,0.9987,
2026,140179,0.9892,
2026,140180,0.997,
2026,140181,0.9984,
2026,140182,0.9973,
2026,140184,0.9941,
2026,140185,0.9965,
2026,140186,0.9995,
2026,140187,0.9984,
2026,140189,0.9875,
2026,140191,0.9902,
2026,140197,1.0,
2026,140200,0.9869,
2026,140202,0.9931,
2026,140206,0.9981,
2026,140208,0.991,
2026,140209,0.9949,
2026,140210,1.0,
2026,140211,0.9985,
2026,140213,0.9899,
2026,140217,0.9983,
2026,140223,0.995,
2026,140224,0.9999,
2026,140228,0.9895,
2026,140231,0.9922,
2026,140233,0.9866,
2026,140239,1.0,
2026,140242,0.9977,
2026,140251,0.9992,
2026,140252,0.9963,
2026,140258,0.995,
2026,140275,1.0,
2026,140276,0.9972,
2026,140280,0.9909,
2026,140281,0.9985,
2026,140286,0.9993,
2026,140288,0.9952,
2026,140289,0.9936,
2026,140290,0.9964,
2026,140291,0.9919,
2026,140292,0.9989,
2026,140294,0.9984,
2026,140300,1.0,
2026,140304,0.9991,
2026,140308,1.0,
2026,150001,0.9986,
2026,150002,0.9919,
2026,150005,0.9989,
2026,150006,0.9865,
2026,150007,1.0,
2026,150008,0.9988,
2026,150009,0.9996,
2026,150010,0.9963,
2026,150011,0.9972,
2026,150012,0.9975,
2026,150015,0.9901,
2026,150017,0.9988,
2026,150018,0.9968,
2026,150021,0.9979,
2026,150022,0.9958,
2026,150023,0.9893,
2026,150024,0.9983,
2026,150026,0.9989,
2026,150030,0.9949,
2026,150034,0.9954,
2026,150035,0.9943,
2026,150037,0.9974,
2026,150042,0.9905,
2026,150044,0.9966,
2026,150045,0.9951,
2026,150046,0.9881,
2026,150047,1.0,
2026,150048,0.995,
2026,150051,1.0,
2026,150056,0.9993,
2026,150057,0.9961,
2026,150058,0.9988,
2026,150059,0.995,
2026,150061,1.0,
2026,150065,1.0,
2026,150069,0.9985,
2026,150072,1.0,
2026,150074,0.992,
2026,150075,0.9992,
2026,150076,0.9999,
2026,150082,0.994,
2026,150084,0.9981,
2026,150086,0.9983,
2026,150088,0.9946,
2026,150089,0.9941,
2026,150090,0.9966,
2026,150091,0.9902,
2026,150097,0.9981,
2026,150100,0.9987,
2026,150101,0.9995,
2026,150102,0.9902,
2026,150104,0.9915,
2026,150109,0.9987,
2026,150112,0.9973,
2026,150113,0.9994,
2026,150115,0.9998,
2026,150125,0.9911,
2026,150126,0.9972,
2026,150128,0.9974,
2026,150133,0.9955,
2026,150146,0.9914,
2026,150150,0.9943,
2026,150153,1.0,
2026,150157,0.9993,
2026,150158,0.9971,
2026,150160,1.0,
2026,150161,0.9983,
2026,150162,0.9962,
2026,150165,0.9924,
2026,150166,1.0,
2026,150167,1.0,
2026,150168,1.0,
2026,150169,0.9988,
2026,150172,1.0,
2026,150173,0.9984,
2026,150177,1.0,
2026,150181,0.9995,
2026,150183,1.0,
2026,150193,1.0,
2026,160001,0.9976,
2026,160013,1.0,
2026,160016,1.0,
2026,160028,0.9987,
2026,160029,0.9945,
2026,160030,0.9989,
2026,160032,1.0,
2026,160033,0.9909,
2026,160040,1.0,
2026,160045,0.9956,
2026,160047,0.9994,
2026,160057,0.9982,
2026,160058,1.0,
2026,160064,0.9957,
2026,160067,1.0,
2026,160069,0.9987,
2026,160079,0.9986,
2026,160080,0.9993,
2026,160082,0.9972,
2026,160083,0.9974,
2026,160089,1.0,
2026,160101,1.0,
2026,160104,0.9962,
2026,160110,0.9971,
2026,160112,0.996,
2026,160117,0.9982,
2026,160124,0.9738,
2026,160146,1.0,
2026,160147,1.0,
2026,160153,0.9966,
2026,170006,0.9987,
2026,170009,0.996,
2026,170012,1.0,
2026,170013,0.9976,
2026,170014,0.9869,
2026,170016,0.9975,
2026,170017,0.9989,
2026,170020,0.9983,
2026,170023,0.9988,
2026,170027,1.0,
2026,170040,0.9991,
2026,170049,0.9995,
2026,170068,0.9842,
2026,170074,0.9931,
2026,170086,0.9989,
2026,170103,0.9975,
2026,170104,0.9967,
2026,170105,1.0,
2026,170109,1.0,
2026,170120,1.0,
2026,170122,0.9997,
2026,170123,1.0,
2026,170137,0.9991,
2026,170142,1.0,
2026,170146,0.9917,
2026,170175,0.9978,
2026,170176,0.9916,
2026,170182,0.9845,
2026,170183,1.0,
2026,170185,0.9977,
2026,170186,1.0,
2026,170187,1.0,
2026,170188,1.0,
2026,170190,1.0,
2026,170191,0.9997,
2026,170194,1.0,
2026,170196,1.0,
2026,170197,0.9952,
2026,170198,1.0,
2026,170199,1.0,
2026,170200,1.0,
2026,170203,0.9961,
2026,170204,1.0,
2026,170208,0.9964,
2026,180001,0.9921,
2026,180002,0.9978,
2026,180004,0.9978,
2026,180005,0.9961,
2026,180009,0.9946,
2026,180010,0.9942,
2026,180011,0.9947,
2026,180012,0.9908,
2026,180013,0.9959,
2026,180016,0.9997,
2026,180017,0.9961,
2026,180018,0.9905,
2026,180019,0.9999,
2026,180020,0.9946,
2026,180024,1.0,
2026,180025,0.9983,
2026,180027,0.9944,
2026,180029,0.9925,
2026,180035,0.9928,
2026,180038,0.9959,
2026,180040,0.9948,
2026,180043,0.997,
2026,180044,0.9913,
2026,180045,0.9967,
2026,180046,1.0,
2026,180048,0.9961,
2026,180049,0.9988,
2026,180050,0.9899,
2026,180051,0.9952,
2026,180056,0.9962,
2026,180064,0.9992,
2026,180066,0.998,
2026,180067,1.0,
2026,180069,0.9812,
2026,180070,0.9965,
2026,180078,0.9855,
2026,180079,0.9968,
2026,180080,1.0,
2026,180087,1.0,
2026,180088,0.9923,
2026,180092,0.9964,
2026,180093,0.9997,
2026,180101,0.9958,
2026,180102,0.9859,
2026,180103,0.9957,
2026,180104,0.9975,
2026,180105,0.9774,
2026,180115,0.9997,
2026,180116,0.9971,
2026,180124,0.9904,
2026,180127,0.9974,
2026,180128,0.9994,
2026,180130,0.9978,
2026,180132,0.9942,
2026,180138,0.9984,
2026,180141,0.9988,
2026,180143,0.98,
2026,180149,1.0,
2026,180154,0.9979,
2026,190002,0.9916,
2026,190004,0.9998,
2026,190005,1.0,
2026,190006,0.9956,
2026,190007,0.9977,
2026,190008,0.998,
2026,190011,1.0,
2026,190013,1.0,
2026,190014,0.9968,
2026,190015,0.9852,
2026,190017,0.9961,
2026,190019,0.9981,
2026,190020,0.9945,
2026,190025,1.0,
2026,190026,0.994,
2026,190027,0.9953,
2026,190034,1.0,
2026,190036,0.9982,
2026,190039,0.9977,
2026,190040,0.9831,
2026,190041,0.9931,
2026,190044,0.9993,
2026,190045,0.994,
2026,190046,0.9965,
2026,190050,0.9992,
2026,190053,0.993,
2026,190054,0.9991,
2026,190060,0.9976,
2026,190064,1.0,
2026,190065,0.9958,
2026,190079,1.0,
2026,190086,0.998,
2026,190088,0.9998,
2026,190090,0.9981,
2026,190098,0.9999,
2026,190099,0.9951,
2026,190102,0.9933,
2026,190106,1.0,
2026,190111,0.9931,
2026,190114,0.9962,
2026,190116,1.0,
2026,190118,1.0,
2026,190125,0.9998,
2026,190128,1.0,
2026,190133,1.0,
2026,190140,1.0,
2026,190144,0.9958,
2026,190145,0.9988,
2026,190151,1.0,
2026,190160,0.9861,
2026,190164,0.9878,
2026,190167,1.0,
2026,190176,0.9964,
2026,190183,0.9981,
2026,190184,0.9943,
2026,190190,0.9992,
2026,190201,1.0,
2026,190202,0.9983,
2026,190208,0.9885,
2026,190218,1.0,
2026,190241,1.0,
2026,190245,1.0,
2026,190251,1.0,
2026,190255,1.0,
2026,190256,0.977,
2026,190259,1.0,
2026,190267,1.0,
2026,190270,1.0,
2026,190274,0.9997,
2026,190278,0.9978,
2026,190298,0.97,
2026,190302,1.0,
2026,190303,1.0,
2026,190308,0.9986,
2026,190312,0.9995,
2026,190313,1.0,
2026,190316,0.9994,
2026,190317,1.0,
2026,190318,0.9996,
2026,200001,0.9863,
2026,200008,0.9992,
2026,200009,1.0,
2026,200018,1.0,
2026,200020,0.9972,
2026,200021,0.9997,
2026,200024,1.0,
2026,200031,0.9941,
2026,200033,1.0,
2026,200034,1.0,
2026,200039,1.0,
2026,200041,1.0,
2026,200050,0.9982,
2026,200052,1.0,
2026,200063,0.996,
2026,220001,0.9921,
2026,220002,0.9955,
2026,220008,0.9748,
2026,220010,0.9985,
2026,220011,1.0,
2026,220012,0.9844,
2026,220015,0.9907,
2026,220016,0.9979,
2026,220017,0.9999,
2026,220019,0.9876,
2026,220020,0.9981,
2026,220024,0.9925,
2026,220029,0.9777,
2026,220030,0.9936,
2026,220031,0.9995,
2026,220033,0.9972,
2026,220035,0.9957,
2026,220036,0.9802,
2026,220046,0.9993,
2026,220049,0.986,
2026,220052,0.9984,
2026,220060,0.9999,
2026,220063,0.9899,
2026,220065,0.9958,
2026,220066,0.9931,
2026,220070,0.9808,
2026,220071,1.0,
2026,220073,0.97,
2026,220074,1.0,
2026,220075,1.0,
2026,220077,0.9811,
2026,220080,0.9859,
2026,220083,0.9841,
2026,220084,0.9978,
2026,220086,0.9954,
2026,220088,1.0,
2026,220090,0.9703,
2026,220095,0.9948,
2026,220098,0.9982,
2026,220100,0.9848,
2026,220101,0.9958,
2026,220105,0.97,
2026,220108,0.9958,
2026,220110,0.9948,
2026,220111,0.9895,
2026,220116,0.9901,
2026,220119,1.0,
2026,220135,0.9913,
2026,220163,0.9981,
2026,220171,0.996,
2026,220175,0.9864,
2026,220176,0.9955,
2026,220177,0.9915,
2026,230002,0.9897,
2026,230003,0.9991,
2026,230005,1.0,
2026,230015,0.9977,
2026,230017,0.9999,
2026,230019,0.9992,
2026,230020,0.9912,
2026,230021,0.9985,
2026,230022,0.9939,
2026,230024,0.9981,
2026,230029,0.9943,
2026,230030,0.996,
2026,230031,0.9978,
2026,230035,0.9915,
2026,230036,0.9996,
2026,230037,0.9992,
2026,230038,0.9998,
2026,230041,0.9778,
2026,230046,0.9985,
2026,230047,0.9999,
2026,230053,0.9974,
2026,230054,0.9972,
2026,230055,0.9987,
2026,230058,1.0,
2026,230059,0.999,
2026,230066,0.9992,
2026,230069,1.0,
2026,230070,0.9934,
2026,230072,1.0,
2026,230075,0.9934,
2026,230077,0.9994,
2026,230078,1.0,
2026,230080,0.9942,
2026,230081,0.9997,
2026,230089,0.9911,
2026,230092,0.9968,
2026,230093,0.9956,
2026,230095,0.9981,
2026,230097,0.9994,
2026,230099,0.9885,
2026,230100,0.9947,
2026,230104,0.9974,
2026,230105,0.9989,
2026,230108,1.0,
2026,230110,0.9997,
2026,230117,0.9987,
2026,230121,0.9911,
2026,230130,0.9963,
2026,230132,0.9983,
2026,230133,0.9914,
2026,230141,0.9899,
2026,230142,0.9976,
2026,230146,0.9898,
2026,230151,0.9975,
2026,230156,0.9968,
2026,230165,0.9966,
2026,230167,0.996,
2026,230174,1.0,
2026,230176,0.9896,
2026,230180,0.994,
2026,230193,0.9984,
2026,230195,0.9956,
2026,230197,0.997,
2026,230207,0.9994,
2026,230208,0.9998,
2026,230216,0.9957,
2026,230217,0.9994,
2026,230222,0.9993,
2026,230227,0.9957,
2026,230230,1.0,
2026,230236,1.0,
2026,230239,0.992,
2026,230241,1.0,
2026,230244,0.9887,
2026,230254,0.9972,
2026,230259,0.9938,
2026,230264,1.0,
2026,230269,0.989,
2026,230270,0.9985,
2026,230273,0.9977,
2026,230277,0.9904,
2026,230297,1.0,
2026,230301,1.0,
2026,230302,0.9877,
2026,230303,0.9994,
2026,240001,0.9925,
2026,240002,0.9999,
2026,240004,0.9998,
2026,240006,0.9948,
2026,240010,1.0,
2026,240014,1.0,
2026,240018,0.9994,
2026,240019,1.0,
2026,240020,0.9988,
2026,240022,1.0,
2026,240030,0.9992,
2026,240036,0.9999,
2026,240038,0.9931,
2026,240040,1.0,
2026,240043,0.9981,
2026,240044,1.0,
2026,240047,1.0,
2026,240050,0.9968,
2026,240052,0.9876,
2026,240053,0.99,
2026,240056,0.9979,
2026,240057,1.0,
2026,240064,0.9996,
2026,240066,0.9983,
2026,240069,1.0,
2026,240071,0.9992,
2026,240075,0.9988,
2026,240076,1.0,
2026,240078,0.9992,
2026,240080,1.0,
2026,240084,0.9998,
2026,240088,0.9978,
2026,240093,1.0,
2026,240100,1.0,
2026,240101,0.9999,
2026,240104,0.9987,
2026,240106,0.9982,
2026,240115,0.9977,
2026,240141,0.9992,
2026,240166,1.0,
2026,240187,0.9997,
2026,240206,1.0,
2026,240207,0.9995,
2026,240210,0.9984,
2026,240213,0.9983,
2026,240214,1.0,
2026,250001,0.9977,
2026,250002,0.9998,
2026,250004,0.9987,
2026,250006,0.9997,
2026,250007,0.9939,
2026,250009,0.9874,
2026,250017,1.0,
2026,250018,1.0,
2026,250019,0.9939,
2026,250020,0.9983,
2026,250025,0.9952,
2026,250027,1.0,
2026,250031,0.9931,
2026,250034,0.9912,
2026,250036,0.9983,
2026,250038,0.9934,
2026,250040,0.9919,
2026,250042,1.0,
2026,250043,0.9997,
2026,250044,0.9996,
2026,250048,0.993,
2026,250049,1.0,
2026,250050,0.9984,
2026,250057,0.9996,
2026,250058,0.9844,
2026,250061,0.9969,
2026,250067,0.9996,
2026,250069,0.9999,
2026,250072,0.9993,
2026,250077,0.9961,
2026,250078,0.9944,
2026,250082,0.995,
2026,250084,0.9978,
2026,250085,0.9996,
2026,250093,0.9954,
2026,250094,0.9955,
2026,250095,1.0,
2026,250096,0.9969,
2026,250097,0.9947,
2026,250099,0.9979,
2026,250100,0.9999,
2026,250102,0.9932,
2026,250104,0.9939,
2026,250117,0.9903,
2026,250123,0.9948,
2026,250124,0.9999,
2026,250127,1.0,
2026,250134,1.0,
2026,250138,0.9936,
2026,250141,0.9923,
2026,250162,0.9941,
2026,250167,0.9996,
2026,250168,0.9951,
2026,250172,0.9984,
2026,260001,0.995,
2026,260005,0.9956,
2026,260006,0.9983,
2026,260009,0.9962,
2026,260011,0.9948,
2026,260017,0.9888,
2026,260020,0.9866,
2026,260022,0.9983,
2026,260023,0.9937,
2026,260024,0.9993,
2026,260025,0.983,
2026,260027,0.998,
2026,260032,0.9984,
2026,260034,0.9991,
2026,260040,0.9972,
2026,260048,1.0,
2026,260052,0.9989,
2026,260057,1.0,
2026,260059,1.0,
2026,260061,1.0,
2026,260062,1.0,
2026,260065,0.9972,
2026,260068,0.9974,
2026,260070,0.9964,
2026,260074,0.9967,
2026,260077,0.9932,
2026,260078,0.9999,
2026,260081,0.9963,
2026,260085,0.9942,
2026,260091,0.997,
2026,260094,0.9988,
2026,260095,0.9951,
2026,260096,0.9979,
2026,260097,0.9952,
2026,260102,0.9959,
2026,260104,1.0,
2026,260105,0.9976,
2026,260108,0.9967,
2026,260110,0.9949,
2026,260113,0.9997,
2026,260119,0.9989,
2026,260137,0.9998,
2026,260138,0.9998,
2026,260141,0.9983,
2026,260142,0.9967,
2026,260160,0.9997,
2026,260162,0.9982,
2026,260163,1.0,
2026,260175,0.9992,
2026,260176,0.9859,
2026,260177,0.9946,
2026,260179,0.9928,
2026,260180,0.9991,
2026,260183,0.9991,
2026,260186,0.9976,
2026,260190,0.9967,
2026,260191,0.9953,
2026,260193,0.9861,
2026,260195,0.9968,
2026,260200,1.0,
2026,260214,0.992,
2026,260216,0.9982,
2026,260219,1.0,
2026,270003,0.9994,
2026,270004,0.9986,
2026,270012,0.9995,
2026,270014,0.9986,
2026,270017,0.9971,
2026,270023,0.9987,
2026,270049,1.0,
2026,270051,1.0,
2026,270057,1.0,
2026,270074,1.0,
2026,270086,0.9967,
2026,280003,0.9988,
2026,280009,0.9959,
2026,280013,0.9989,
2026,280020,0.9994,
2026,280023,0.999,
2026,280032,1.0,
2026,280040,1.0,
2026,280060,1.0,
2026,280061,0.9966,
2026,280065,0.9944,
2026,280077,0.9972,
2026,280081,0.999,
2026,280105,1.0,
2026,280111,0.999,
2026,280125,0.9978,
2026,280127,1.0,
2026,280128,1.0,
2026,280129,1.0,
2026,280130,0.9994,
2026,280131,1.0,
2026,280132,0.9912,
2026,280134,0.998,
2026,280139,0.9956,
2026,290001,0.9997,
2026,290003,0.9963,
2026,290005,0.9973,
2026,290007,0.9965,
2026,290008,1.0,
2026,290009,0.9993,
2026,290012,1.0,
2026,290019,0.9969,
2026,290021,0.9971,
2026,290032,0.9966,
2026,290039,0.9934,
2026,290041,0.9889,
2026,290045,0.9925,
2026,290046,0.995,
2026,290047,0.9945,
2026,290049,0.9966,
2026,290053,0.9896,
2026,290054,0.9945,
2026,290057,0.994,
2026,290058,0.9943,
2026,300001,0.9971,
2026,300003,0.9998,
2026,300005,0.9995,
2026,300011,0.9995,
2026,300012,0.9952,
2026,300014,0.9961,
2026,300017,0.9961,
2026,300018,0.9925,
2026,300019,1.0,
2026,300020,0.998,
2026,300023,0.9988,
2026,300029,0.9945,
2026,300034,0.9955,
2026,310001,0.9985,
2026,310002,0.9937,
2026,310003,0.9939,
2026,310005,0.989,
2026,310006,0.9922,
2026,310008,0.9975,
2026,310009,0.9989,
2026,310010,0.9912,
2026,310011,0.9941,
2026,310012,0.9988,
2026,310014,0.9928,
2026,310015,1.0,
2026,310016,0.9986,
2026,310017,1.0,
2026,310019,0.9926,
2026,310022,0.9833,
2026,310024,0.9942,
2026,310025,0.991,
2026,310027,0.9952,
2026,310028,0.9992,
2026,310029,0.9964,
2026,310031,0.9892,
2026,310032,0.9857,
2026,310034,0.9939,
2026,310038,0.9786,
2026,310039,0.9944,
2026,310040,0.9948,
2026,310041,0.9799,
2026,310044,0.9954,
2026,310045,0.9948,
2026,310047,0.997,
2026,310048,0.9854,
2026,310050,0.9876,
2026,310051,1.0,
2026,310052,0.9979,
2026,310054,0.9958,
2026,310057,0.9991,
2026,310058,0.9981,
2026,310060,0.9897,
2026,310061,0.9966,
2026,310064,0.9955,
2026,310069,0.9913,
2026,310070,0.9949,
2026,310073,0.9987,
2026,310074,0.9968,
2026,310075,0.997,
2026,310076,0.9959,
2026,310083,0.9876,
2026,310084,0.9793,
2026,310086,0.9857,
2026,310092,1.0,
2026,310096,0.9985,
2026,310108,0.9975,
2026,310110,0.987,
2026,310111,0.9894,
2026,310112,0.9938,
2026,310113,0.9979,
2026,310115,0.9902,
2026,310118,0.9952,
2026,310119,0.9995,
2026,310130,1.0,
2026,320001,1.0,
2026,320002,1.0,
2026,320004,0.9995,
2026,320005,0.999,
2026,320006,0.9956,
2026,320009,0.9967,
2026,320011,1.0,
2026,320017,0.9995,
2026,320018,0.9961,
2026,320021,0.9997,
2026,320022,0.9996,
2026,320030,0.9869,
2026,320033,0.997,
2026,320059,0.9992,
2026,320060,1.0,
2026,320061,0.9994,
2026,320062,1.0,
2026,320063,0.9988,
2026,320065,1.0,
2026,320074,1.0,
2026,320084,1.0,
2026,320085,0.9931,
2026,320086,1.0,
2026,320090,1.0,
2026,320091,0.9938,
2026,330005,0.9953,
2026,330006,0.9989,
2026,330009,0.9964,
2026,330011,0.9931,
2026,330013,0.9999,
2026,330014,0.9953,
2026,330019,0.983,
2026,330023,0.993,
2026,330024,0.9996,
2026,330027,0.9952,
2026,330028,0.9887,
2026,330030,0.9897,
2026,330033,1.0,
2026,330043,0.9964,
2026,330044,0.9991,
2026,330045,0.9945,
2026,330046,0.9929,
2026,330047,0.9995,
2026,330049,0.9981,
2026,330055,1.0,
2026,330056,0.9957,
2026,330057,0.9899,
2026,330058,0.9939,
2026,330059,0.9974,
2026,330065,0.998,
2026,330073,0.9953,
2026,330074,0.9925,
2026,330078,0.9974,
2026,330079,0.9991,
2026,330080,1.0,
2026,330085,0.9954,
2026,330086,1.0,
2026,330090,0.9968,
2026,330094,0.9978,
2026,330096,1.0,
2026,330101,1.0,
2026,330102,0.9971,
2026,330103,0.9983,
2026,330104,0.9856,
2026,330106,0.9964,
2026,330107,0.9962,
2026,330111,0.9994,
2026,330115,0.9933,
2026,330119,0.9999,
2026,330125,0.9956,
2026,330126,0.9927,
2026,330127,0.9987,
2026,330128,0.9999,
2026,330135,0.9929,
2026,330136,1.0,
2026,330140,0.9785,
2026,330141,0.9983,
2026,330144,1.0,
2026,330151,0.9939,
2026,330153,0.9979,
2026,330157,0.9988,
2026,330158,0.9869,
2026,330160,0.9983,
2026,330162,0.9965,
2026,330164,0.997,
2026,330166,1.0,
2026,330169,0.9932,
2026,330175,0.9942,
2026,330180,1.0,
2026,330181,0.9998,
2026,330182,0.9956,
2026,330184,0.9966,
2026,330185,0.9999,
2026,330188,0.9924,
2026,330191,0.9991,
2026,330193,0.9998,
2026,330194,0.9811,
2026,330195,0.9965,
2026,330196,0.9847,
2026,330197,0.9967,
2026,330198,0.9864,
2026,330199,1.0,
2026,330202,0.9993,
2026,330203,0.9941,
2026,330204,0.9992,
2026,330205,0.9994,
2026,330208,0.994,
2026,330211,1.0,
2026,330214,1.0,
2026,330215,0.9987,
2026,330218,0.9917,
2026,330219,0.9994,
2026,330221,1.0,
2026,330222,0.9972,
2026,330224,0.9977,
2026,330226,0.9863,
2026,330229,0.9996,
2026,330231,0.9966,
2026,330233,0.9983,
2026,330234,0.9986,
2026,330235,0.9871,
2026,330238,0.9995,
2026,330239,0.999,
2026,330240,0.9979,
2026,330241,0.9993,
2026,330246,1.0,
2026,330250,0.9963,
2026,330259,1.0,
2026,330261,1.0,
2026,330264,0.9932,
2026,330265,0.9976,
2026,330267,1.0,
2026,330270,1.0,
2026,330273,0.9996,
2026,330276,0.999,
2026,330277,0.9948,
2026,330279,0.9948,
2026,330285,1.0,
2026,330286,0.9992,
2026,330304,0.9983,
2026,330307,1.0,
2026,330331,0.9992,
2026,330332,0.9979,
2026,330350,0.9967,
2026,330386,0.9995,
2026,330393,0.9968,
2026,330394,0.9988,
2026,330395,0.9805,
2026,330396,0.9992,
2026,330399,0.9993,
2026,330401,1.0,
2026,330411,1.0,
2026,340001,0.9983,
2026,340002,1.0,
2026,340003,1.0,
2026,340004,0.9973,
2026,340008,0.9966,
2026,340010,1.0,
2026,340013,0.9991,
2026,340014,0.9998,
2026,340015,1.0,
2026,340016,1.0,
2026,340017,0.9998,
2026,340020,0.9945,
2026,340021,0.9978,
2026,340023,1.0,
2026,340024,0.9901,
2026,340027,0.9983,
2026,340028,0.9943,
2026,340030,0.9999,
2026,340032,0.9915,
2026,340039,0.999,
2026,340040,0.9933,
2026,340041,0.9939,
2026,340042,0.9909,
2026,340047,0.9981,
2026,340049,0.9871,
2026,340050,0.9958,
2026,340051,0.9951,
2026,340053,1.0,
2026,340060,0.9971,
2026,340061,0.9992,
2026,340064,0.9981,
2026,340068,0.9928,
2026,340069,0.9997,
2026,340070,0.9932,
2026,340071,0.9978,
2026,340075,1.0,
2026,340084,0.9997,
2026,340085,1.0,
2026,340087,0.9961,
2026,340090,0.9966,
2026,340091,0.9988,
2026,340096,0.9972,
2026,340097,0.9908,
2026,340098,0.9942,
2026,340099,0.9957,
2026,340107,0.9943,
2026,340109,0.9974,
2026,340113,1.0,
2026,340114,0.9988,
2026,340115,0.9942,
2026,340116,0.9924,
2026,340119,0.9989,
2026,340120,0.9954,
2026,340123,1.0,
2026,340126,0.991,
2026,340127,0.998,
2026,340129,0.9885,
2026,340130,0.996,
2026,340131,0.9974,
2026,340132,0.9965,
2026,340141,0.9994,
2026,340142,0.989,
2026,340143,0.9998,
2026,340145,0.9967,
2026,340147,0.9957,
2026,340151,0.9954,
2026,340155,0.9979,
2026,340156,1.0,
2026,340158,0.9987,
2026,340159,0.9947,
2026,340166,0.9995,
2026,340171,0.9967,
2026,340173,0.9996,
2026,340183,0.9982,
2026,340184,0.9995,
2026,340188,0.9938,
2026,340190,1.0,
2026,340195,1.0,
2026,350002,0.9999,
2026,350006,0.9995,
2026,350011,0.9997,
2026,350015,0.9986,
2026,350019,1.0,
2026,350063,0.9973,
2026,350070,0.9985,
2026,360001,0.9945,
2026,360002,0.9963,
2026,360003,0.9984,
2026,360006,0.9991,
2026,360008,0.997,
2026,360009,0.9903,
2026,360010,0.9979,
2026,360011,0.9958,
2026,360012,0.9981,
2026,360013,0.9985,
2026,360014,0.996,
2026,360016,0.9952,
2026,360017,0.9977,
2026,360020,0.9947,
2026,360025,0.9989,
2026,360026,0.9984,
2026,360027,0.9996,
2026,360029,0.9862,
2026,360032,1.0,
2026,360035,0.9955,
2026,360036,0.9989,
2026,360039,0.9998,
2026,360040,0.9978,
2026,360041,0.9883,
2026,360046,0.9914,
2026,360048,0.998,
2026,360051,0.9941,
2026,360054,1.0,
2026,360055,0.9939,
2026,360056,0.9954,
2026,360058,0.9997,
2026,360059,0.996,
2026,360064,0.9948,
2026,360065,0.9926,
2026,360066,0.9995,
2026,360068,0.9998,
2026,360070,0.9939,
2026,360071,0.9995,
2026,360072,0.9879,
2026,360075,0.9974,
2026,360076,0.995,
2026,360077,0.9959,
2026,360078,0.9928,
2026,360079,0.9932,
2026,360080,0.9888,
2026,360082,0.9956,
2026,360084,0.9996,
2026,360085,0.999,
2026,360086,0.9969,
2026,360087,0.9981,
2026,360089,0.9942,
2026,360091,0.9998,
2026,360092,1.0,
2026,360095,0.9975,
2026,360096,0.9876,
2026,360098,0.9923,
2026,360107,0.9951,
2026,360109,0.999,
2026,360112,0.9882,
2026,360118,0.9957,
2026,360121,0.9974,
2026,360123,0.997,
2026,360125,0.9885,
2026,360131,1.0,
2026,360132,0.9981,
2026,360133,0.9918,
2026,360134,0.9983,
2026,360137,0.9987,
2026,360143,0.9927,
2026,360144,0.9952,
2026,360145,0.9902,
2026,360147,0.996,
2026,360148,1.0,
2026,360150,0.9978,
2026,360152,0.9969,
2026,360155,0.9864,
2026,360156,0.9987,
2026,360159,0.9963,
2026,360161,0.9987,
2026,360163,0.9982,
2026,360170,0.9947,
2026,360172,0.9953,
2026,360174,0.995,
2026,360175,0.9949,
2026,360179,0.9932,
2026,360180,0.9984,
2026,360185,1.0,
2026,360189,0.9967,
2026,360197,1.0,
2026,360203,1.0,
2026,360210,0.9999,
2026,360211,0.9921,
2026,360218,0.9939,
2026,360230,0.9991,
2026,360234,0.9935,
2026,360236,0.9974,
2026,360239,0.9942,
2026,360259,0.9951,
2026,360263,1.0,
2026,360266,1.0,
2026,360270,0.9992,
2026,360276,0.9908,
2026,360348,1.0,
2026,360351,1.0,
2026,360352,1.0,
2026,360354,0.99,
2026,360355,1.0,
2026,360358,1.0,
2026,360359,0.9896,
2026,360360,0.9874,
2026,360361,1.0,
2026,360364,0.9971,
2026,360365,0.9989,
2026,360367,1.0,
2026,360368,1.0,
2026,360374,1.0,
2026,370001,1.0,
2026,370002,1.0,
2026,370004,1.0,
2026,370006,0.9999,
2026,370008,0.9952,
2026,370013,0.999,
2026,370014,0.9717,
2026,370015,0.9997,
2026,370016,1.0,
2026,370018,0.9974,
2026,370019,0.9761,
2026,370020,0.9929,
2026,370022,0.9998,
2026,370023,0.9971,
2026,370025,0.9897,
2026,370026,0.9996,
2026,370028,0.9975,
2026,370034,0.998,
2026,370037,1.0,
2026,370039,1.0,
2026,370047,0.9953,
2026,370049,0.9955,
2026,370054,1.0,
2026,370056,0.9856,
2026,370057,1.0,
2026,370078,0.9964,
2026,370083,0.9987,
2026,370089,0.9933,
2026,370091,0.9996,
2026,370093,0.9996,
2026,370094,0.9881,
2026,370097,0.9968,
2026,370099,1.0,
2026,370100,0.9976,
2026,370106,0.9989,
2026,370112,1.0,
2026,370113,0.9997,
2026,370114,0.9993,
2026,370149,0.9979,
2026,370158,0.9975,
2026,370166,0.9996,
2026,370170,1.0,
2026,370171,0.9979,
2026,370172,1.0,
2026,370173,1.0,
2026,370178,1.0,
2026,370180,0.9997,
2026,370183,0.9971,
2026,370201,1.0,
2026,370202,0.9979,
2026,370203,0.9985,
2026,370210,1.0,
2026,370211,0.9991,
2026,370212,0.9738,
2026,370214,1.0,
2026,370215,0.9938,
2026,370216,0.9979,
2026,370218,0.9907,
2026,370220,0.9912,
2026,370222,1.0,
2026,370225,1.0,
2026,370227,1.0,
2026,370228,0.9997,
2026,370234,1.0,
2026,370235,0.999,
2026,370236,0.998,
2026,370237,0.9893,
2026,370240,0.9978,
2026,370243,1.0,
2026,370244,1.0,
2026,370245,1.0,
2026,380001,1.0,
2026,380002,1.0,
2026,380004,0.9996,
2026,380005,1.0,
2026,380007,0.9996,
2026,380009,0.9992,
2026,380014,0.9992,
2026,380017,0.9992,
2026,380018,1.0,
2026,380020,0.9988,
2026,380021,0.9995,
2026,380022,1.0,
2026,380025,1.0,
2026,380027,1.0,
2026,380029,0.9996,
2026,380037,1.0,
2026,380038,0.9973,
2026,380047,1.0,
2026,380050,0.9988,
2026,380051,1.0,
2026,380052,0.9993,
2026,380056,1.0,
2026,380060,1.0,
2026,380061,1.0,
2026,380071,0.9988,
2026,380075,0.9976,
2026,380082,0.9996,
2026,380089,0.9962,
2026,380090,0.9957,
2026,380091,1.0,
2026,380102,1.0,
2026,380103,0.9998,
2026,390001,0.9951,
2026,390002,0.9998,
2026,390003,0.9992,
2026,390004,0.996,
2026,390006,0.9958,
2026,390009,0.9997,
2026,390012,0.995,
2026,390013,0.9992,
2026,390016,0.9968,
2026,390026,0.9952,
2026,390027,0.9965,
2026,390028,0.9997,
2026,390030,0.9988,
2026,390032,0.9985,
2026,390035,0.9964,
2026,390036,0.9981,
2026,390037,0.9963,
2026,390039,0.9992,
2026,390041,0.997,
2026,390042,0.9979,
2026,390044,0.9937,
2026,390045,0.998,
2026,390046,0.9978,
2026,390048,0.9996,
2026,390049,0.9935,
2026,390050,0.9979,
2026,390056,0.9968,
2026,390057,0.9975,
2026,390058,0.9973,
2026,390062,1.0,
2026,390063,0.9952,
2026,390065,1.0,
2026,390066,1.0,
2026,390067,0.9939,
2026,390068,0.9968,
2026,390070,0.9979,
2026,390073,0.9999,
2026,390079,0.999,
2026,390086,1.0,
2026,390090,0.9997,
2026,390091,0.991,
2026,390093,0.9994,
2026,390096,0.9954,
2026,390097,0.9925,
2026,390100,0.9963,
2026,390101,0.9954,
2026,390102,0.9779,
2026,390107,0.9969,
2026,390110,0.9929,
2026,390111,0.9988,
2026,390112,0.9861,
2026,390113,0.9998,
2026,390114,0.9896,
2026,390115,0.9847,
2026,390116,0.9997,
2026,390117,0.9987,
2026,390123,0.9978,
2026,390125,0.9967,
2026,390127,0.9837,
2026,390133,0.9897,
2026,390137,0.9978,
2026,390138,0.9983,
2026,390139,0.9889,
2026,390142,0.9986,
2026,390145,0.9787,
2026,390146,0.9944,
2026,390147,0.9963,
2026,390150,1.0,
2026,390151,0.9987,
2026,390153,0.9998,
2026,390156,0.9946,
2026,390160,0.9981,
2026,390162,0.9996,
2026,390163,0.9942,
2026,390164,0.9967,
2026,390168,0.9972,
2026,390173,0.9963,
2026,390174,0.9917,
2026,390178,0.9967,
2026,390179,0.9978,
2026,390180,0.9993,
2026,390183,0.9931,
2026,390184,1.0,
2026,390185,1.0,
2026,390195,0.9972,
2026,390198,0.9992,
2026,390199,0.9995,
2026,390201,0.9916,
2026,390203,0.9885,
2026,390204,0.9997,
2026,390211,0.9979,
2026,390217,0.9989,
2026,390219,0.9999,
2026,390222,0.9868,
2026,390223,0.9996,
2026,390225,0.9999,
2026,390226,0.9995,
2026,390228,0.9938,
2026,390231,0.9904,
2026,390233,0.9978,
2026,390237,0.9939,
2026,390256,0.9985,
2026,390258,0.9868,
2026,390265,0.9916,
2026,390266,0.9991,
2026,390267,0.9942,
2026,390268,0.9984,
2026,390270,0.9971,
2026,390304,1.0,
2026,390307,1.0,
2026,390316,0.97,
2026,390322,1.0,
2026,390323,1.0,
2026,390324,1.0,
2026,390325,1.0,
2026,390326,0.9989,
2026,390327,1.0,
2026,390328,0.9972,
2026,390329,0.9944,
2026,390330,0.991,
2026,390332,0.9955,
2026,390333,0.9994,
2026,390334,0.999,
2026,390335,0.9953,
2026,390336,0.9972,
2026,390337,0.9969,
2026,390338,0.9998,
2026,390339,0.999,
2026,410004,1.0,
2026,410005,0.9958,
2026,410006,1.0,
2026,410007,0.9987,
2026,410008,0.9903,
2026,410009,0.9945,
2026,410010,1.0,
2026,410011,0.9877,
2026,410012,0.9976,
2026,410013,1.0,
2026,420002,0.9936,
2026,420004,0.9962,
2026,420005,0.9923,
2026,420007,0.9969,
2026,420009,0.9918,
2026,420010,0.9901,
2026,420011,1.0,
2026,420015,0.9994,
2026,420018,0.9988,
2026,420019,1.0,
2026,420020,0.9949,
2026,420023,0.9995,
2026,420026,0.999,
2026,420027,0.9995,
2026,420030,0.9956,
2026,420033,1.0,
2026,420036,0.9991,
2026,420037,1.0,
2026,420038,0.997,
2026,420043,0.998,
2026,420048,0.9991,
2026,420049,0.992,
2026,420051,0.9853,
2026,420053,0.9993,
2026,420055,0.9992,
2026,420065,0.9995,
2026,420067,0.9946,
2026,420070,0.9977,
2026,420071,0.9968,
2026,420072,1.0,
2026,420073,0.9935,
2026,420078,0.9942,
2026,420079,0.9968,
2026,420080,0.9898,
2026,420082,0.9996,
2026,420085,0.9943,
2026,420086,0.9974,
2026,420087,0.9987,
2026,420089,0.9959,
2026,420091,0.9935,
2026,420098,0.9988,
2026,420101,1.0,
2026,420102,1.0,
2026,420103,0.9992,
2026,420104,0.9967,
2026,420105,0.9965,
2026,420106,0.9998,
2026,420107,0.9859,
2026,420108,1.0,
2026,420109,0.9996,
2026,420110,0.9988,
2026,420117,1.0,
2026,430005,0.9997,
2026,430008,0.9993,
2026,430012,0.998,
2026,430014,0.9962,
2026,430015,0.9997,
2026,430016,0.9986,
2026,430027,0.9996,
2026,430048,0.9995,
2026,430077,0.9965,
2026,430084,1.0,
2026,430089,0.9967,
2026,430090,0.97,
2026,430091,1.0,
2026,430095,1.0,
2026,430097,0.9999,
2026,430098,0.9994,
2026,440002,0.9986,
2026,440003,0.9988,
2026,440006,0.997,
2026,440007,0.9969,
2026,440008,1.0,
2026,440009,0.9977,
2026,440011,0.9968,
2026,440012,0.989,
2026,440015,0.9988,
2026,440016,0.991,
2026,440017,0.9996,
2026,440018,0.977,
2026,440020,1.0,
2026,440029,1.0,
2026,440030,0.9897,
2026,440031,0.9921,
2026,440032,1.0,
2026,440033,1.0,
2026,440034,0.9948,
2026,440035,0.9867,
2026,440039,1.0,
2026,440046,0.9989,
2026,440048,0.9918,
2026,440049,0.9993,
2026,440050,0.9892,
2026,440053,0.9989,
2026,440056,0.996,
2026,440057,0.9949,
2026,440058,0.9996,
2026,440059,0.9832,
2026,440060,1.0,
2026,440061,0.9995,
2026,440063,0.9932,
2026,440065,0.9882,
2026,440068,1.0,
2026,440072,0.9971,
2026,440073,0.9938,
2026,440081,0.9999,
2026,440082,0.9976,
2026,440084,0.9892,
2026,440091,0.9951,
2026,440102,0.9991,
2026,440104,1.0,
2026,440109,0.9973,
2026,440110,0.9957,
2026,440111,1.0,
2026,440120,0.9863,
2026,440125,0.9921,
2026,440130,1.0,
2026,440131,0.9959,
2026,440132,0.9991,
2026,440137,0.9997,
2026,440144,0.9978,
2026,440148,1.0,
2026,440150,0.9965,
2026,440151,0.9977,
2026,440152,1.0,
2026,440153,1.0,
2026,440156,0.997,
2026,440161,0.9981,
2026,440173,0.9868,
2026,440175,0.9995,
2026,440176,0.9912,
2026,440183,0.9909,
2026,440184,0.9991,
2026,440185,0.9933,
2026,440187,0.9894,
2026,440192,0.9982,
2026,440193,0.9966,
2026,440194,0.9973,
2026,440197,0.9989,
2026,440200,0.9972,
2026,440218,1.0,
2026,440227,0.9947,
2026,440228,0.9951,
2026,440238,1.0,
2026,450002,0.999,
2026,450007,0.9994,
2026,450010,0.9937,
2026,450011,0.9967,
2026,450015,0.9989,
2026,450018,0.9908,
2026,450021,0.9986,
2026,450023,0.9895,
2026,450024,0.9989,
2026,450028,1.0,
2026,450029,0.9996,
2026,450032,0.9908,
2026,450033,0.9917,
2026,450034,0.9934,
2026,450035,1.0,
2026,450039,1.0,
2026,450040,0.9999,
2026,450042,0.9974,
2026,450044,0.9976,
2026,450046,0.9974,
2026,450051,0.9998,
2026,450054,0.9988,
2026,450055,0.9987,
2026,450056,0.9957,
2026,450058,0.9993,
2026,450064,0.9978,
2026,450068,0.9991,
2026,450072,0.9928,
2026,450079,0.992,
2026,450080,0.9996,
2026,450082,0.9957,
2026,450083,0.9899,
2026,450087,0.9939,
2026,450090,1.0,
2026,450092,0.9992,
2026,450097,0.9982,
2026,450101,0.9993,
2026,450102,1.0,
2026,450104,0.9845,
2026,450107,0.9937,
2026,450108,1.0,
2026,450119,0.9956,
2026,450124,1.0,
2026,450128,0.9996,
2026,450132,1.0,
2026,450133,0.9961,
2026,450135,0.9997,
2026,450137,0.9968,
2026,450143,1.0,
2026,450144,1.0,
2026,450147,0.9969,
2026,450148,0.9993,
2026,450152,0.9911,
2026,450154,0.9981,
2026,450155,1.0,
2026,450162,1.0,
2026,450163,0.9988,
2026,450165,0.9989,
2026,450176,0.9958,
2026,450184,0.9951,
2026,450193,1.0,
2026,450194,0.998,
2026,450196,0.9962,
2026,450200,0.9961,
2026,450203,0.9906,
2026,450209,0.9989,
2026,450210,0.9974,
2026,450211,0.9948,
2026,450213,0.9995,
2026,450222,0.9906,
2026,450229,0.9985,
2026,450231,0.9952,
2026,450235,1.0,
2026,450236,1.0,
2026,450237,0.9948,
2026,450241,0.9991,
2026,450253,1.0,
2026,450271,0.9902,
2026,450272,0.996,
2026,450289,0.9995,
2026,450292,0.9993,
2026,450324,0.9867,
2026,450330,0.9981,
2026,450346,0.9957,
2026,450347,0.9951,
2026,450351,0.9981,
2026,450352,0.9932,
2026,450358,1.0,
2026,450369,1.0,
2026,450370,0.9984,
2026,450372,0.9942,
2026,450379,0.9977,
2026,450388,0.9968,
2026,450389,0.9907,
2026,450395,0.9971,
2026,450399,1.0,
2026,450400,0.9946,
2026,450403,0.988,
2026,450411,1.0,
2026,450419,1.0,
2026,450422,0.999,
2026,450424,0.9998,
2026,450431,0.9962,
2026,450447,0.9879,
2026,450451,0.9978,
2026,450460,1.0,
2026,450462,1.0,
2026,450465,1.0,
2026,450469,0.9967,
2026,450475,1.0,
2026,450484,0.9958,
2026,450489,1.0,
2026,450498,0.9992,
2026,450508,0.991,
2026,450518,0.9943,
2026,450537,1.0,
2026,450539,0.9991,
2026,450563,0.9987,
2026,450565,1.0,
2026,450571,0.9974,
2026,450573,0.9993,
2026,450584,0.9997,
2026,450587,0.9851,
2026,450596,0.9978,
2026,450597,1.0,
2026,450604,0.9995,
2026,450610,0.9997,
2026,450617,0.9938,
2026,450634,0.992,
2026,450638,0.9972,
2026,450639,0.9873,
2026,450641,0.9979,
2026,450643,0.9955,
2026,450644,0.9996,
2026,450647,0.998,
2026,450651,0.9991,
2026,450653,0.9955,
2026,450654,0.996,
2026,450656,0.9961,
2026,450658,1.0,
2026,450659,0.997,
2026,450661,1.0,
2026,450662,0.9958,
2026,450668,0.9916,
2026,450669,0.996,
2026,450670,0.9891,
2026,450672,0.9917,
2026,450675,0.9907,
2026,450677,0.9965,
2026,450678,0.9938,
2026,450684,0.9962,
2026,450686,0.9961,
2026,450688,0.9973,
2026,450690,1.0,
2026,450694,0.9953,
2026,450698,1.0,
2026,450702,0.9931,
2026,450709,0.9957,
2026,450711,0.9996,
2026,450713,0.9976,
2026,450718,0.9983,
2026,450723,0.9981,
2026,450730,0.9983,
2026,450742,0.9906,
2026,450743,0.997,
2026,450747,0.9959,
2026,450755,1.0,
2026,450771,0.9946,
2026,450774,0.9948,
2026,450775,0.9951,
2026,450779,0.999,
2026,450788,0.9936,
2026,450801,0.9953,
2026,450804,1.0,
2026,450808,1.0,
2026,450809,0.9923,
2026,450820,0.9952,
2026,450822,0.995,
2026,450825,1.0,
2026,450827,1.0,
2026,450828,1.0,
2026,450831,1.0,
2026,450833,0.9966,
2026,450834,1.0,
2026,450840,0.9997,
2026,450844,0.9915,
2026,450847,0.9996,
2026,450848,0.9948,
2026,450851,0.9944,
2026,450853,0.9959,
2026,450855,0.9988,
2026,450856,1.0,
2026,450860,1.0,
2026,450862,0.9966,
2026,450864,1.0,
2026,450865,1.0,
2026,450867,0.9965,
2026,450869,0.9982,
2026,450872,1.0,
2026,450874,0.9773,
2026,450875,0.9808,
2026,450876,0.9849,
2026,450880,1.0,
2026,450883,1.0,
2026,450885,0.9989,
2026,450888,0.97,
2026,450889,1.0,
2026,450890,0.9981,
2026,450891,1.0,
2026,450893,0.9963,
2026,460001,0.9997,
2026,460003,0.9905,
2026,460004,1.0,
2026,460005,0.9984,
2026,460006,1.0,
2026,460007,1.0,
2026,460009,0.9988,
2026,460010,1.0,
2026,460011,0.97,
2026,460013,0.9909,
2026,460014,0.9982,
2026,460015,0.9989,
2026,460017,1.0,
2026,460019,0.9998,
2026,460021,0.9995,
2026,460023,0.9988,
2026,460026,1.0,
2026,460030,1.0,
2026,460039,1.0,
2026,460041,0.9991,
2026,460042,0.9984,
2026,460044,1.0,
2026,460047,0.9968,
2026,460051,1.0,
2026,460052,0.9991,
2026,460054,1.0,
2026,460057,0.9999,
2026,460058,1.0,
2026,460060,0.9982,
2026,460061,1.0,
2026,460062,1.0,
2026,470001,0.9906,
2026,470003,0.9997,
2026,470005,0.9985,
2026,470011,1.0,
2026,470012,0.9988,
2026,470024,0.9999,
2026,490002,0.9934,
2026,490004,0.9982,
2026,490005,0.9965,
2026,490007,0.9998,
2026,490009,0.9994,
2026,490013,0.9995,
2026,490017,0.9947,
2026,490018,1.0,
2026,490019,0.9937,
2026,490020,0.9977,
2026,490021,0.9992,
2026,490022,0.9805,
2026,490023,0.9945,
2026,490024,0.9999,
2026,490032,0.9983,
2026,490033,0.9968,
2026,490037,0.9986,
2026,490038,1.0,
2026,490040,1.0,
2026,490041,0.9899,
2026,490042,0.9993,
2026,490043,1.0,
2026,490044,0.9978,
2026,490045,0.9956,
2026,490046,0.9929,
2026,490048,0.9894,
2026,490050,0.9972,
2026,490052,0.9997,
2026,490053,0.9978,
2026,490057,0.9955,
2026,490059,1.0,
2026,490060,0.9985,
2026,490063,0.9986,
2026,490066,0.9962,
2026,490067,0.9877,
2026,490069,0.9982,
2026,490075,0.9962,
2026,490077,1.0,
2026,490084,0.9966,
2026,490088,0.9976,
2026,490089,1.0,
2026,490090,1.0,
2026,490092,0.9904,
2026,490093,0.9946,
2026,490094,1.0,
2026,490097,1.0,
2026,490098,0.9999,
2026,490101,0.9945,
2026,490104,1.0,
2026,490107,0.9977,
2026,490110,0.9934,
2026,490111,1.0,
2026,490112,0.9976,
2026,490113,0.9901,
2026,490114,0.9959,
2026,490115,0.9955,
2026,490116,0.9991,
2026,490117,0.9978,
2026,490118,0.9925,
2026,490119,0.996,
2026,490120,0.9997,
2026,490122,0.9948,
2026,490126,1.0,
2026,490127,1.0,
2026,490130,1.0,
2026,490136,0.996,
2026,490140,0.9921,
2026,490141,0.9883,
2026,490143,0.9996,
2026,490144,0.9934,
2026,490145,0.9965,
2026,500002,1.0,
2026,500003,0.9974,
2026,500005,0.9995,
2026,500007,0.9991,
2026,500008,0.9991,
2026,500011,0.9995,
2026,500014,1.0,
2026,500015,0.9988,
2026,500016,0.9998,
2026,500019,0.9983,
2026,500021,1.0,
2026,500024,0.996,
2026,500025,0.9999,
2026,500026,0.9986,
2026,500027,1.0,
2026,500030,1.0,
2026,500031,0.999,
2026,500033,0.9998,
2026,500036,0.9998,
2026,500037,1.0,
2026,500039,0.9998,
2026,500041,1.0,
2026,500044,0.999,
2026,500050,0.9979,
2026,500051,0.9955,
2026,500052,1.0,
2026,500053,0.9968,
2026,500054,1.0,
2026,500058,1.0,
2026,500060,1.0,
2026,500064,1.0,
2026,500072,0.9988,
2026,500077,1.0,
2026,500079,0.9989,
2026,500084,1.0,
2026,500088,0.9998,
2026,500108,0.9998,
2026,500119,1.0,
2026,500124,1.0,
2026,500129,0.9953,
2026,500139,0.9917,
2026,500141,0.9994,
2026,500150,0.9964,
2026,500151,0.9999,
2026,500152,0.9999,
2026,500154,1.0,
2026,510001,0.9993,
2026,510002,0.9997,
2026,510006,0.9933,
2026,510007,0.9979,
2026,510008,0.9982,
2026,510012,0.9941,
2026,510013,0.995,
2026,510022,0.9876,
2026,510023,0.9972,
2026,510024,0.9951,
2026,510029,0.9928,
2026,510030,1.0,
2026,510038,0.9941,
2026,510046,0.9986,
2026,510048,1.0,
2026,510050,0.99,
2026,510055,0.9994,
2026,510058,0.9881,
2026,510062,0.9934,
2026,510070,0.9923,
2026,510072,0.9969,
2026,510086,1.0,
2026,510091,1.0,
2026,510093,1.0,
2026,520002,1.0,
2026,520004,1.0,
2026,520008,0.9989,
2026,520009,0.9989,
2026,520011,0.993,
2026,520019,1.0,
2026,520021,0.9961,
2026,520028,0.9991,
2026,520030,1.0,
2026,520033,0.9991,
2026,520034,0.9998,
2026,520035,0.9953,
2026,520037,0.9943,
2026,520038,0.9992,
2026,520041,1.0,
2026,520044,0.9992,
2026,520045,0.9999,
2026,520049,0.9999,
2026,520051,0.9976,
2026,520057,1.0,
2026,520059,0.9999,
2026,520062,0.9928,
2026,520063,0.9972,
2026,520066,0.9946,
2026,520070,0.9985,
2026,520071,1.0,
2026,520075,1.0,
2026,520076,0.9995,
2026,520078,0.9991,
2026,520083,0.9998,
2026,520087,1.0,
2026,520088,0.9982,
2026,520089,0.9969,
2026,520091,1.0,
2026,520095,1.0,
2026,520096,0.9961,
2026,520097,1.0,
2026,520098,0.9987,
2026,520100,0.9973,
2026,520102,0.9997,
2026,520103,0.9918,
2026,520107,0.998,
2026,520109,1.0,
2026,520113,0.988,
2026,520116,0.9912,
2026,520136,0.9985,
2026,520138,0.9979,
2026,520139,0.9968,
2026,520160,1.0,
2026,520177,0.997,
2026,520189,1.0,
2026,520193,0.997,
2026,520194,1.0,
2026,520196,1.0,
2026,520198,0.9998,
2026,520202,0.9973,
2026,520205,0.97,
2026,520206,0.9985,
2026,520207,0.9926,
2026,520208,0.9992,
2026,520210,1.0,
2026,520212,1.0,
2026,520213,1.0,
2026,520214,1.0,
2026,520215,1.0,
2026,530002,0.9995,
2026,530006,0.9976,
2026,530008,1.0,
2026,530012,0.9998,
2026,530014,0.994,
2026,530015,0.9993,
2026,530025,0.9998,
2026,530034,0.9979,
2026,670005,1.0,
2026,670006,0.9964,
2026,670008,1.0,
2026,670023,0.9986,
2026,670025,1.0,
2026,670031,0.9984,
2026,670034,0.9953,
2026,670041,0.9993,
2026,670043,0.9862,
2026,670044,0.9992,
2026,670047,0.9952,
2026,670049,1.0,
2026,670053,0.999,
2026,670054,0.9957,
2026,670055,0.9972,
2026,670056,0.9977,
2026,670059,1.0,
2026,670060,0.9948,
2026,670062,1.0,
2026,670067,1.0,
2026,670068,1.0,
2026,670069,0.97,
2026,670071,1.0,
2026,670073,0.9968,
2026,670075,0.9991,
2026,670076,0.97,
2026,670077,0.9974,
2026,670078,1.0,
2026,670080,0.9918,
2026,670082,0.9969,
2026,670085,0.9997,
2026,670088,0.9961,
2026,670090,1.0,
2026,670098,0.9924,
2026,670102,1.0,
2026,670103,0.9991,
2026,670106,0.9972,
2026,670107,1.0,
2026,670108,0.9981,
2026,670109,1.0,
2026,670112,1.0,
2026,670115,1.0,
2026,670120,0.992,
2026,670121,1.0,
2026,670122,0.9979,
2026,670124,1.0,
2026,670128,0.9982,
2026,670131,1.0,
2026,670132,1.0,
2026,670134,0.9984,
2026,670135,1.0,
2026,670136,0.9989,
2026,670260,0.9985,
2026,670265,1.0,
2026,670266,1.0,
2026,670267,1.0,
2026,670285,1.0,
2026,670300,1.0,
2026,670309,0.9993,
2026,670314,1.0,
2026,670320,1.0,
2026,670321,1.0,
2026,670322,1.0,
